cart_id,customer_id,product_id,cart_date,cart_status,quantity
CART000001,CUST00207,PROD0066,2024-11-22 11:10:00,Abandoned,1
CART000002,CUST00488,PROD0066,2025-02-28 14:27:00,Abandoned,1
CART000003,CUST00408,PROD0116,2025-08-19 16:11:00,Abandoned,1
CART000004,CUST00095,PROD0066,2025-04-19 16:46:00,Active,1
CART000005,CUST00384,PROD0024,2025-01-20 11:12:00,Purchased,3
CART000006,CUST00046,PROD0029,2025-04-07 10:33:00,Purchased,1
CART000007,CUST00323,PROD0118,2025-08-23 13:00:00,Purchased,2
CART000008,CUST00332,PROD0063,2024-10-06 06:08:00,Abandoned,2
CART000009,CUST00282,PROD0144,2024-11-26 18:36:00,Purchased,1
CART000010,CUST00148,PROD0041,2025-05-16 12:13:00,Purchased,2
CART000011,CUST00037,PROD0119,2025-06-29 13:01:00,Purchased,1
CART000012,CUST00244,PROD0066,2025-07-05 12:16:00,Abandoned,1
CART000013,CUST00428,PROD0141,2025-06-04 20:28:00,Purchased,3
CART000014,CUST00370,PROD0011,2024-09-08 09:42:00,Abandoned,1
CART000015,CUST00090,PROD0024,2024-12-18 20:23:00,Purchased,1
CART000016,CUST00222,PROD0168,2025-04-26 20:54:00,Abandoned,3
CART000017,CUST00108,PROD0116,2024-10-21 10:49:00,Abandoned,1
CART000018,CUST00267,PROD0013,2024-09-25 17:48:00,Abandoned,2
CART000019,CUST00382,PROD0119,2024-10-08 13:57:00,Active,1
CART000020,CUST00044,PROD0182,2025-06-27 07:11:00,Abandoned,1
CART000021,CUST00077,PROD0119,2024-09-24 17:13:00,Purchased,3
CART000022,CUST00371,PROD0064,2024-06-03 08:57:00,Purchased,2
CART000023,CUST00197,PROD0121,2024-10-13 13:47:00,Abandoned,1
CART000024,CUST00331,PROD0095,2024-09-26 23:49:00,Abandoned,1
CART000025,CUST00279,PROD0133,2024-10-12 21:10:00,Abandoned,2
CART000026,CUST00086,PROD0066,2025-04-24 06:13:00,Abandoned,1
CART000027,CUST00129,PROD0031,2024-06-19 10:02:00,Purchased,2
CART000028,CUST00029,PROD0031,2024-09-28 23:18:00,Abandoned,1
CART000029,CUST00391,PROD0061,2025-01-05 08:51:00,Abandoned,1
CART000030,CUST00218,PROD0047,2024-09-12 06:05:00,Abandoned,1
CART000031,CUST00375,PROD0134,2024-11-17 11:10:00,Abandoned,1
CART000032,CUST00132,PROD0112,2025-06-27 10:18:00,Purchased,3
CART000033,CUST00310,PROD0066,2025-03-24 17:03:00,Abandoned,1
CART000034,CUST00301,PROD0060,2024-10-07 19:58:00,Abandoned,1
CART000035,CUST00195,PROD0119,2025-05-20 23:29:00,Active,2
CART000036,CUST00497,PROD0028,2024-12-14 09:53:00,Abandoned,1
CART000037,CUST00396,PROD0063,2024-06-30 21:20:00,Abandoned,1
CART000038,CUST00494,PROD0169,2024-11-11 19:06:00,Abandoned,2
CART000039,CUST00015,PROD0066,2025-04-13 11:59:00,Abandoned,1
CART000040,CUST00095,PROD0166,2025-02-05 07:24:00,Abandoned,3
CART000041,CUST00055,PROD0068,2024-10-19 23:14:00,Abandoned,2
CART000042,CUST00121,PROD0067,2024-08-01 20:09:00,Active,2
CART000043,CUST00113,PROD0024,2024-11-22 21:40:00,Purchased,1
CART000044,CUST00084,PROD0031,2025-07-09 16:32:00,Purchased,1
CART000045,CUST00044,PROD0060,2025-08-03 11:09:00,Abandoned,1
CART000046,CUST00404,PROD0166,2024-11-07 07:51:00,Abandoned,1
CART000047,CUST00332,PROD0131,2025-05-15 16:24:00,Abandoned,2
CART000048,CUST00128,PROD0128,2024-07-28 23:18:00,Active,1
CART000049,CUST00294,PROD0041,2024-07-03 14:58:00,Abandoned,1
CART000050,CUST00195,PROD0166,2025-01-01 10:15:00,Abandoned,2
CART000051,CUST00081,PROD0031,2024-09-29 13:40:00,Purchased,1
CART000052,CUST00261,PROD0166,2024-11-20 20:36:00,Active,1
CART000053,CUST00003,PROD0011,2024-07-07 08:50:00,Purchased,1
CART000054,CUST00230,PROD0047,2025-01-25 09:08:00,Purchased,1
CART000055,CUST00038,PROD0121,2025-05-07 08:03:00,Purchased,1
CART000056,CUST00340,PROD0048,2025-05-01 22:29:00,Abandoned,2
CART000057,CUST00207,PROD0060,2024-11-12 07:15:00,Active,1
CART000058,CUST00002,PROD0121,2024-06-19 17:44:00,Abandoned,1
CART000059,CUST00354,PROD0128,2024-07-02 19:51:00,Active,1
CART000060,CUST00465,PROD0024,2024-11-17 07:42:00,Purchased,2
CART000061,CUST00329,PROD0052,2024-08-13 20:54:00,Purchased,2
CART000062,CUST00484,PROD0135,2025-08-09 21:18:00,Active,1
CART000063,CUST00464,PROD0128,2025-07-14 07:51:00,Abandoned,1
CART000064,CUST00403,PROD0047,2024-06-12 13:38:00,Purchased,1
CART000065,CUST00144,PROD0018,2025-08-20 17:06:00,Abandoned,1
CART000066,CUST00451,PROD0200,2024-11-10 14:44:00,Abandoned,1
CART000067,CUST00086,PROD0112,2025-01-31 11:38:00,Abandoned,1
CART000068,CUST00175,PROD0046,2024-11-24 09:31:00,Purchased,1
CART000069,CUST00433,PROD0020,2024-11-07 11:11:00,Purchased,1
CART000070,CUST00382,PROD0066,2024-07-19 21:24:00,Active,1
CART000071,CUST00456,PROD0172,2024-10-02 14:15:00,Purchased,2
CART000072,CUST00014,PROD0031,2024-12-17 23:29:00,Purchased,1
CART000073,CUST00395,PROD0173,2024-06-02 11:01:00,Abandoned,1
CART000074,CUST00204,PROD0119,2025-07-17 15:09:00,Purchased,2
CART000075,CUST00309,PROD0063,2025-05-17 09:24:00,Purchased,1
CART000076,CUST00487,PROD0002,2025-01-16 18:43:00,Abandoned,1
CART000077,CUST00189,PROD0121,2025-03-22 14:37:00,Abandoned,2
CART000078,CUST00287,PROD0063,2025-07-06 18:54:00,Purchased,2
CART000079,CUST00073,PROD0165,2025-08-15 12:47:00,Active,1
CART000080,CUST00132,PROD0119,2024-10-28 06:44:00,Abandoned,1
CART000081,CUST00260,PROD0173,2025-02-06 12:12:00,Abandoned,1
CART000082,CUST00355,PROD0066,2024-10-09 15:19:00,Abandoned,1
CART000083,CUST00007,PROD0190,2025-01-01 06:19:00,Abandoned,2
CART000084,CUST00122,PROD0135,2025-01-15 22:31:00,Abandoned,1
CART000085,CUST00492,PROD0112,2025-03-02 16:00:00,Abandoned,1
CART000086,CUST00138,PROD0166,2025-05-03 20:01:00,Purchased,1
CART000087,CUST00451,PROD0111,2025-01-15 06:55:00,Abandoned,1
CART000088,CUST00301,PROD0066,2024-11-09 18:49:00,Abandoned,3
CART000089,CUST00049,PROD0031,2024-06-19 17:04:00,Abandoned,1
CART000090,CUST00182,PROD0029,2025-01-08 16:12:00,Active,1
CART000091,CUST00370,PROD0192,2025-02-07 20:31:00,Abandoned,1
CART000092,CUST00037,PROD0139,2025-02-26 11:25:00,Abandoned,1
CART000093,CUST00121,PROD0135,2025-01-14 12:10:00,Abandoned,1
CART000094,CUST00101,PROD0121,2025-05-10 16:26:00,Purchased,2
CART000095,CUST00363,PROD0119,2025-03-12 14:11:00,Abandoned,1
CART000096,CUST00108,PROD0166,2025-01-01 21:30:00,Abandoned,1
CART000097,CUST00495,PROD0193,2025-01-23 11:10:00,Abandoned,1
CART000098,CUST00180,PROD0174,2024-10-13 10:01:00,Abandoned,3
CART000099,CUST00035,PROD0119,2024-12-24 08:56:00,Abandoned,1
CART000100,CUST00478,PROD0119,2024-09-23 17:34:00,Purchased,1
CART000101,CUST00354,PROD0066,2025-07-02 10:51:00,Abandoned,1
CART000102,CUST00126,PROD0035,2024-07-15 10:01:00,Abandoned,1
CART000103,CUST00500,PROD0029,2024-09-13 17:36:00,Active,1
CART000104,CUST00300,PROD0135,2025-04-28 11:09:00,Abandoned,1
CART000105,CUST00321,PROD0121,2024-12-25 15:07:00,Purchased,1
CART000106,CUST00394,PROD0066,2024-09-23 16:59:00,Active,1
CART000107,CUST00204,PROD0050,2025-01-31 19:13:00,Purchased,2
CART000108,CUST00287,PROD0095,2025-05-25 10:37:00,Abandoned,2
CART000109,CUST00167,PROD0119,2025-04-15 16:48:00,Active,1
CART000110,CUST00167,PROD0031,2025-08-24 18:14:00,Abandoned,1
CART000111,CUST00079,PROD0105,2025-06-26 13:29:00,Active,1
CART000112,CUST00379,PROD0128,2025-02-19 10:41:00,Abandoned,2
CART000113,CUST00007,PROD0173,2025-06-10 11:52:00,Abandoned,3
CART000114,CUST00392,PROD0166,2024-09-07 15:42:00,Active,1
CART000115,CUST00143,PROD0031,2025-04-15 11:02:00,Abandoned,1
CART000116,CUST00021,PROD0138,2025-07-13 18:04:00,Abandoned,2
CART000117,CUST00408,PROD0119,2025-07-05 14:39:00,Abandoned,1
CART000118,CUST00495,PROD0031,2025-06-01 06:41:00,Active,1
CART000119,CUST00279,PROD0133,2025-06-15 23:21:00,Purchased,2
CART000120,CUST00082,PROD0047,2024-06-07 12:13:00,Active,1
CART000121,CUST00126,PROD0132,2024-12-06 09:14:00,Abandoned,2
CART000122,CUST00230,PROD0118,2024-07-18 23:48:00,Purchased,2
CART000123,CUST00372,PROD0066,2024-10-24 07:17:00,Abandoned,1
CART000124,CUST00400,PROD0135,2025-02-01 23:54:00,Purchased,1
CART000125,CUST00080,PROD0021,2024-06-20 11:04:00,Abandoned,1
CART000126,CUST00044,PROD0118,2024-11-01 08:11:00,Purchased,1
CART000127,CUST00287,PROD0124,2025-02-24 09:53:00,Purchased,1
CART000128,CUST00398,PROD0172,2024-10-21 08:23:00,Active,1
CART000129,CUST00450,PROD0173,2024-06-22 15:32:00,Abandoned,1
CART000130,CUST00404,PROD0066,2025-07-17 09:45:00,Abandoned,1
CART000131,CUST00431,PROD0024,2024-10-05 23:09:00,Abandoned,3
CART000132,CUST00110,PROD0031,2025-06-22 23:26:00,Abandoned,1
CART000133,CUST00044,PROD0066,2025-02-17 21:25:00,Abandoned,2
CART000134,CUST00443,PROD0116,2024-11-11 06:06:00,Active,1
CART000135,CUST00423,PROD0132,2025-07-13 09:33:00,Abandoned,3
CART000136,CUST00138,PROD0116,2025-02-15 14:35:00,Abandoned,1
CART000137,CUST00021,PROD0166,2025-01-02 07:24:00,Abandoned,1
CART000138,CUST00267,PROD0135,2024-08-03 15:48:00,Purchased,1
CART000139,CUST00221,PROD0168,2024-12-26 06:02:00,Abandoned,3
CART000140,CUST00159,PROD0185,2025-06-30 11:36:00,Abandoned,1
CART000141,CUST00160,PROD0068,2025-05-11 21:28:00,Abandoned,1
CART000142,CUST00185,PROD0121,2025-04-17 22:30:00,Abandoned,1
CART000143,CUST00038,PROD0029,2024-09-24 16:33:00,Abandoned,1
CART000144,CUST00396,PROD0066,2024-06-08 18:40:00,Abandoned,1
CART000145,CUST00498,PROD0066,2025-08-08 15:55:00,Abandoned,1
CART000146,CUST00081,PROD0132,2024-12-17 15:49:00,Active,2
CART000147,CUST00432,PROD0063,2025-03-17 09:38:00,Abandoned,1
CART000148,CUST00431,PROD0087,2024-06-23 10:13:00,Abandoned,1
CART000149,CUST00486,PROD0004,2024-09-29 11:07:00,Abandoned,1
CART000150,CUST00378,PROD0066,2024-09-28 10:45:00,Abandoned,1
CART000151,CUST00018,PROD0047,2024-11-15 10:11:00,Purchased,1
CART000152,CUST00154,PROD0031,2024-11-02 12:11:00,Purchased,2
CART000153,CUST00191,PROD0119,2024-08-14 15:44:00,Purchased,1
CART000154,CUST00443,PROD0066,2024-10-30 07:18:00,Purchased,2
CART000155,CUST00349,PROD0135,2025-03-17 14:34:00,Purchased,1
CART000156,CUST00485,PROD0172,2024-09-27 09:18:00,Active,2
CART000157,CUST00189,PROD0128,2024-08-15 21:32:00,Abandoned,1
CART000158,CUST00052,PROD0116,2024-10-01 09:05:00,Abandoned,1
CART000159,CUST00329,PROD0166,2024-08-15 20:09:00,Active,2
CART000160,CUST00176,PROD0166,2024-12-23 19:37:00,Abandoned,2
CART000161,CUST00326,PROD0112,2024-10-20 14:36:00,Active,3
CART000162,CUST00395,PROD0072,2024-08-16 22:06:00,Abandoned,2
CART000163,CUST00495,PROD0064,2025-07-17 11:32:00,Active,1
CART000164,CUST00480,PROD0135,2024-10-29 12:07:00,Active,1
CART000165,CUST00315,PROD0119,2025-07-19 23:01:00,Purchased,2
CART000166,CUST00256,PROD0173,2025-01-25 13:56:00,Abandoned,2
CART000167,CUST00418,PROD0173,2024-06-30 19:26:00,Purchased,1
CART000168,CUST00220,PROD0112,2024-11-29 11:45:00,Purchased,2
CART000169,CUST00144,PROD0096,2024-09-05 07:00:00,Abandoned,1
CART000170,CUST00323,PROD0031,2024-08-28 12:47:00,Purchased,1
CART000171,CUST00018,PROD0031,2025-06-25 23:21:00,Purchased,2
CART000172,CUST00155,PROD0066,2025-07-26 23:25:00,Purchased,1
CART000173,CUST00279,PROD0119,2025-05-20 09:00:00,Abandoned,3
CART000174,CUST00161,PROD0088,2025-03-10 07:20:00,Purchased,3
CART000175,CUST00448,PROD0128,2025-06-22 14:15:00,Abandoned,1
CART000176,CUST00172,PROD0004,2024-08-22 13:35:00,Active,1
CART000177,CUST00446,PROD0121,2025-03-06 06:59:00,Abandoned,1
CART000178,CUST00328,PROD0095,2025-02-27 23:44:00,Purchased,1
CART000179,CUST00279,PROD0084,2025-01-11 19:53:00,Abandoned,1
CART000180,CUST00180,PROD0068,2025-04-19 11:42:00,Active,2
CART000181,CUST00455,PROD0121,2024-10-20 07:03:00,Abandoned,2
CART000182,CUST00239,PROD0047,2025-04-26 18:34:00,Active,1
CART000183,CUST00084,PROD0135,2025-05-09 19:10:00,Abandoned,2
CART000184,CUST00136,PROD0166,2025-04-11 19:59:00,Abandoned,2
CART000185,CUST00351,PROD0119,2024-07-18 13:11:00,Abandoned,2
CART000186,CUST00341,PROD0066,2025-04-19 12:56:00,Abandoned,1
CART000187,CUST00269,PROD0068,2024-07-21 18:43:00,Purchased,1
CART000188,CUST00379,PROD0064,2024-06-01 12:52:00,Abandoned,3
CART000189,CUST00101,PROD0121,2025-07-22 19:57:00,Active,1
CART000190,CUST00395,PROD0192,2025-06-23 08:32:00,Abandoned,1
CART000191,CUST00165,PROD0108,2025-06-15 09:56:00,Abandoned,2
CART000192,CUST00423,PROD0119,2024-12-06 23:58:00,Active,1
CART000193,CUST00002,PROD0135,2024-10-10 18:11:00,Abandoned,1
CART000194,CUST00422,PROD0023,2025-07-22 20:06:00,Abandoned,1
CART000195,CUST00472,PROD0095,2024-07-14 19:35:00,Abandoned,1
CART000196,CUST00449,PROD0088,2025-03-23 09:00:00,Purchased,3
CART000197,CUST00113,PROD0161,2024-10-15 12:09:00,Abandoned,1
CART000198,CUST00132,PROD0094,2024-06-02 22:50:00,Purchased,1
CART000199,CUST00208,PROD0121,2025-02-18 12:57:00,Purchased,1
CART000200,CUST00136,PROD0178,2024-11-10 10:06:00,Active,1
CART000201,CUST00267,PROD0135,2024-06-06 23:54:00,Abandoned,1
CART000202,CUST00408,PROD0112,2024-11-15 13:22:00,Purchased,3
CART000203,CUST00038,PROD0119,2024-10-28 20:47:00,Abandoned,1
CART000204,CUST00103,PROD0121,2024-06-13 08:33:00,Abandoned,1
CART000205,CUST00485,PROD0148,2024-10-29 16:45:00,Active,1
CART000206,CUST00218,PROD0076,2025-08-15 06:25:00,Abandoned,3
CART000207,CUST00189,PROD0035,2025-07-15 21:24:00,Purchased,2
CART000208,CUST00244,PROD0068,2024-11-26 07:27:00,Active,2
CART000209,CUST00087,PROD0152,2024-06-08 17:52:00,Abandoned,3
CART000210,CUST00240,PROD0052,2024-06-02 11:00:00,Abandoned,1
CART000211,CUST00117,PROD0121,2024-10-11 23:33:00,Purchased,1
CART000212,CUST00243,PROD0119,2024-11-27 14:15:00,Active,1
CART000213,CUST00285,PROD0114,2024-07-28 08:39:00,Purchased,1
CART000214,CUST00059,PROD0128,2024-12-30 20:38:00,Abandoned,1
CART000215,CUST00395,PROD0066,2025-01-15 19:07:00,Abandoned,1
CART000216,CUST00367,PROD0130,2025-05-29 22:44:00,Purchased,2
CART000217,CUST00372,PROD0166,2024-10-29 17:37:00,Abandoned,1
CART000218,CUST00476,PROD0172,2025-01-07 23:41:00,Abandoned,1
CART000219,CUST00435,PROD0066,2024-08-08 23:44:00,Abandoned,1
CART000220,CUST00018,PROD0070,2025-06-01 17:42:00,Abandoned,1
CART000221,CUST00466,PROD0183,2025-06-04 11:47:00,Active,3
CART000222,CUST00251,PROD0119,2025-06-13 06:45:00,Active,1
CART000223,CUST00189,PROD0119,2025-03-02 10:44:00,Abandoned,2
CART000224,CUST00329,PROD0135,2025-03-12 18:23:00,Active,1
CART000225,CUST00055,PROD0142,2024-06-14 18:34:00,Abandoned,3
CART000226,CUST00409,PROD0128,2025-08-11 11:39:00,Abandoned,1
CART000227,CUST00022,PROD0118,2024-10-10 09:08:00,Abandoned,1
CART000228,CUST00217,PROD0137,2024-12-18 20:13:00,Abandoned,1
CART000229,CUST00138,PROD0116,2024-10-02 22:37:00,Abandoned,1
CART000230,CUST00372,PROD0066,2024-06-23 11:21:00,Abandoned,1
CART000231,CUST00310,PROD0156,2025-08-09 13:38:00,Abandoned,2
CART000232,CUST00199,PROD0066,2024-07-26 19:40:00,Abandoned,1
CART000233,CUST00244,PROD0128,2024-09-27 06:48:00,Abandoned,1
CART000234,CUST00136,PROD0150,2024-08-18 15:56:00,Purchased,1
CART000235,CUST00021,PROD0118,2024-06-28 06:28:00,Abandoned,1
CART000236,CUST00049,PROD0066,2024-10-28 21:09:00,Active,2
CART000237,CUST00108,PROD0027,2025-01-30 19:27:00,Abandoned,1
CART000238,CUST00136,PROD0119,2025-05-13 15:04:00,Active,1
CART000239,CUST00249,PROD0035,2024-06-11 20:36:00,Abandoned,3
CART000240,CUST00138,PROD0064,2025-08-16 18:31:00,Purchased,2
CART000241,CUST00282,PROD0130,2025-04-03 23:00:00,Abandoned,2
CART000242,CUST00027,PROD0083,2024-10-15 20:19:00,Active,1
CART000243,CUST00190,PROD0119,2024-08-23 21:16:00,Abandoned,1
CART000244,CUST00311,PROD0119,2025-06-27 17:43:00,Abandoned,2
CART000245,CUST00489,PROD0119,2025-03-27 15:25:00,Abandoned,2
CART000246,CUST00417,PROD0132,2024-12-17 08:32:00,Purchased,1
CART000247,CUST00441,PROD0139,2025-06-14 22:54:00,Abandoned,1
CART000248,CUST00143,PROD0084,2025-06-14 09:26:00,Abandoned,2
CART000249,CUST00133,PROD0128,2024-07-04 13:18:00,Abandoned,1
CART000250,CUST00230,PROD0135,2025-07-07 22:40:00,Abandoned,1
CART000251,CUST00249,PROD0121,2024-10-24 12:25:00,Active,3
CART000252,CUST00441,PROD0066,2024-12-21 23:51:00,Abandoned,1
CART000253,CUST00246,PROD0128,2024-07-07 09:24:00,Abandoned,2
CART000254,CUST00287,PROD0196,2024-06-11 23:01:00,Abandoned,2
CART000255,CUST00391,PROD0031,2024-10-26 15:20:00,Purchased,2
CART000256,CUST00247,PROD0078,2025-07-13 11:42:00,Abandoned,1
CART000257,CUST00223,PROD0121,2025-02-01 22:51:00,Abandoned,1
CART000258,CUST00272,PROD0131,2025-01-22 06:20:00,Purchased,1
CART000259,CUST00121,PROD0165,2024-11-26 09:53:00,Purchased,3
CART000260,CUST00012,PROD0071,2024-08-24 11:25:00,Purchased,1
CART000261,CUST00116,PROD0133,2025-07-03 20:02:00,Abandoned,1
CART000262,CUST00073,PROD0166,2024-11-02 18:18:00,Abandoned,1
CART000263,CUST00105,PROD0084,2024-09-24 07:01:00,Abandoned,1
CART000264,CUST00239,PROD0144,2024-10-20 11:17:00,Abandoned,1
CART000265,CUST00123,PROD0173,2024-12-27 14:22:00,Abandoned,1
CART000266,CUST00129,PROD0026,2024-06-12 09:49:00,Purchased,1
CART000267,CUST00150,PROD0183,2024-08-18 06:35:00,Abandoned,2
CART000268,CUST00143,PROD0051,2025-08-13 23:12:00,Active,2
CART000269,CUST00305,PROD0130,2025-08-26 07:21:00,Abandoned,1
CART000270,CUST00045,PROD0024,2025-03-08 15:42:00,Abandoned,1
CART000271,CUST00370,PROD0031,2025-07-30 23:15:00,Abandoned,1
CART000272,CUST00320,PROD0011,2025-08-08 21:16:00,Active,1
CART000273,CUST00272,PROD0176,2025-07-23 09:35:00,Abandoned,1
CART000274,CUST00466,PROD0133,2024-06-09 19:55:00,Abandoned,1
CART000275,CUST00190,PROD0119,2025-03-29 06:09:00,Abandoned,1
CART000276,CUST00416,PROD0166,2025-02-16 17:58:00,Purchased,3
CART000277,CUST00400,PROD0051,2025-05-26 07:00:00,Purchased,3
CART000278,CUST00055,PROD0192,2024-06-11 07:43:00,Abandoned,1
CART000279,CUST00382,PROD0145,2025-04-18 18:48:00,Active,1
CART000280,CUST00321,PROD0130,2024-12-14 18:06:00,Abandoned,1
CART000281,CUST00423,PROD0066,2024-12-28 17:41:00,Purchased,1
CART000282,CUST00340,PROD0047,2024-12-08 06:58:00,Abandoned,1
CART000283,CUST00012,PROD0110,2024-11-20 18:18:00,Purchased,1
CART000284,CUST00101,PROD0178,2024-06-02 23:16:00,Active,2
CART000285,CUST00363,PROD0047,2024-12-04 12:52:00,Abandoned,3
CART000286,CUST00315,PROD0031,2024-11-29 23:42:00,Abandoned,1
CART000287,CUST00396,PROD0172,2024-07-06 19:28:00,Abandoned,1
CART000288,CUST00138,PROD0200,2025-01-12 07:32:00,Active,2
CART000289,CUST00199,PROD0132,2024-10-13 21:58:00,Active,2
CART000290,CUST00213,PROD0150,2024-10-04 06:41:00,Purchased,1
CART000291,CUST00189,PROD0011,2024-11-16 22:30:00,Purchased,1
CART000292,CUST00066,PROD0047,2024-12-01 19:56:00,Abandoned,1
CART000293,CUST00206,PROD0095,2024-07-31 07:01:00,Purchased,1
CART000294,CUST00425,PROD0042,2025-03-07 12:27:00,Abandoned,1
CART000295,CUST00491,PROD0024,2025-06-11 09:03:00,Purchased,1
CART000296,CUST00004,PROD0063,2024-11-15 14:58:00,Abandoned,1
CART000297,CUST00162,PROD0172,2024-11-02 15:16:00,Purchased,1
CART000298,CUST00375,PROD0146,2024-07-07 07:25:00,Abandoned,2
CART000299,CUST00228,PROD0031,2024-10-06 14:42:00,Abandoned,1
CART000300,CUST00162,PROD0063,2024-11-08 19:35:00,Abandoned,1
CART000301,CUST00357,PROD0119,2025-03-15 17:10:00,Abandoned,2
CART000302,CUST00439,PROD0166,2024-08-07 07:24:00,Purchased,1
CART000303,CUST00242,PROD0068,2024-07-27 10:07:00,Abandoned,1
CART000304,CUST00493,PROD0066,2024-11-18 17:39:00,Abandoned,1
CART000305,CUST00353,PROD0083,2024-07-15 19:55:00,Abandoned,3
CART000306,CUST00383,PROD0133,2025-08-06 10:20:00,Abandoned,1
CART000307,CUST00353,PROD0048,2025-03-26 11:11:00,Purchased,1
CART000308,CUST00052,PROD0084,2024-06-06 09:38:00,Purchased,1
CART000309,CUST00248,PROD0119,2024-07-14 16:15:00,Purchased,1
CART000310,CUST00294,PROD0123,2024-06-12 15:28:00,Purchased,1
CART000311,CUST00387,PROD0024,2024-11-16 14:31:00,Abandoned,1
CART000312,CUST00456,PROD0047,2024-10-21 21:57:00,Abandoned,2
CART000313,CUST00148,PROD0116,2024-06-15 15:34:00,Abandoned,3
CART000314,CUST00408,PROD0121,2024-06-27 16:23:00,Abandoned,1
CART000315,CUST00260,PROD0064,2025-02-09 13:38:00,Abandoned,1
CART000316,CUST00416,PROD0064,2025-01-19 16:10:00,Purchased,2
CART000317,CUST00232,PROD0165,2024-07-27 13:34:00,Purchased,2
CART000318,CUST00475,PROD0066,2024-11-03 16:00:00,Abandoned,1
CART000319,CUST00312,PROD0118,2024-06-18 08:08:00,Abandoned,2
CART000320,CUST00410,PROD0172,2025-01-06 16:46:00,Abandoned,1
CART000321,CUST00441,PROD0078,2025-03-01 12:06:00,Purchased,1
CART000322,CUST00172,PROD0027,2024-06-10 07:00:00,Active,1
CART000323,CUST00228,PROD0163,2024-11-17 13:25:00,Purchased,1
CART000324,CUST00217,PROD0057,2024-07-10 11:05:00,Purchased,1
CART000325,CUST00145,PROD0004,2024-09-17 21:15:00,Active,2
CART000326,CUST00112,PROD0031,2025-08-01 10:40:00,Abandoned,1
CART000327,CUST00024,PROD0024,2025-02-03 21:10:00,Abandoned,1
CART000328,CUST00027,PROD0051,2025-07-23 14:34:00,Abandoned,1
CART000329,CUST00205,PROD0063,2024-07-28 23:46:00,Abandoned,1
CART000330,CUST00461,PROD0021,2025-08-26 17:35:00,Abandoned,1
CART000331,CUST00189,PROD0019,2025-01-22 16:35:00,Abandoned,1
CART000332,CUST00329,PROD0116,2024-11-12 11:11:00,Abandoned,2
CART000333,CUST00012,PROD0116,2024-07-20 15:10:00,Active,1
CART000334,CUST00391,PROD0034,2025-07-26 17:08:00,Active,2
CART000335,CUST00191,PROD0002,2025-05-21 16:06:00,Abandoned,2
CART000336,CUST00082,PROD0172,2025-07-17 09:32:00,Abandoned,1
CART000337,CUST00395,PROD0093,2025-01-14 21:23:00,Abandoned,1
CART000338,CUST00073,PROD0135,2024-06-01 08:28:00,Purchased,1
CART000339,CUST00433,PROD0051,2024-10-25 07:21:00,Purchased,1
CART000340,CUST00119,PROD0166,2024-11-03 22:54:00,Abandoned,1
CART000341,CUST00108,PROD0018,2024-08-20 07:23:00,Abandoned,1
CART000342,CUST00220,PROD0119,2024-06-20 08:16:00,Abandoned,1
CART000343,CUST00229,PROD0150,2025-02-12 20:19:00,Abandoned,1
CART000344,CUST00447,PROD0172,2024-10-23 21:14:00,Active,1
CART000345,CUST00234,PROD0176,2024-12-21 17:40:00,Purchased,3
CART000346,CUST00095,PROD0066,2025-05-16 17:49:00,Purchased,2
CART000347,CUST00356,PROD0166,2025-03-29 15:28:00,Abandoned,1
CART000348,CUST00217,PROD0099,2024-11-14 15:07:00,Abandoned,1
CART000349,CUST00189,PROD0035,2024-07-16 09:22:00,Abandoned,3
CART000350,CUST00012,PROD0031,2024-11-25 15:44:00,Abandoned,1
CART000351,CUST00189,PROD0031,2024-07-27 20:12:00,Abandoned,2
CART000352,CUST00373,PROD0031,2025-03-08 15:54:00,Abandoned,1
CART000353,CUST00351,PROD0102,2024-10-08 12:02:00,Abandoned,1
CART000354,CUST00170,PROD0050,2024-11-15 13:31:00,Abandoned,2
CART000355,CUST00226,PROD0066,2025-06-11 23:01:00,Purchased,2
CART000356,CUST00202,PROD0068,2025-02-03 12:07:00,Abandoned,1
CART000357,CUST00342,PROD0141,2024-11-12 12:26:00,Purchased,1
CART000358,CUST00013,PROD0121,2024-10-08 08:44:00,Purchased,1
CART000359,CUST00175,PROD0047,2024-12-21 13:52:00,Abandoned,1
CART000360,CUST00301,PROD0063,2024-09-14 22:58:00,Abandoned,2
CART000361,CUST00347,PROD0136,2024-07-24 11:27:00,Purchased,1
CART000362,CUST00278,PROD0166,2025-07-07 22:30:00,Abandoned,2
CART000363,CUST00018,PROD0161,2025-07-10 23:56:00,Purchased,1
CART000364,CUST00192,PROD0116,2024-09-24 23:04:00,Abandoned,1
CART000365,CUST00446,PROD0166,2025-07-28 11:30:00,Abandoned,1
CART000366,CUST00189,PROD0128,2024-11-17 21:12:00,Purchased,1
CART000367,CUST00353,PROD0064,2024-06-22 15:52:00,Abandoned,1
CART000368,CUST00466,PROD0063,2024-11-26 19:11:00,Abandoned,3
CART000369,CUST00220,PROD0024,2025-01-09 08:20:00,Purchased,1
CART000370,CUST00043,PROD0166,2024-10-13 09:28:00,Active,1
CART000371,CUST00244,PROD0051,2024-12-25 15:26:00,Abandoned,1
CART000372,CUST00154,PROD0114,2024-09-22 12:59:00,Abandoned,1
CART000373,CUST00021,PROD0111,2025-04-06 13:30:00,Abandoned,1
CART000374,CUST00440,PROD0121,2025-08-07 07:06:00,Abandoned,1
CART000375,CUST00472,PROD0119,2025-04-24 09:22:00,Abandoned,2
CART000376,CUST00264,PROD0166,2025-01-05 21:12:00,Abandoned,1
CART000377,CUST00208,PROD0035,2025-01-09 14:55:00,Abandoned,3
CART000378,CUST00388,PROD0135,2025-02-22 21:05:00,Active,1
CART000379,CUST00080,PROD0051,2024-06-03 21:28:00,Active,1
CART000380,CUST00400,PROD0063,2024-07-10 18:59:00,Purchased,1
CART000381,CUST00136,PROD0095,2024-10-06 18:37:00,Purchased,1
CART000382,CUST00455,PROD0066,2025-05-18 15:14:00,Purchased,1
CART000383,CUST00150,PROD0158,2025-01-26 18:08:00,Abandoned,1
CART000384,CUST00028,PROD0135,2024-11-25 14:56:00,Abandoned,1
CART000385,CUST00060,PROD0040,2025-05-26 19:16:00,Abandoned,2
CART000386,CUST00270,PROD0066,2025-07-25 07:39:00,Abandoned,1
CART000387,CUST00394,PROD0002,2024-11-27 06:44:00,Purchased,2
CART000388,CUST00150,PROD0133,2025-03-02 09:03:00,Abandoned,1
CART000389,CUST00382,PROD0031,2025-04-14 23:21:00,Abandoned,3
CART000390,CUST00485,PROD0150,2025-01-02 13:36:00,Purchased,1
CART000391,CUST00356,PROD0004,2024-07-14 23:57:00,Purchased,1
CART000392,CUST00004,PROD0172,2024-12-12 16:10:00,Purchased,1
CART000393,CUST00179,PROD0166,2025-07-22 08:34:00,Abandoned,1
CART000394,CUST00383,PROD0119,2025-01-22 19:42:00,Abandoned,2
CART000395,CUST00106,PROD0116,2024-10-22 15:57:00,Abandoned,1
CART000396,CUST00045,PROD0033,2025-02-04 11:41:00,Abandoned,1
CART000397,CUST00277,PROD0119,2025-07-12 18:17:00,Active,1
CART000398,CUST00494,PROD0011,2025-03-30 22:49:00,Abandoned,1
CART000399,CUST00356,PROD0075,2025-02-02 15:39:00,Active,1
CART000400,CUST00073,PROD0132,2025-07-13 20:37:00,Abandoned,1
CART000401,CUST00458,PROD0034,2025-04-18 20:10:00,Abandoned,3
CART000402,CUST00062,PROD0087,2024-10-27 17:52:00,Active,1
CART000403,CUST00370,PROD0125,2025-08-13 21:21:00,Abandoned,1
CART000404,CUST00259,PROD0095,2025-07-19 17:48:00,Abandoned,1
CART000405,CUST00495,PROD0105,2025-02-11 10:33:00,Active,1
CART000406,CUST00427,PROD0119,2025-03-05 09:53:00,Abandoned,1
CART000407,CUST00165,PROD0024,2025-06-01 07:11:00,Purchased,1
CART000408,CUST00426,PROD0119,2024-10-31 08:28:00,Active,1
CART000409,CUST00316,PROD0131,2025-06-07 20:46:00,Abandoned,1
CART000410,CUST00476,PROD0081,2025-06-23 08:52:00,Purchased,1
CART000411,CUST00013,PROD0119,2024-10-23 15:33:00,Abandoned,3
CART000412,CUST00045,PROD0020,2024-06-20 12:40:00,Abandoned,1
CART000413,CUST00279,PROD0112,2024-10-30 20:57:00,Purchased,1
CART000414,CUST00111,PROD0047,2025-04-24 20:00:00,Abandoned,2
CART000415,CUST00383,PROD0190,2025-07-04 22:19:00,Abandoned,1
CART000416,CUST00191,PROD0172,2025-02-02 16:51:00,Purchased,1
CART000417,CUST00273,PROD0197,2025-06-19 14:50:00,Purchased,1
CART000418,CUST00482,PROD0192,2024-09-24 19:31:00,Active,2
CART000419,CUST00444,PROD0017,2025-03-09 11:33:00,Abandoned,1
CART000420,CUST00331,PROD0172,2024-12-16 22:06:00,Purchased,1
CART000421,CUST00460,PROD0192,2024-06-27 11:46:00,Purchased,3
CART000422,CUST00033,PROD0066,2025-05-04 06:13:00,Abandoned,2
CART000423,CUST00355,PROD0016,2024-07-28 22:21:00,Active,3
CART000424,CUST00032,PROD0024,2025-06-13 19:54:00,Abandoned,1
CART000425,CUST00159,PROD0045,2025-07-04 09:49:00,Purchased,3
CART000426,CUST00020,PROD0118,2024-10-06 13:39:00,Abandoned,2
CART000427,CUST00154,PROD0132,2025-01-04 23:05:00,Abandoned,1
CART000428,CUST00428,PROD0101,2025-06-17 16:36:00,Purchased,1
CART000429,CUST00082,PROD0095,2024-12-16 06:47:00,Abandoned,1
CART000430,CUST00397,PROD0119,2025-07-06 11:53:00,Purchased,1
CART000431,CUST00106,PROD0031,2025-06-27 20:29:00,Abandoned,1
CART000432,CUST00051,PROD0024,2024-11-19 07:23:00,Abandoned,1
CART000433,CUST00009,PROD0112,2024-11-11 10:35:00,Abandoned,2
CART000434,CUST00410,PROD0128,2024-12-05 19:37:00,Purchased,1
CART000435,CUST00424,PROD0066,2024-11-01 13:52:00,Abandoned,2
CART000436,CUST00493,PROD0168,2025-08-31 08:40:00,Abandoned,2
CART000437,CUST00347,PROD0065,2025-08-03 16:47:00,Abandoned,2
CART000438,CUST00113,PROD0111,2024-07-01 23:48:00,Purchased,3
CART000439,CUST00277,PROD0060,2024-10-14 20:47:00,Purchased,3
CART000440,CUST00295,PROD0084,2024-12-17 16:12:00,Purchased,1
CART000441,CUST00029,PROD0119,2024-12-22 18:01:00,Active,1
CART000442,CUST00273,PROD0024,2025-07-30 09:07:00,Abandoned,1
CART000443,CUST00029,PROD0046,2024-07-12 13:50:00,Abandoned,1
CART000444,CUST00192,PROD0133,2024-10-09 08:00:00,Abandoned,1
CART000445,CUST00464,PROD0066,2025-05-24 23:08:00,Abandoned,1
CART000446,CUST00084,PROD0095,2024-09-25 21:19:00,Purchased,2
CART000447,CUST00020,PROD0119,2025-01-30 16:22:00,Purchased,1
CART000448,CUST00357,PROD0099,2025-04-11 13:46:00,Abandoned,2
CART000449,CUST00146,PROD0111,2024-10-06 07:36:00,Purchased,1
CART000450,CUST00001,PROD0183,2024-11-24 22:20:00,Abandoned,1
CART000451,CUST00005,PROD0065,2024-06-06 09:54:00,Abandoned,1
CART000452,CUST00026,PROD0016,2025-03-09 09:02:00,Abandoned,2
CART000453,CUST00189,PROD0166,2024-06-13 16:03:00,Purchased,2
CART000454,CUST00026,PROD0166,2025-07-03 15:13:00,Active,2
CART000455,CUST00405,PROD0119,2024-10-07 20:13:00,Abandoned,1
CART000456,CUST00204,PROD0002,2024-12-06 08:57:00,Abandoned,1
CART000457,CUST00007,PROD0119,2025-02-27 22:31:00,Purchased,1
CART000458,CUST00200,PROD0183,2025-07-04 18:48:00,Abandoned,1
CART000459,CUST00157,PROD0031,2024-06-16 10:58:00,Abandoned,1
CART000460,CUST00473,PROD0183,2025-06-03 08:13:00,Active,1
CART000461,CUST00059,PROD0119,2025-02-23 17:32:00,Active,1
CART000462,CUST00343,PROD0135,2025-05-17 18:36:00,Abandoned,1
CART000463,CUST00391,PROD0009,2025-03-16 12:22:00,Abandoned,1
CART000464,CUST00129,PROD0028,2024-08-31 07:45:00,Purchased,3
CART000465,CUST00191,PROD0173,2024-08-13 16:34:00,Abandoned,1
CART000466,CUST00267,PROD0066,2025-02-22 19:05:00,Abandoned,1
CART000467,CUST00400,PROD0087,2025-01-17 15:28:00,Active,1
CART000468,CUST00347,PROD0121,2024-11-12 13:05:00,Abandoned,1
CART000469,CUST00294,PROD0176,2024-07-28 16:55:00,Abandoned,2
CART000470,CUST00259,PROD0114,2025-08-09 18:15:00,Abandoned,1
CART000471,CUST00410,PROD0112,2024-10-03 21:36:00,Purchased,1
CART000472,CUST00461,PROD0166,2024-09-04 17:22:00,Purchased,1
CART000473,CUST00246,PROD0119,2024-09-01 09:24:00,Abandoned,1
CART000474,CUST00372,PROD0133,2025-06-14 13:25:00,Active,3
CART000475,CUST00140,PROD0166,2025-03-07 07:42:00,Purchased,3
CART000476,CUST00129,PROD0063,2025-03-30 22:58:00,Abandoned,3
CART000477,CUST00408,PROD0133,2024-11-09 21:31:00,Purchased,2
CART000478,CUST00396,PROD0135,2025-03-14 20:01:00,Purchased,1
CART000479,CUST00323,PROD0104,2025-08-08 23:38:00,Abandoned,1
CART000480,CUST00293,PROD0200,2024-07-11 18:26:00,Purchased,1
CART000481,CUST00323,PROD0066,2024-10-29 16:58:00,Abandoned,2
CART000482,CUST00279,PROD0031,2024-10-19 15:11:00,Abandoned,1
CART000483,CUST00267,PROD0047,2025-06-22 08:24:00,Abandoned,1
CART000484,CUST00024,PROD0066,2025-02-05 14:04:00,Active,1
CART000485,CUST00245,PROD0172,2024-10-30 19:04:00,Purchased,1
CART000486,CUST00405,PROD0066,2024-07-04 09:39:00,Active,1
CART000487,CUST00479,PROD0173,2024-09-20 20:20:00,Abandoned,1
CART000488,CUST00055,PROD0128,2024-08-27 12:21:00,Abandoned,1
CART000489,CUST00408,PROD0066,2024-07-17 15:26:00,Abandoned,2
CART000490,CUST00376,PROD0128,2025-07-15 07:23:00,Purchased,1
CART000491,CUST00053,PROD0024,2024-10-21 07:12:00,Active,1
CART000492,CUST00253,PROD0004,2024-11-25 23:34:00,Purchased,1
CART000493,CUST00167,PROD0128,2024-10-30 10:31:00,Purchased,1
CART000494,CUST00496,PROD0132,2024-12-23 06:16:00,Purchased,1
CART000495,CUST00301,PROD0009,2024-07-05 21:26:00,Purchased,1
CART000496,CUST00166,PROD0024,2024-10-16 19:08:00,Abandoned,1
CART000497,CUST00456,PROD0048,2024-08-02 09:16:00,Abandoned,1
CART000498,CUST00248,PROD0119,2024-11-23 14:43:00,Abandoned,1
CART000499,CUST00385,PROD0051,2024-11-12 20:07:00,Abandoned,3
CART000500,CUST00090,PROD0065,2024-08-31 13:37:00,Abandoned,1
CART000501,CUST00129,PROD0020,2024-08-08 12:59:00,Purchased,1
CART000502,CUST00010,PROD0135,2025-05-25 19:36:00,Purchased,1
CART000503,CUST00494,PROD0128,2025-04-23 19:31:00,Abandoned,1
CART000504,CUST00416,PROD0177,2024-09-27 14:44:00,Active,1
CART000505,CUST00369,PROD0066,2024-12-05 06:36:00,Purchased,1
CART000506,CUST00081,PROD0024,2025-01-12 11:32:00,Abandoned,1
CART000507,CUST00456,PROD0116,2024-10-05 14:39:00,Abandoned,1
CART000508,CUST00446,PROD0104,2025-04-19 20:48:00,Abandoned,1
CART000509,CUST00231,PROD0066,2024-06-14 16:48:00,Abandoned,2
CART000510,CUST00245,PROD0066,2025-05-31 09:54:00,Active,1
CART000511,CUST00002,PROD0177,2024-10-04 13:53:00,Active,2
CART000512,CUST00404,PROD0042,2024-12-05 16:34:00,Active,1
CART000513,CUST00160,PROD0133,2024-09-27 20:08:00,Abandoned,1
CART000514,CUST00243,PROD0116,2025-03-13 09:29:00,Abandoned,2
CART000515,CUST00344,PROD0166,2024-09-19 12:01:00,Abandoned,1
CART000516,CUST00162,PROD0183,2024-11-24 19:51:00,Abandoned,3
CART000517,CUST00380,PROD0132,2024-12-13 23:07:00,Purchased,1
CART000518,CUST00249,PROD0065,2025-07-13 18:53:00,Abandoned,2
CART000519,CUST00396,PROD0087,2024-07-01 07:12:00,Abandoned,1
CART000520,CUST00172,PROD0166,2025-05-15 12:37:00,Abandoned,1
CART000521,CUST00291,PROD0128,2025-01-15 22:57:00,Purchased,1
CART000522,CUST00109,PROD0055,2025-05-08 22:31:00,Purchased,1
CART000523,CUST00385,PROD0114,2025-07-26 23:30:00,Abandoned,3
CART000524,CUST00327,PROD0082,2024-12-05 17:32:00,Purchased,1
CART000525,CUST00044,PROD0119,2025-05-31 13:13:00,Abandoned,1
CART000526,CUST00195,PROD0118,2025-07-14 15:48:00,Abandoned,1
CART000527,CUST00113,PROD0173,2024-06-17 20:00:00,Abandoned,1
CART000528,CUST00311,PROD0074,2024-12-02 09:14:00,Active,2
CART000529,CUST00074,PROD0052,2024-12-23 06:38:00,Purchased,1
CART000530,CUST00278,PROD0173,2025-07-18 09:22:00,Purchased,1
CART000531,CUST00138,PROD0042,2025-07-23 22:52:00,Abandoned,1
CART000532,CUST00210,PROD0150,2024-12-23 19:01:00,Purchased,1
CART000533,CUST00203,PROD0121,2025-04-08 23:08:00,Abandoned,1
CART000534,CUST00051,PROD0066,2025-04-17 10:22:00,Abandoned,2
CART000535,CUST00018,PROD0018,2025-02-22 11:02:00,Abandoned,1
CART000536,CUST00069,PROD0118,2025-08-16 08:41:00,Purchased,1
CART000537,CUST00210,PROD0165,2024-09-13 13:57:00,Purchased,1
CART000538,CUST00249,PROD0112,2025-07-20 07:46:00,Abandoned,1
CART000539,CUST00022,PROD0172,2024-09-15 17:28:00,Abandoned,1
CART000540,CUST00251,PROD0192,2025-01-02 10:00:00,Abandoned,1
CART000541,CUST00281,PROD0190,2025-06-05 14:04:00,Purchased,1
CART000542,CUST00396,PROD0166,2025-03-22 07:45:00,Active,1
CART000543,CUST00206,PROD0121,2025-04-20 21:44:00,Abandoned,1
CART000544,CUST00121,PROD0047,2025-06-15 14:06:00,Abandoned,1
CART000545,CUST00211,PROD0165,2025-04-07 12:10:00,Abandoned,2
CART000546,CUST00030,PROD0112,2025-04-01 17:49:00,Abandoned,1
CART000547,CUST00147,PROD0084,2025-05-24 23:41:00,Purchased,1
CART000548,CUST00234,PROD0087,2024-09-22 07:39:00,Abandoned,3
CART000549,CUST00144,PROD0119,2024-08-05 15:06:00,Abandoned,1
CART000550,CUST00452,PROD0200,2024-11-02 10:09:00,Active,1
CART000551,CUST00143,PROD0066,2025-02-22 14:34:00,Abandoned,1
CART000552,CUST00379,PROD0131,2024-10-03 06:37:00,Active,2
CART000553,CUST00424,PROD0119,2025-07-22 23:30:00,Purchased,2
CART000554,CUST00287,PROD0171,2025-01-28 18:16:00,Abandoned,1
CART000555,CUST00161,PROD0166,2024-07-23 19:13:00,Purchased,1
CART000556,CUST00254,PROD0118,2025-02-27 11:23:00,Purchased,1
CART000557,CUST00121,PROD0166,2025-03-02 21:53:00,Abandoned,2
CART000558,CUST00129,PROD0121,2025-04-05 10:11:00,Abandoned,1
CART000559,CUST00400,PROD0002,2025-01-26 06:16:00,Active,1
CART000560,CUST00253,PROD0121,2024-08-16 12:11:00,Abandoned,1
CART000561,CUST00149,PROD0095,2024-10-25 09:06:00,Abandoned,1
CART000562,CUST00301,PROD0166,2024-12-09 07:02:00,Purchased,1
CART000563,CUST00231,PROD0128,2024-10-29 15:24:00,Abandoned,1
CART000564,CUST00271,PROD0065,2024-09-10 19:06:00,Active,1
CART000565,CUST00159,PROD0021,2025-01-21 18:13:00,Purchased,1
CART000566,CUST00172,PROD0063,2025-02-14 21:00:00,Purchased,2
CART000567,CUST00306,PROD0116,2025-03-09 23:25:00,Abandoned,1
CART000568,CUST00051,PROD0029,2024-07-13 11:03:00,Purchased,1
CART000569,CUST00252,PROD0031,2025-07-26 07:02:00,Abandoned,2
CART000570,CUST00492,PROD0018,2025-06-20 16:49:00,Abandoned,2
CART000571,CUST00451,PROD0116,2025-05-20 18:57:00,Abandoned,1
CART000572,CUST00029,PROD0031,2025-07-17 10:04:00,Abandoned,1
CART000573,CUST00044,PROD0173,2024-07-17 17:12:00,Abandoned,2
CART000574,CUST00389,PROD0017,2024-06-10 23:37:00,Purchased,1
CART000575,CUST00498,PROD0166,2024-10-19 06:21:00,Abandoned,1
CART000576,CUST00175,PROD0133,2024-10-27 21:38:00,Abandoned,1
CART000577,CUST00369,PROD0095,2024-07-04 06:03:00,Purchased,2
CART000578,CUST00282,PROD0111,2025-03-12 21:15:00,Purchased,1
CART000579,CUST00319,PROD0166,2025-02-04 16:51:00,Abandoned,1
CART000580,CUST00294,PROD0116,2024-08-19 06:01:00,Abandoned,1
CART000581,CUST00343,PROD0084,2024-11-14 12:39:00,Abandoned,2
CART000582,CUST00004,PROD0128,2024-12-12 08:12:00,Active,1
CART000583,CUST00152,PROD0047,2024-10-26 07:41:00,Abandoned,1
CART000584,CUST00203,PROD0128,2024-11-27 11:10:00,Purchased,2
CART000585,CUST00311,PROD0047,2024-10-10 09:13:00,Abandoned,1
CART000586,CUST00477,PROD0166,2024-07-07 18:36:00,Purchased,1
CART000587,CUST00487,PROD0135,2024-12-13 22:30:00,Purchased,1
CART000588,CUST00130,PROD0133,2025-05-16 18:31:00,Purchased,1
CART000589,CUST00051,PROD0173,2025-06-17 11:07:00,Purchased,1
CART000590,CUST00022,PROD0116,2024-10-12 14:20:00,Active,1
CART000591,CUST00036,PROD0182,2025-06-10 14:47:00,Abandoned,1
CART000592,CUST00441,PROD0128,2024-10-23 09:31:00,Purchased,2
CART000593,CUST00289,PROD0166,2024-12-03 11:35:00,Purchased,1
CART000594,CUST00136,PROD0075,2025-01-15 21:53:00,Purchased,3
CART000595,CUST00290,PROD0035,2024-06-03 20:16:00,Abandoned,2
CART000596,CUST00166,PROD0066,2025-05-28 13:26:00,Purchased,3
CART000597,CUST00370,PROD0047,2024-11-10 10:52:00,Purchased,2
CART000598,CUST00453,PROD0200,2024-12-22 15:18:00,Purchased,2
CART000599,CUST00018,PROD0064,2024-11-05 11:23:00,Purchased,3
CART000600,CUST00002,PROD0066,2025-07-24 08:41:00,Abandoned,1
CART000601,CUST00107,PROD0133,2025-04-24 06:09:00,Abandoned,1
CART000602,CUST00477,PROD0048,2025-07-16 11:13:00,Abandoned,2
CART000603,CUST00167,PROD0152,2024-07-28 14:48:00,Purchased,1
CART000604,CUST00465,PROD0029,2024-06-02 10:46:00,Active,1
CART000605,CUST00045,PROD0166,2025-07-20 06:37:00,Abandoned,1
CART000606,CUST00198,PROD0116,2024-09-21 15:47:00,Abandoned,1
CART000607,CUST00044,PROD0095,2025-02-02 21:56:00,Purchased,3
CART000608,CUST00363,PROD0132,2024-10-19 18:39:00,Purchased,2
CART000609,CUST00477,PROD0173,2024-06-17 12:43:00,Purchased,1
CART000610,CUST00315,PROD0066,2025-08-27 19:41:00,Abandoned,1
CART000611,CUST00104,PROD0111,2024-10-23 17:20:00,Purchased,3
CART000612,CUST00205,PROD0081,2025-02-11 13:59:00,Purchased,1
CART000613,CUST00371,PROD0135,2024-12-05 21:26:00,Purchased,3
CART000614,CUST00279,PROD0130,2025-07-21 20:38:00,Abandoned,1
CART000615,CUST00201,PROD0009,2025-04-14 23:01:00,Active,3
CART000616,CUST00221,PROD0066,2024-12-26 10:17:00,Abandoned,2
CART000617,CUST00001,PROD0166,2025-07-05 17:37:00,Abandoned,1
CART000618,CUST00051,PROD0128,2024-07-30 17:07:00,Abandoned,1
CART000619,CUST00042,PROD0119,2024-10-21 07:08:00,Purchased,2
CART000620,CUST00395,PROD0200,2024-10-05 09:36:00,Active,1
CART000621,CUST00207,PROD0026,2024-08-23 09:20:00,Abandoned,1
CART000622,CUST00286,PROD0018,2024-11-24 08:10:00,Abandoned,1
CART000623,CUST00128,PROD0166,2024-08-12 23:56:00,Abandoned,1
CART000624,CUST00072,PROD0031,2025-07-01 15:46:00,Abandoned,1
CART000625,CUST00354,PROD0085,2025-02-17 23:56:00,Abandoned,3
CART000626,CUST00423,PROD0024,2025-06-17 14:30:00,Abandoned,1
CART000627,CUST00158,PROD0128,2025-08-02 19:50:00,Abandoned,1
CART000628,CUST00379,PROD0048,2024-11-07 19:08:00,Purchased,2
CART000629,CUST00260,PROD0024,2024-12-21 20:24:00,Purchased,2
CART000630,CUST00249,PROD0046,2024-11-25 06:32:00,Abandoned,3
CART000631,CUST00323,PROD0133,2025-05-19 14:19:00,Abandoned,1
CART000632,CUST00279,PROD0068,2024-07-30 14:01:00,Abandoned,1
CART000633,CUST00385,PROD0041,2024-10-20 13:28:00,Abandoned,1
CART000634,CUST00019,PROD0095,2025-05-07 23:05:00,Abandoned,1
CART000635,CUST00049,PROD0132,2025-01-25 09:36:00,Purchased,2
CART000636,CUST00109,PROD0150,2024-12-08 21:18:00,Abandoned,1
CART000637,CUST00040,PROD0048,2025-05-11 10:05:00,Abandoned,1
CART000638,CUST00042,PROD0119,2025-01-07 15:02:00,Purchased,1
CART000639,CUST00297,PROD0112,2024-12-14 18:36:00,Active,3
CART000640,CUST00253,PROD0119,2024-10-07 22:59:00,Active,2
CART000641,CUST00012,PROD0118,2024-11-08 12:25:00,Abandoned,1
CART000642,CUST00162,PROD0132,2024-06-09 10:53:00,Purchased,1
CART000643,CUST00411,PROD0063,2024-06-23 16:14:00,Abandoned,1
CART000644,CUST00494,PROD0024,2024-07-01 23:17:00,Abandoned,1
CART000645,CUST00120,PROD0081,2025-06-11 19:17:00,Abandoned,1
CART000646,CUST00353,PROD0112,2025-07-13 07:32:00,Purchased,3
CART000647,CUST00229,PROD0119,2025-04-25 09:14:00,Abandoned,1
CART000648,CUST00108,PROD0183,2024-11-22 22:26:00,Abandoned,1
CART000649,CUST00416,PROD0119,2024-08-17 14:27:00,Purchased,1
CART000650,CUST00136,PROD0173,2025-07-25 10:45:00,Purchased,1
CART000651,CUST00416,PROD0091,2025-02-28 11:04:00,Purchased,1
CART000652,CUST00246,PROD0065,2024-06-27 12:47:00,Active,1
CART000653,CUST00136,PROD0192,2025-08-11 21:43:00,Active,2
CART000654,CUST00111,PROD0090,2024-11-24 10:55:00,Purchased,1
CART000655,CUST00018,PROD0116,2024-07-02 17:57:00,Abandoned,2
CART000656,CUST00342,PROD0067,2025-02-24 06:56:00,Purchased,1
CART000657,CUST00127,PROD0066,2025-05-25 12:00:00,Purchased,1
CART000658,CUST00271,PROD0048,2024-10-12 06:01:00,Abandoned,1
CART000659,CUST00316,PROD0114,2025-04-10 22:24:00,Abandoned,1
CART000660,CUST00005,PROD0128,2024-07-20 15:47:00,Active,1
CART000661,CUST00138,PROD0135,2025-02-11 18:29:00,Abandoned,1
CART000662,CUST00289,PROD0131,2024-11-10 09:39:00,Purchased,1
CART000663,CUST00332,PROD0119,2024-07-04 06:33:00,Abandoned,1
CART000664,CUST00231,PROD0135,2024-08-30 08:07:00,Abandoned,1
CART000665,CUST00259,PROD0108,2024-11-09 09:25:00,Purchased,2
CART000666,CUST00273,PROD0132,2024-08-08 06:37:00,Purchased,2
CART000667,CUST00217,PROD0011,2024-09-26 18:36:00,Active,1
CART000668,CUST00214,PROD0066,2025-08-24 10:52:00,Abandoned,2
CART000669,CUST00408,PROD0112,2025-05-31 10:43:00,Abandoned,1
CART000670,CUST00270,PROD0076,2024-08-18 12:59:00,Abandoned,1
CART000671,CUST00267,PROD0029,2025-04-08 23:49:00,Abandoned,3
CART000672,CUST00073,PROD0102,2025-04-20 20:47:00,Active,1
CART000673,CUST00458,PROD0166,2024-07-15 07:24:00,Purchased,1
CART000674,CUST00494,PROD0183,2024-11-19 23:50:00,Active,1
CART000675,CUST00300,PROD0065,2025-07-26 16:19:00,Abandoned,2
CART000676,CUST00320,PROD0064,2025-03-29 08:54:00,Abandoned,1
CART000677,CUST00017,PROD0112,2024-12-12 19:30:00,Abandoned,2
CART000678,CUST00435,PROD0067,2024-11-26 18:15:00,Purchased,1
CART000679,CUST00146,PROD0134,2024-12-27 07:01:00,Abandoned,2
CART000680,CUST00321,PROD0050,2024-08-15 22:17:00,Active,1
CART000681,CUST00154,PROD0080,2024-08-26 13:15:00,Abandoned,3
CART000682,CUST00060,PROD0121,2024-06-06 09:56:00,Purchased,1
CART000683,CUST00140,PROD0073,2024-12-16 13:28:00,Purchased,1
CART000684,CUST00281,PROD0121,2025-06-17 09:33:00,Purchased,2
CART000685,CUST00363,PROD0024,2025-08-08 16:05:00,Abandoned,3
CART000686,CUST00351,PROD0113,2024-10-03 23:41:00,Abandoned,2
CART000687,CUST00442,PROD0127,2025-02-13 14:21:00,Abandoned,1
CART000688,CUST00161,PROD0132,2024-06-08 10:48:00,Abandoned,1
CART000689,CUST00378,PROD0066,2024-07-03 15:09:00,Purchased,2
CART000690,CUST00059,PROD0068,2025-04-01 12:40:00,Abandoned,2
CART000691,CUST00431,PROD0116,2024-12-06 06:04:00,Abandoned,2
CART000692,CUST00271,PROD0119,2024-11-22 12:20:00,Active,1
CART000693,CUST00228,PROD0068,2024-10-28 13:17:00,Abandoned,3
CART000694,CUST00149,PROD0063,2024-10-31 19:01:00,Abandoned,1
CART000695,CUST00456,PROD0144,2025-06-16 16:24:00,Abandoned,2
CART000696,CUST00458,PROD0054,2024-11-29 14:18:00,Abandoned,1
CART000697,CUST00173,PROD0121,2024-11-13 14:55:00,Abandoned,1
CART000698,CUST00173,PROD0066,2024-10-31 19:28:00,Purchased,2
CART000699,CUST00291,PROD0192,2025-06-12 07:06:00,Purchased,1
CART000700,CUST00114,PROD0128,2025-04-13 23:08:00,Abandoned,1
CART000701,CUST00109,PROD0118,2024-10-04 06:51:00,Purchased,3
CART000702,CUST00303,PROD0065,2024-09-14 23:58:00,Purchased,2
CART000703,CUST00349,PROD0119,2025-02-04 22:09:00,Purchased,1
CART000704,CUST00162,PROD0174,2024-12-07 13:32:00,Abandoned,1
CART000705,CUST00156,PROD0031,2024-11-03 15:00:00,Purchased,1
CART000706,CUST00012,PROD0166,2025-02-02 18:09:00,Purchased,1
CART000707,CUST00142,PROD0098,2024-10-02 22:22:00,Abandoned,1
CART000708,CUST00012,PROD0068,2024-07-24 08:31:00,Abandoned,1
CART000709,CUST00430,PROD0064,2024-12-18 16:57:00,Purchased,1
CART000710,CUST00018,PROD0135,2024-07-24 20:14:00,Abandoned,1
CART000711,CUST00282,PROD0004,2024-11-23 12:26:00,Abandoned,1
CART000712,CUST00145,PROD0002,2025-08-10 11:59:00,Purchased,1
CART000713,CUST00277,PROD0128,2025-05-26 17:29:00,Purchased,1
CART000714,CUST00375,PROD0095,2024-11-05 06:18:00,Purchased,2
CART000715,CUST00434,PROD0034,2025-01-05 11:39:00,Purchased,1
CART000716,CUST00034,PROD0173,2024-12-26 23:08:00,Abandoned,1
CART000717,CUST00084,PROD0063,2024-07-23 16:06:00,Abandoned,1
CART000718,CUST00234,PROD0165,2025-01-01 09:43:00,Abandoned,1
CART000719,CUST00018,PROD0119,2024-11-18 08:40:00,Purchased,3
CART000720,CUST00385,PROD0154,2024-06-06 16:22:00,Abandoned,2
CART000721,CUST00094,PROD0119,2024-11-26 06:18:00,Active,1
CART000722,CUST00055,PROD0095,2024-06-16 18:07:00,Purchased,1
CART000723,CUST00323,PROD0180,2025-05-14 07:29:00,Abandoned,1
CART000724,CUST00022,PROD0019,2024-08-10 11:14:00,Purchased,3
CART000725,CUST00182,PROD0166,2025-03-31 14:27:00,Abandoned,1
CART000726,CUST00478,PROD0052,2024-11-28 06:03:00,Purchased,2
CART000727,CUST00265,PROD0060,2024-09-10 10:35:00,Abandoned,2
CART000728,CUST00007,PROD0172,2024-06-08 22:09:00,Abandoned,1
CART000729,CUST00292,PROD0119,2024-12-05 08:01:00,Purchased,2
CART000730,CUST00323,PROD0141,2024-07-20 11:12:00,Purchased,1
CART000731,CUST00013,PROD0035,2025-03-08 19:04:00,Abandoned,1
CART000732,CUST00370,PROD0047,2024-11-04 08:08:00,Purchased,2
CART000733,CUST00470,PROD0173,2025-06-05 14:34:00,Active,1
CART000734,CUST00456,PROD0132,2025-08-04 17:00:00,Abandoned,1
CART000735,CUST00460,PROD0118,2024-07-19 19:27:00,Active,1
CART000736,CUST00427,PROD0112,2025-08-21 16:14:00,Active,1
CART000737,CUST00190,PROD0066,2024-12-24 14:19:00,Abandoned,1
CART000738,CUST00326,PROD0001,2024-07-09 07:56:00,Abandoned,1
CART000739,CUST00433,PROD0066,2024-11-04 11:57:00,Purchased,1
CART000740,CUST00426,PROD0004,2024-07-21 20:26:00,Purchased,1
CART000741,CUST00487,PROD0121,2024-10-06 15:24:00,Purchased,1
CART000742,CUST00492,PROD0116,2024-11-05 09:39:00,Purchased,1
CART000743,CUST00490,PROD0132,2025-03-20 16:15:00,Purchased,1
CART000744,CUST00269,PROD0068,2024-09-29 17:31:00,Active,2
CART000745,CUST00173,PROD0064,2025-07-24 12:46:00,Abandoned,1
CART000746,CUST00367,PROD0121,2025-07-19 21:54:00,Purchased,2
CART000747,CUST00347,PROD0066,2024-12-15 14:15:00,Abandoned,3
CART000748,CUST00012,PROD0146,2024-10-03 23:26:00,Purchased,1
CART000749,CUST00110,PROD0024,2025-08-27 21:26:00,Abandoned,2
CART000750,CUST00247,PROD0132,2025-01-11 11:10:00,Abandoned,2
CART000751,CUST00423,PROD0053,2024-11-29 09:47:00,Active,1
CART000752,CUST00494,PROD0128,2025-07-10 10:52:00,Abandoned,2
CART000753,CUST00280,PROD0166,2024-11-07 11:25:00,Abandoned,1
CART000754,CUST00385,PROD0031,2024-10-18 06:32:00,Abandoned,1
CART000755,CUST00195,PROD0176,2025-08-07 19:45:00,Abandoned,1
CART000756,CUST00255,PROD0133,2024-11-29 17:59:00,Active,1
CART000757,CUST00369,PROD0133,2024-10-01 18:09:00,Purchased,2
CART000758,CUST00294,PROD0055,2025-02-27 14:04:00,Abandoned,1
CART000759,CUST00127,PROD0166,2025-07-23 20:56:00,Abandoned,1
CART000760,CUST00464,PROD0058,2024-07-21 23:28:00,Abandoned,1
CART000761,CUST00113,PROD0074,2025-07-22 14:50:00,Abandoned,1
CART000762,CUST00166,PROD0133,2024-10-17 15:30:00,Abandoned,1
CART000763,CUST00201,PROD0047,2025-04-17 08:42:00,Purchased,1
CART000764,CUST00136,PROD0068,2024-11-29 07:40:00,Purchased,1
CART000765,CUST00217,PROD0119,2025-01-26 17:00:00,Purchased,1
CART000766,CUST00469,PROD0183,2025-01-21 19:59:00,Purchased,1
CART000767,CUST00233,PROD0047,2024-12-09 22:19:00,Abandoned,1
CART000768,CUST00347,PROD0025,2025-08-03 21:19:00,Purchased,1
CART000769,CUST00323,PROD0172,2024-10-02 10:15:00,Abandoned,3
CART000770,CUST00175,PROD0183,2025-08-14 14:51:00,Purchased,1
CART000771,CUST00411,PROD0047,2024-09-21 15:03:00,Abandoned,1
CART000772,CUST00071,PROD0121,2024-11-26 19:56:00,Active,2
CART000773,CUST00148,PROD0190,2024-06-22 18:35:00,Purchased,1
CART000774,CUST00346,PROD0166,2025-05-24 09:09:00,Purchased,1
CART000775,CUST00129,PROD0004,2024-12-21 16:50:00,Abandoned,1
CART000776,CUST00154,PROD0119,2025-04-14 19:53:00,Abandoned,2
CART000777,CUST00126,PROD0119,2024-08-05 17:10:00,Abandoned,1
CART000778,CUST00388,PROD0128,2025-05-08 14:36:00,Purchased,1
CART000779,CUST00456,PROD0031,2025-06-28 06:25:00,Abandoned,1
CART000780,CUST00045,PROD0064,2024-08-25 14:51:00,Abandoned,1
CART000781,CUST00480,PROD0066,2025-02-03 08:49:00,Purchased,2
CART000782,CUST00304,PROD0068,2025-08-26 09:42:00,Active,1
CART000783,CUST00248,PROD0150,2024-06-01 21:49:00,Purchased,2
CART000784,CUST00128,PROD0046,2024-10-09 23:35:00,Purchased,3
CART000785,CUST00448,PROD0050,2024-07-21 22:09:00,Abandoned,1
CART000786,CUST00286,PROD0166,2025-08-11 13:00:00,Active,2
CART000787,CUST00289,PROD0034,2024-07-02 19:14:00,Abandoned,1
CART000788,CUST00255,PROD0166,2024-10-22 13:21:00,Active,1
CART000789,CUST00197,PROD0190,2025-05-25 15:32:00,Abandoned,1
CART000790,CUST00440,PROD0102,2024-11-03 11:46:00,Purchased,1
CART000791,CUST00287,PROD0116,2025-03-02 22:33:00,Abandoned,1
CART000792,CUST00059,PROD0063,2025-06-15 19:34:00,Purchased,1
CART000793,CUST00209,PROD0047,2024-06-04 18:25:00,Abandoned,1
CART000794,CUST00021,PROD0108,2025-06-07 06:22:00,Purchased,1
CART000795,CUST00424,PROD0131,2024-07-24 09:02:00,Purchased,1
CART000796,CUST00066,PROD0121,2024-08-01 08:10:00,Abandoned,1
CART000797,CUST00273,PROD0021,2024-08-08 15:12:00,Abandoned,1
CART000798,CUST00217,PROD0166,2024-08-28 14:05:00,Active,1
CART000799,CUST00226,PROD0066,2025-02-11 11:15:00,Purchased,1
CART000800,CUST00381,PROD0112,2024-07-08 09:45:00,Abandoned,1
CART000801,CUST00276,PROD0066,2024-06-05 07:19:00,Abandoned,1
CART000802,CUST00189,PROD0048,2025-01-19 22:27:00,Purchased,2
CART000803,CUST00428,PROD0121,2025-03-21 13:31:00,Purchased,1
CART000804,CUST00494,PROD0063,2024-10-07 09:45:00,Active,1
CART000805,CUST00229,PROD0029,2024-10-08 22:24:00,Purchased,1
CART000806,CUST00485,PROD0183,2025-04-23 07:12:00,Purchased,1
CART000807,CUST00433,PROD0166,2025-07-15 07:44:00,Purchased,1
CART000808,CUST00096,PROD0028,2025-07-17 09:38:00,Abandoned,1
CART000809,CUST00137,PROD0111,2024-06-10 23:52:00,Abandoned,2
CART000810,CUST00134,PROD0011,2025-08-28 07:05:00,Purchased,1
CART000811,CUST00441,PROD0095,2025-03-06 14:02:00,Purchased,1
CART000812,CUST00242,PROD0063,2025-08-02 12:19:00,Abandoned,1
CART000813,CUST00129,PROD0166,2024-12-08 09:15:00,Purchased,1
CART000814,CUST00321,PROD0024,2024-06-08 21:47:00,Purchased,3
CART000815,CUST00129,PROD0071,2025-03-17 20:48:00,Abandoned,1
CART000816,CUST00358,PROD0095,2025-06-22 23:26:00,Purchased,1
CART000817,CUST00099,PROD0165,2024-10-24 09:56:00,Abandoned,1
CART000818,CUST00393,PROD0121,2024-11-24 18:56:00,Purchased,1
CART000819,CUST00376,PROD0047,2025-07-23 17:43:00,Active,1
CART000820,CUST00396,PROD0084,2024-08-27 07:46:00,Abandoned,1
CART000821,CUST00105,PROD0032,2024-09-28 14:06:00,Abandoned,2
CART000822,CUST00045,PROD0190,2024-06-02 15:54:00,Abandoned,1
CART000823,CUST00428,PROD0173,2024-08-02 20:52:00,Abandoned,1
CART000824,CUST00046,PROD0067,2025-04-16 16:55:00,Abandoned,1
CART000825,CUST00143,PROD0031,2024-06-29 06:40:00,Purchased,1
CART000826,CUST00441,PROD0004,2025-03-23 08:13:00,Abandoned,2
CART000827,CUST00276,PROD0133,2025-02-27 16:14:00,Abandoned,1
CART000828,CUST00173,PROD0176,2025-08-15 22:10:00,Active,1
CART000829,CUST00095,PROD0095,2024-12-15 09:01:00,Abandoned,2
CART000830,CUST00329,PROD0112,2025-03-16 11:35:00,Abandoned,1
CART000831,CUST00383,PROD0050,2025-03-01 20:33:00,Active,1
CART000832,CUST00049,PROD0013,2025-07-15 06:30:00,Purchased,1
CART000833,CUST00162,PROD0144,2025-02-11 20:38:00,Active,1
CART000834,CUST00230,PROD0004,2024-10-05 07:45:00,Purchased,1
CART000835,CUST00326,PROD0061,2024-11-26 20:07:00,Abandoned,1
CART000836,CUST00059,PROD0183,2025-07-25 09:27:00,Purchased,1
CART000837,CUST00408,PROD0111,2025-05-11 23:44:00,Abandoned,1
CART000838,CUST00055,PROD0166,2025-07-10 09:49:00,Abandoned,1
CART000839,CUST00439,PROD0128,2024-08-27 21:53:00,Purchased,1
CART000840,CUST00055,PROD0136,2025-08-23 10:57:00,Purchased,1
CART000841,CUST00323,PROD0135,2024-09-19 18:16:00,Abandoned,1
CART000842,CUST00190,PROD0119,2025-06-19 21:49:00,Purchased,1
CART000843,CUST00221,PROD0135,2024-07-08 23:12:00,Abandoned,1
CART000844,CUST00059,PROD0116,2025-05-08 16:53:00,Purchased,1
CART000845,CUST00426,PROD0066,2024-08-30 07:28:00,Abandoned,1
CART000846,CUST00441,PROD0024,2024-10-24 23:55:00,Purchased,1
CART000847,CUST00161,PROD0024,2024-10-25 06:11:00,Abandoned,2
CART000848,CUST00491,PROD0017,2025-01-16 23:00:00,Active,1
CART000849,CUST00334,PROD0004,2024-06-07 23:23:00,Abandoned,2
CART000850,CUST00029,PROD0066,2025-08-06 20:55:00,Abandoned,3
CART000851,CUST00073,PROD0119,2025-01-12 07:00:00,Purchased,1
CART000852,CUST00462,PROD0135,2025-05-06 14:42:00,Abandoned,1
CART000853,CUST00202,PROD0111,2024-10-16 12:51:00,Active,1
CART000854,CUST00052,PROD0047,2024-09-07 10:13:00,Abandoned,1
CART000855,CUST00121,PROD0095,2024-12-21 11:10:00,Purchased,1
CART000856,CUST00454,PROD0118,2025-05-20 18:37:00,Purchased,3
CART000857,CUST00074,PROD0085,2024-11-22 18:38:00,Active,1
CART000858,CUST00005,PROD0156,2024-07-19 18:35:00,Abandoned,3
CART000859,CUST00382,PROD0119,2024-08-08 20:16:00,Abandoned,1
CART000860,CUST00126,PROD0063,2025-06-10 21:01:00,Abandoned,1
CART000861,CUST00211,PROD0166,2024-07-08 20:43:00,Active,1
CART000862,CUST00278,PROD0084,2025-06-10 17:04:00,Abandoned,3
CART000863,CUST00218,PROD0095,2024-12-18 09:15:00,Abandoned,2
CART000864,CUST00329,PROD0051,2024-06-28 17:44:00,Active,3
CART000865,CUST00125,PROD0121,2025-06-10 10:05:00,Abandoned,1
CART000866,CUST00307,PROD0031,2025-08-13 07:47:00,Purchased,1
CART000867,CUST00203,PROD0116,2025-05-21 19:57:00,Abandoned,1
CART000868,CUST00206,PROD0066,2024-10-20 10:24:00,Purchased,2
CART000869,CUST00004,PROD0135,2025-06-02 06:30:00,Purchased,2
CART000870,CUST00303,PROD0066,2024-11-20 12:12:00,Abandoned,3
CART000871,CUST00443,PROD0096,2025-07-29 07:52:00,Abandoned,2
CART000872,CUST00451,PROD0128,2025-06-22 22:49:00,Abandoned,2
CART000873,CUST00040,PROD0183,2024-10-26 11:18:00,Purchased,1
CART000874,CUST00391,PROD0127,2025-07-08 09:39:00,Abandoned,1
CART000875,CUST00172,PROD0011,2024-11-30 13:36:00,Purchased,2
CART000876,CUST00138,PROD0096,2024-09-16 15:34:00,Abandoned,2
CART000877,CUST00025,PROD0131,2024-11-07 22:04:00,Purchased,1
CART000878,CUST00428,PROD0111,2025-01-28 06:00:00,Abandoned,2
CART000879,CUST00322,PROD0133,2025-05-04 09:47:00,Abandoned,1
CART000880,CUST00166,PROD0060,2025-07-12 08:52:00,Purchased,3
CART000881,CUST00161,PROD0031,2024-09-18 16:54:00,Purchased,1
CART000882,CUST00081,PROD0139,2025-07-20 07:09:00,Purchased,3
CART000883,CUST00005,PROD0183,2025-04-21 17:58:00,Purchased,1
CART000884,CUST00191,PROD0130,2025-08-05 18:30:00,Active,1
CART000885,CUST00053,PROD0102,2025-08-12 17:48:00,Active,3
CART000886,CUST00109,PROD0066,2025-07-14 23:24:00,Active,2
CART000887,CUST00492,PROD0166,2024-09-14 15:25:00,Active,2
CART000888,CUST00019,PROD0158,2025-01-29 13:14:00,Active,3
CART000889,CUST00487,PROD0021,2024-08-12 16:14:00,Abandoned,1
CART000890,CUST00443,PROD0156,2025-08-10 23:05:00,Purchased,1
CART000891,CUST00121,PROD0009,2024-09-19 06:20:00,Purchased,1
CART000892,CUST00463,PROD0066,2025-06-30 09:56:00,Active,1
CART000893,CUST00140,PROD0112,2024-11-24 14:58:00,Abandoned,2
CART000894,CUST00220,PROD0064,2025-06-16 19:16:00,Active,3
CART000895,CUST00319,PROD0063,2024-09-28 10:31:00,Abandoned,1
CART000896,CUST00030,PROD0172,2024-07-12 19:54:00,Purchased,1
CART000897,CUST00345,PROD0166,2024-08-18 16:30:00,Abandoned,1
CART000898,CUST00120,PROD0063,2024-10-17 23:21:00,Abandoned,1
CART000899,CUST00008,PROD0081,2024-08-28 09:08:00,Abandoned,3
CART000900,CUST00280,PROD0166,2024-09-02 08:57:00,Abandoned,2
CART000901,CUST00191,PROD0047,2025-05-04 21:21:00,Purchased,2
CART000902,CUST00498,PROD0140,2024-08-03 10:14:00,Abandoned,1
CART000903,CUST00211,PROD0031,2025-05-20 17:48:00,Abandoned,1
CART000904,CUST00476,PROD0119,2024-12-28 21:32:00,Purchased,1
CART000905,CUST00064,PROD0166,2025-08-26 16:23:00,Abandoned,1
CART000906,CUST00399,PROD0121,2025-08-07 10:24:00,Abandoned,1
CART000907,CUST00260,PROD0081,2025-01-05 07:48:00,Active,1
CART000908,CUST00239,PROD0120,2024-07-06 20:10:00,Purchased,2
CART000909,CUST00348,PROD0166,2024-11-20 18:01:00,Purchased,1
CART000910,CUST00217,PROD0034,2025-02-24 15:50:00,Abandoned,1
CART000911,CUST00172,PROD0026,2024-06-02 19:48:00,Active,3
CART000912,CUST00498,PROD0118,2024-09-28 17:49:00,Abandoned,2
CART000913,CUST00461,PROD0166,2025-01-06 19:49:00,Abandoned,1
CART000914,CUST00037,PROD0168,2025-06-30 20:09:00,Purchased,1
CART000915,CUST00148,PROD0121,2025-05-31 17:04:00,Abandoned,2
CART000916,CUST00295,PROD0052,2024-10-06 09:01:00,Abandoned,2
CART000917,CUST00396,PROD0031,2024-08-28 12:03:00,Abandoned,1
CART000918,CUST00175,PROD0119,2025-02-04 20:07:00,Abandoned,2
CART000919,CUST00396,PROD0064,2025-01-04 18:51:00,Abandoned,1
CART000920,CUST00420,PROD0166,2024-10-16 21:34:00,Abandoned,1
CART000921,CUST00029,PROD0119,2024-07-10 13:30:00,Active,1
CART000922,CUST00332,PROD0119,2025-06-30 07:13:00,Purchased,1
CART000923,CUST00451,PROD0013,2024-07-19 21:20:00,Abandoned,1
CART000924,CUST00287,PROD0011,2025-01-15 13:33:00,Purchased,1
CART000925,CUST00447,PROD0116,2025-01-23 11:56:00,Abandoned,3
CART000926,CUST00376,PROD0088,2024-12-06 15:52:00,Purchased,1
CART000927,CUST00095,PROD0028,2024-10-19 15:32:00,Abandoned,2
CART000928,CUST00121,PROD0031,2024-09-16 20:42:00,Purchased,1
CART000929,CUST00294,PROD0128,2024-10-22 18:03:00,Purchased,2
CART000930,CUST00211,PROD0112,2025-08-01 11:21:00,Abandoned,3
CART000931,CUST00326,PROD0177,2025-01-05 18:43:00,Abandoned,1
CART000932,CUST00143,PROD0118,2025-01-30 18:09:00,Abandoned,1
CART000933,CUST00445,PROD0084,2024-10-09 11:35:00,Abandoned,1
CART000934,CUST00492,PROD0165,2025-02-05 15:02:00,Abandoned,2
CART000935,CUST00399,PROD0173,2024-11-09 19:27:00,Abandoned,1
CART000936,CUST00044,PROD0183,2025-08-23 10:00:00,Abandoned,2
CART000937,CUST00213,PROD0112,2024-11-23 18:43:00,Purchased,1
CART000938,CUST00249,PROD0023,2025-08-27 10:30:00,Purchased,1
CART000939,CUST00464,PROD0132,2024-10-13 12:21:00,Purchased,1
CART000940,CUST00497,PROD0136,2024-10-02 23:58:00,Abandoned,1
CART000941,CUST00345,PROD0066,2024-09-18 21:26:00,Active,2
CART000942,CUST00332,PROD0108,2025-07-29 10:22:00,Abandoned,1
CART000943,CUST00448,PROD0047,2024-10-15 10:13:00,Abandoned,1
CART000944,CUST00138,PROD0190,2025-08-09 19:46:00,Abandoned,2
CART000945,CUST00247,PROD0140,2025-01-09 21:38:00,Purchased,1
CART000946,CUST00241,PROD0119,2024-10-07 19:57:00,Active,1
CART000947,CUST00129,PROD0120,2024-08-03 06:51:00,Abandoned,2
CART000948,CUST00197,PROD0067,2025-06-01 22:58:00,Abandoned,1
CART000949,CUST00172,PROD0166,2024-11-04 18:37:00,Active,2
CART000950,CUST00243,PROD0049,2025-02-03 13:11:00,Purchased,1
CART000951,CUST00062,PROD0027,2024-09-30 16:49:00,Abandoned,2
CART000952,CUST00416,PROD0166,2024-10-08 13:16:00,Purchased,1
CART000953,CUST00110,PROD0119,2025-07-05 17:50:00,Purchased,1
CART000954,CUST00494,PROD0165,2025-05-04 22:53:00,Abandoned,1
CART000955,CUST00380,PROD0200,2025-05-09 10:30:00,Purchased,1
CART000956,CUST00294,PROD0066,2025-08-14 19:47:00,Purchased,2
CART000957,CUST00275,PROD0141,2025-07-15 16:38:00,Abandoned,1
CART000958,CUST00279,PROD0108,2025-05-10 19:16:00,Active,1
CART000959,CUST00351,PROD0079,2024-07-18 06:20:00,Purchased,1
CART000960,CUST00051,PROD0011,2025-01-01 16:26:00,Abandoned,1
CART000961,CUST00052,PROD0119,2025-01-27 07:47:00,Abandoned,1
CART000962,CUST00187,PROD0135,2024-06-08 22:38:00,Abandoned,1
CART000963,CUST00498,PROD0133,2024-11-30 21:45:00,Abandoned,1
CART000964,CUST00423,PROD0166,2024-10-23 17:16:00,Purchased,1
CART000965,CUST00310,PROD0024,2025-07-30 19:54:00,Purchased,1
CART000966,CUST00169,PROD0172,2024-07-21 06:15:00,Abandoned,1
CART000967,CUST00338,PROD0074,2025-05-06 14:09:00,Purchased,1
CART000968,CUST00173,PROD0054,2025-04-21 21:13:00,Abandoned,1
CART000969,CUST00216,PROD0160,2025-07-17 10:29:00,Active,2
CART000970,CUST00199,PROD0119,2025-03-22 12:11:00,Purchased,2
CART000971,CUST00447,PROD0173,2025-06-02 11:11:00,Abandoned,1
CART000972,CUST00370,PROD0156,2025-07-01 10:30:00,Purchased,3
CART000973,CUST00244,PROD0121,2024-06-04 09:48:00,Purchased,1
CART000974,CUST00224,PROD0183,2025-07-11 20:53:00,Abandoned,2
CART000975,CUST00022,PROD0078,2025-03-25 21:27:00,Abandoned,1
CART000976,CUST00113,PROD0166,2024-07-26 09:31:00,Purchased,1
CART000977,CUST00279,PROD0178,2025-06-12 19:10:00,Purchased,3
CART000978,CUST00370,PROD0087,2025-07-31 15:10:00,Abandoned,1
CART000979,CUST00158,PROD0095,2025-06-03 23:23:00,Purchased,2
CART000980,CUST00161,PROD0096,2025-07-10 15:17:00,Abandoned,1
CART000981,CUST00387,PROD0095,2024-11-06 18:36:00,Abandoned,1
CART000982,CUST00195,PROD0135,2025-07-23 13:02:00,Abandoned,1
CART000983,CUST00412,PROD0133,2024-10-25 11:06:00,Abandoned,1
CART000984,CUST00329,PROD0009,2024-11-12 06:13:00,Abandoned,3
CART000985,CUST00309,PROD0066,2024-10-03 11:11:00,Purchased,1
CART000986,CUST00185,PROD0047,2024-07-29 11:47:00,Abandoned,1
CART000987,CUST00293,PROD0035,2024-06-20 23:00:00,Purchased,1
CART000988,CUST00128,PROD0047,2025-01-04 14:11:00,Active,1
CART000989,CUST00146,PROD0165,2024-12-19 18:17:00,Abandoned,1
CART000990,CUST00137,PROD0190,2025-08-18 08:03:00,Abandoned,1
CART000991,CUST00078,PROD0112,2024-12-08 23:01:00,Purchased,1
CART000992,CUST00250,PROD0053,2024-07-20 20:29:00,Active,1
CART000993,CUST00468,PROD0034,2025-03-31 06:58:00,Purchased,1
CART000994,CUST00136,PROD0166,2024-11-28 08:25:00,Purchased,1
CART000995,CUST00207,PROD0025,2025-01-26 20:56:00,Active,1
CART000996,CUST00036,PROD0119,2024-06-05 07:56:00,Abandoned,1
CART000997,CUST00385,PROD0014,2025-02-24 06:02:00,Abandoned,3
CART000998,CUST00080,PROD0084,2025-01-18 12:13:00,Purchased,1
CART000999,CUST00301,PROD0079,2024-08-05 19:53:00,Abandoned,1
CART001000,CUST00367,PROD0058,2025-06-18 11:16:00,Abandoned,2
CART001001,CUST00019,PROD0048,2024-10-14 18:36:00,Purchased,1
CART001002,CUST00399,PROD0024,2024-10-02 09:55:00,Abandoned,1
CART001003,CUST00086,PROD0118,2024-12-07 11:36:00,Abandoned,1
CART001004,CUST00246,PROD0068,2024-10-28 20:27:00,Abandoned,1
CART001005,CUST00256,PROD0092,2024-09-02 23:00:00,Abandoned,1
CART001006,CUST00066,PROD0018,2024-11-21 13:36:00,Purchased,1
CART001007,CUST00195,PROD0066,2025-01-03 18:48:00,Abandoned,2
CART001008,CUST00228,PROD0024,2024-06-08 14:03:00,Purchased,1
CART001009,CUST00198,PROD0019,2024-10-24 17:39:00,Active,2
CART001010,CUST00038,PROD0179,2025-06-22 23:20:00,Purchased,2
CART001011,CUST00432,PROD0025,2024-08-06 13:47:00,Abandoned,1
CART001012,CUST00049,PROD0066,2025-06-10 13:08:00,Abandoned,1
CART001013,CUST00116,PROD0128,2024-07-12 11:48:00,Abandoned,1
CART001014,CUST00137,PROD0166,2024-12-24 11:34:00,Purchased,1
CART001015,CUST00053,PROD0173,2024-10-22 11:57:00,Abandoned,2
CART001016,CUST00483,PROD0112,2024-12-20 09:52:00,Abandoned,1
CART001017,CUST00176,PROD0166,2024-07-29 13:22:00,Abandoned,2
CART001018,CUST00329,PROD0084,2025-01-06 07:19:00,Active,1
CART001019,CUST00104,PROD0064,2024-11-09 19:03:00,Purchased,2
CART001020,CUST00167,PROD0114,2024-08-13 19:45:00,Abandoned,2
CART001021,CUST00270,PROD0088,2025-07-31 20:25:00,Abandoned,2
CART001022,CUST00323,PROD0173,2025-01-14 16:52:00,Purchased,2
CART001023,CUST00189,PROD0027,2025-08-28 20:55:00,Purchased,1
CART001024,CUST00120,PROD0042,2024-10-27 23:41:00,Abandoned,1
CART001025,CUST00291,PROD0200,2024-06-23 17:13:00,Abandoned,2
CART001026,CUST00053,PROD0005,2025-02-19 21:16:00,Abandoned,2
CART001027,CUST00084,PROD0066,2024-08-17 17:01:00,Abandoned,2
CART001028,CUST00129,PROD0093,2025-07-08 06:32:00,Abandoned,1
CART001029,CUST00468,PROD0173,2024-11-30 19:19:00,Purchased,1
CART001030,CUST00110,PROD0197,2024-10-10 19:47:00,Abandoned,2
CART001031,CUST00143,PROD0066,2024-07-15 17:48:00,Abandoned,1
CART001032,CUST00117,PROD0035,2024-09-21 06:10:00,Purchased,1
CART001033,CUST00243,PROD0075,2024-07-03 23:00:00,Active,1
CART001034,CUST00388,PROD0119,2025-08-16 09:36:00,Purchased,1
CART001035,CUST00406,PROD0112,2024-12-27 07:10:00,Purchased,1
CART001036,CUST00146,PROD0066,2025-02-15 08:57:00,Abandoned,1
CART001037,CUST00283,PROD0133,2024-11-01 15:56:00,Abandoned,1
CART001038,CUST00103,PROD0026,2024-07-09 07:17:00,Abandoned,1
CART001039,CUST00008,PROD0063,2024-10-18 23:36:00,Purchased,3
CART001040,CUST00497,PROD0047,2024-09-13 13:11:00,Purchased,1
CART001041,CUST00064,PROD0112,2024-11-13 17:12:00,Abandoned,1
CART001042,CUST00406,PROD0165,2025-08-24 12:11:00,Purchased,1
CART001043,CUST00447,PROD0116,2025-01-25 11:15:00,Abandoned,2
CART001044,CUST00474,PROD0133,2024-10-29 08:02:00,Purchased,1
CART001045,CUST00295,PROD0165,2025-03-02 17:57:00,Abandoned,1
CART001046,CUST00195,PROD0021,2025-07-21 16:22:00,Purchased,1
CART001047,CUST00279,PROD0166,2024-11-18 09:39:00,Active,2
CART001048,CUST00396,PROD0024,2024-11-16 13:21:00,Abandoned,1
CART001049,CUST00197,PROD0118,2025-01-26 16:50:00,Active,1
CART001050,CUST00189,PROD0011,2024-08-05 07:14:00,Abandoned,1
CART001051,CUST00277,PROD0035,2025-04-30 22:52:00,Abandoned,1
CART001052,CUST00458,PROD0075,2024-08-05 23:18:00,Active,2
CART001053,CUST00276,PROD0075,2024-11-01 12:39:00,Purchased,1
CART001054,CUST00152,PROD0011,2024-12-18 13:12:00,Purchased,2
CART001055,CUST00393,PROD0011,2025-07-03 15:54:00,Abandoned,1
CART001056,CUST00092,PROD0135,2024-10-23 18:58:00,Purchased,1
CART001057,CUST00073,PROD0111,2024-07-11 19:08:00,Purchased,2
CART001058,CUST00221,PROD0095,2024-06-01 23:01:00,Abandoned,2
CART001059,CUST00234,PROD0088,2025-05-04 23:41:00,Purchased,1
CART001060,CUST00167,PROD0119,2024-11-29 09:08:00,Abandoned,1
CART001061,CUST00138,PROD0066,2025-08-27 14:05:00,Purchased,1
CART001062,CUST00100,PROD0163,2024-11-18 07:28:00,Active,1
CART001063,CUST00261,PROD0119,2025-01-24 16:48:00,Abandoned,1
CART001064,CUST00405,PROD0047,2024-10-14 18:20:00,Abandoned,1
CART001065,CUST00379,PROD0119,2025-04-30 10:03:00,Purchased,1
CART001066,CUST00045,PROD0066,2024-12-20 10:15:00,Abandoned,1
CART001067,CUST00100,PROD0166,2025-04-26 18:12:00,Purchased,1
CART001068,CUST00377,PROD0121,2024-06-02 21:29:00,Abandoned,1
CART001069,CUST00136,PROD0050,2024-10-03 17:17:00,Purchased,3
CART001070,CUST00230,PROD0166,2024-09-13 08:58:00,Purchased,1
CART001071,CUST00447,PROD0112,2025-07-08 18:11:00,Abandoned,1
CART001072,CUST00457,PROD0084,2024-08-09 14:41:00,Purchased,1
CART001073,CUST00394,PROD0020,2025-08-24 12:57:00,Abandoned,1
CART001074,CUST00146,PROD0037,2024-11-11 16:39:00,Purchased,1
CART001075,CUST00237,PROD0141,2025-03-04 10:11:00,Abandoned,1
CART001076,CUST00051,PROD0183,2024-10-08 20:04:00,Active,1
CART001077,CUST00316,PROD0136,2025-08-22 13:06:00,Abandoned,3
CART001078,CUST00456,PROD0087,2024-08-16 17:14:00,Active,1
CART001079,CUST00008,PROD0047,2024-06-01 18:08:00,Abandoned,1
CART001080,CUST00225,PROD0076,2024-11-04 14:30:00,Abandoned,2
CART001081,CUST00331,PROD0174,2024-11-25 10:42:00,Abandoned,1
CART001082,CUST00051,PROD0128,2025-06-15 18:16:00,Abandoned,1
CART001083,CUST00443,PROD0114,2024-08-02 09:57:00,Purchased,1
CART001084,CUST00247,PROD0011,2024-11-12 06:56:00,Abandoned,2
CART001085,CUST00267,PROD0064,2025-07-23 19:07:00,Abandoned,1
CART001086,CUST00121,PROD0067,2025-07-08 13:01:00,Purchased,1
CART001087,CUST00335,PROD0192,2025-05-17 11:42:00,Active,1
CART001088,CUST00388,PROD0135,2024-09-24 23:57:00,Abandoned,1
CART001089,CUST00351,PROD0058,2024-09-10 16:55:00,Purchased,2
CART001090,CUST00443,PROD0024,2024-11-25 14:03:00,Purchased,1
CART001091,CUST00331,PROD0200,2025-03-17 11:45:00,Purchased,1
CART001092,CUST00495,PROD0024,2024-07-02 08:22:00,Active,1
CART001093,CUST00161,PROD0029,2024-10-18 13:55:00,Abandoned,1
CART001094,CUST00443,PROD0029,2025-01-04 17:00:00,Abandoned,1
CART001095,CUST00329,PROD0118,2025-07-22 09:17:00,Purchased,1
CART001096,CUST00221,PROD0047,2025-01-03 10:06:00,Abandoned,2
CART001097,CUST00456,PROD0078,2025-06-02 09:19:00,Abandoned,1
CART001098,CUST00004,PROD0166,2024-07-22 07:33:00,Abandoned,1
CART001099,CUST00160,PROD0070,2024-07-04 21:58:00,Abandoned,2
CART001100,CUST00189,PROD0112,2024-10-06 20:40:00,Purchased,1
CART001101,CUST00378,PROD0171,2025-08-14 14:29:00,Abandoned,1
CART001102,CUST00495,PROD0066,2024-06-03 10:23:00,Active,2
CART001103,CUST00084,PROD0023,2025-07-21 14:55:00,Purchased,2
CART001104,CUST00045,PROD0139,2025-06-16 10:05:00,Abandoned,2
CART001105,CUST00260,PROD0131,2025-05-04 23:15:00,Active,1
CART001106,CUST00318,PROD0118,2024-12-07 14:40:00,Active,3
CART001107,CUST00150,PROD0028,2025-05-06 16:44:00,Abandoned,1
CART001108,CUST00252,PROD0029,2025-02-07 09:37:00,Purchased,3
CART001109,CUST00354,PROD0050,2025-08-14 06:19:00,Active,1
CART001110,CUST00202,PROD0112,2025-08-26 23:30:00,Abandoned,1
CART001111,CUST00345,PROD0068,2024-07-04 07:27:00,Abandoned,3
CART001112,CUST00285,PROD0135,2024-09-29 18:53:00,Abandoned,2
CART001113,CUST00409,PROD0087,2025-01-17 12:13:00,Abandoned,3
CART001114,CUST00423,PROD0093,2025-03-06 11:37:00,Abandoned,2
CART001115,CUST00012,PROD0119,2025-08-22 23:27:00,Abandoned,3
CART001116,CUST00412,PROD0031,2025-08-28 09:22:00,Abandoned,1
CART001117,CUST00106,PROD0128,2025-06-22 07:10:00,Abandoned,1
CART001118,CUST00457,PROD0173,2024-06-06 20:45:00,Abandoned,2
CART001119,CUST00477,PROD0014,2024-10-15 15:27:00,Abandoned,1
CART001120,CUST00156,PROD0135,2024-11-01 07:56:00,Abandoned,3
CART001121,CUST00497,PROD0066,2024-12-21 16:40:00,Abandoned,1
CART001122,CUST00279,PROD0068,2024-08-15 17:47:00,Abandoned,1
CART001123,CUST00045,PROD0170,2024-10-11 22:12:00,Active,1
CART001124,CUST00301,PROD0024,2024-07-01 23:10:00,Active,1
CART001125,CUST00286,PROD0018,2024-11-29 16:44:00,Abandoned,1
CART001126,CUST00260,PROD0133,2024-10-12 21:08:00,Abandoned,1
CART001127,CUST00392,PROD0173,2025-07-07 11:01:00,Active,1
CART001128,CUST00247,PROD0116,2025-06-27 22:17:00,Abandoned,2
CART001129,CUST00142,PROD0042,2024-11-07 21:08:00,Abandoned,1
CART001130,CUST00480,PROD0063,2024-08-24 11:23:00,Abandoned,2
CART001131,CUST00036,PROD0063,2024-11-23 12:55:00,Active,1
CART001132,CUST00148,PROD0112,2024-09-04 16:47:00,Abandoned,1
CART001133,CUST00189,PROD0166,2024-11-17 08:50:00,Abandoned,1
CART001134,CUST00286,PROD0031,2024-08-10 18:10:00,Abandoned,2
CART001135,CUST00129,PROD0128,2024-07-13 11:11:00,Purchased,2
CART001136,CUST00495,PROD0068,2024-12-20 17:00:00,Active,1
CART001137,CUST00448,PROD0004,2025-02-28 09:34:00,Purchased,1
CART001138,CUST00173,PROD0050,2024-09-29 17:46:00,Abandoned,2
CART001139,CUST00027,PROD0119,2024-10-18 18:10:00,Active,1
CART001140,CUST00243,PROD0168,2025-02-06 15:28:00,Purchased,2
CART001141,CUST00291,PROD0130,2024-11-22 23:26:00,Purchased,3
CART001142,CUST00241,PROD0118,2024-12-28 14:56:00,Purchased,1
CART001143,CUST00110,PROD0024,2025-04-08 06:05:00,Purchased,1
CART001144,CUST00175,PROD0173,2025-01-15 11:15:00,Abandoned,1
CART001145,CUST00395,PROD0063,2025-01-09 08:18:00,Abandoned,1
CART001146,CUST00113,PROD0031,2024-09-12 11:38:00,Purchased,1
CART001147,CUST00129,PROD0200,2024-11-13 06:38:00,Active,2
CART001148,CUST00262,PROD0128,2024-08-09 19:25:00,Purchased,1
CART001149,CUST00244,PROD0166,2024-06-19 20:02:00,Purchased,1
CART001150,CUST00021,PROD0095,2025-02-13 19:25:00,Purchased,2
CART001151,CUST00055,PROD0046,2024-12-03 14:58:00,Abandoned,3
CART001152,CUST00161,PROD0085,2024-11-22 07:37:00,Abandoned,1
CART001153,CUST00382,PROD0063,2025-03-30 19:12:00,Purchased,1
CART001154,CUST00294,PROD0024,2025-07-06 08:30:00,Abandoned,1
CART001155,CUST00330,PROD0150,2025-01-04 07:01:00,Active,1
CART001156,CUST00494,PROD0064,2025-08-01 13:39:00,Purchased,1
CART001157,CUST00175,PROD0034,2024-06-01 07:47:00,Active,1
CART001158,CUST00036,PROD0194,2025-05-04 08:36:00,Purchased,1
CART001159,CUST00106,PROD0128,2024-11-12 13:23:00,Active,2
CART001160,CUST00243,PROD0121,2025-01-27 12:34:00,Abandoned,1
CART001161,CUST00109,PROD0068,2024-06-22 11:08:00,Purchased,1
CART001162,CUST00217,PROD0135,2024-09-08 15:53:00,Abandoned,1
CART001163,CUST00085,PROD0119,2025-06-18 08:05:00,Abandoned,2
CART001164,CUST00476,PROD0190,2025-05-10 13:24:00,Purchased,1
CART001165,CUST00105,PROD0095,2025-08-28 07:26:00,Purchased,1
CART001166,CUST00095,PROD0177,2024-11-09 22:09:00,Abandoned,1
CART001167,CUST00388,PROD0166,2025-06-07 21:42:00,Purchased,2
CART001168,CUST00329,PROD0079,2025-03-08 16:25:00,Abandoned,2
CART001169,CUST00159,PROD0066,2024-10-28 18:07:00,Active,1
CART001170,CUST00021,PROD0139,2024-07-30 19:53:00,Purchased,1
CART001171,CUST00095,PROD0119,2024-10-12 21:27:00,Purchased,1
CART001172,CUST00467,PROD0166,2025-06-20 18:18:00,Purchased,1
CART001173,CUST00435,PROD0139,2025-08-03 22:45:00,Abandoned,1
CART001174,CUST00013,PROD0047,2025-07-23 06:00:00,Abandoned,1
CART001175,CUST00199,PROD0112,2025-06-10 16:14:00,Abandoned,3
CART001176,CUST00356,PROD0135,2024-10-22 11:12:00,Abandoned,1
CART001177,CUST00446,PROD0142,2025-03-18 19:05:00,Abandoned,1
CART001178,CUST00017,PROD0031,2025-01-21 19:42:00,Purchased,1
CART001179,CUST00475,PROD0129,2024-10-15 13:43:00,Purchased,1
CART001180,CUST00426,PROD0095,2025-02-28 12:55:00,Purchased,1
CART001181,CUST00046,PROD0024,2024-11-06 19:07:00,Purchased,1
CART001182,CUST00331,PROD0121,2025-08-13 14:18:00,Active,2
CART001183,CUST00239,PROD0112,2025-03-12 08:27:00,Abandoned,1
CART001184,CUST00500,PROD0113,2025-07-15 10:12:00,Active,3
CART001185,CUST00279,PROD0031,2025-01-17 09:24:00,Abandoned,1
CART001186,CUST00389,PROD0021,2024-12-01 14:57:00,Abandoned,3
CART001187,CUST00496,PROD0047,2025-06-28 09:58:00,Active,1
CART001188,CUST00419,PROD0064,2025-08-07 12:29:00,Purchased,1
CART001189,CUST00182,PROD0064,2024-09-26 20:30:00,Abandoned,1
CART001190,CUST00449,PROD0135,2025-06-12 18:33:00,Abandoned,2
CART001191,CUST00494,PROD0135,2024-09-11 21:26:00,Active,2
CART001192,CUST00146,PROD0200,2024-11-06 07:27:00,Active,1
CART001193,CUST00113,PROD0123,2024-07-18 12:50:00,Abandoned,3
CART001194,CUST00136,PROD0066,2024-06-20 15:11:00,Abandoned,1
CART001195,CUST00195,PROD0068,2024-10-09 07:52:00,Abandoned,1
CART001196,CUST00138,PROD0139,2024-11-23 19:51:00,Purchased,1
CART001197,CUST00138,PROD0118,2024-10-17 21:20:00,Abandoned,1
CART001198,CUST00495,PROD0017,2024-08-17 09:32:00,Abandoned,1
CART001199,CUST00209,PROD0018,2024-12-07 20:01:00,Purchased,3
CART001200,CUST00006,PROD0068,2025-05-04 21:39:00,Abandoned,1
CART001201,CUST00030,PROD0121,2024-06-05 12:11:00,Abandoned,2
CART001202,CUST00027,PROD0114,2025-04-21 11:02:00,Purchased,1
CART001203,CUST00045,PROD0047,2025-06-21 15:35:00,Purchased,2
CART001204,CUST00095,PROD0132,2025-04-02 20:19:00,Abandoned,3
CART001205,CUST00177,PROD0166,2024-11-25 14:04:00,Active,2
CART001206,CUST00039,PROD0047,2025-06-19 21:10:00,Purchased,2
CART001207,CUST00138,PROD0119,2024-11-08 14:22:00,Abandoned,1
CART001208,CUST00012,PROD0024,2025-01-26 16:50:00,Purchased,1
CART001209,CUST00059,PROD0176,2024-07-23 22:52:00,Abandoned,1
CART001210,CUST00448,PROD0043,2024-09-14 14:28:00,Abandoned,1
CART001211,CUST00243,PROD0114,2025-01-10 06:10:00,Abandoned,3
CART001212,CUST00021,PROD0135,2024-09-24 15:49:00,Abandoned,1
CART001213,CUST00038,PROD0093,2025-05-30 17:47:00,Purchased,1
CART001214,CUST00129,PROD0068,2024-07-15 18:53:00,Active,2
CART001215,CUST00388,PROD0166,2025-01-22 10:26:00,Abandoned,1
CART001216,CUST00126,PROD0121,2024-11-25 07:17:00,Active,3
CART001217,CUST00491,PROD0171,2024-11-02 20:11:00,Purchased,1
CART001218,CUST00427,PROD0133,2025-03-30 22:27:00,Active,1
CART001219,CUST00413,PROD0119,2024-11-26 14:04:00,Abandoned,2
CART001220,CUST00179,PROD0121,2024-12-01 06:00:00,Abandoned,1
CART001221,CUST00018,PROD0095,2025-01-11 16:14:00,Abandoned,1
CART001222,CUST00424,PROD0066,2025-07-04 16:40:00,Abandoned,1
CART001223,CUST00344,PROD0027,2024-09-05 21:47:00,Abandoned,2
CART001224,CUST00007,PROD0190,2024-08-30 11:05:00,Abandoned,2
CART001225,CUST00246,PROD0119,2024-07-07 14:15:00,Abandoned,1
CART001226,CUST00070,PROD0114,2025-01-08 06:53:00,Purchased,2
CART001227,CUST00443,PROD0099,2024-09-25 13:30:00,Abandoned,1
CART001228,CUST00424,PROD0035,2025-02-12 08:16:00,Active,1
CART001229,CUST00118,PROD0119,2024-11-28 19:03:00,Abandoned,1
CART001230,CUST00323,PROD0054,2024-10-11 21:54:00,Abandoned,1
CART001231,CUST00255,PROD0004,2025-03-10 19:47:00,Purchased,1
CART001232,CUST00030,PROD0135,2024-12-27 15:14:00,Abandoned,1
CART001233,CUST00269,PROD0119,2025-07-19 22:58:00,Abandoned,2
CART001234,CUST00138,PROD0031,2025-06-20 14:17:00,Purchased,2
CART001235,CUST00082,PROD0024,2025-04-04 20:03:00,Abandoned,2
CART001236,CUST00084,PROD0128,2024-10-11 18:05:00,Abandoned,1
CART001237,CUST00146,PROD0113,2025-05-30 20:53:00,Abandoned,1
CART001238,CUST00138,PROD0166,2024-06-24 17:56:00,Abandoned,2
CART001239,CUST00387,PROD0063,2024-09-04 14:57:00,Abandoned,2
CART001240,CUST00268,PROD0020,2025-07-07 20:08:00,Active,1
CART001241,CUST00153,PROD0121,2025-03-04 18:48:00,Purchased,1
CART001242,CUST00059,PROD0118,2025-02-11 18:35:00,Purchased,2
CART001243,CUST00229,PROD0121,2024-06-24 17:42:00,Abandoned,2
CART001244,CUST00147,PROD0121,2025-07-18 08:33:00,Abandoned,2
CART001245,CUST00310,PROD0131,2025-07-20 22:47:00,Abandoned,2
CART001246,CUST00293,PROD0124,2024-08-04 07:03:00,Purchased,1
CART001247,CUST00138,PROD0087,2025-03-05 20:30:00,Active,1
CART001248,CUST00008,PROD0078,2024-10-22 11:36:00,Purchased,1
CART001249,CUST00466,PROD0131,2024-10-24 06:49:00,Abandoned,1
CART001250,CUST00299,PROD0122,2024-12-09 15:21:00,Purchased,1
CART001251,CUST00013,PROD0063,2024-11-28 20:41:00,Abandoned,2
CART001252,CUST00428,PROD0083,2025-05-25 18:01:00,Abandoned,3
CART001253,CUST00353,PROD0133,2025-07-15 13:23:00,Abandoned,1
CART001254,CUST00006,PROD0195,2024-12-13 19:02:00,Abandoned,2
CART001255,CUST00400,PROD0078,2025-01-04 07:14:00,Active,1
CART001256,CUST00105,PROD0031,2025-01-05 13:28:00,Abandoned,1
CART001257,CUST00154,PROD0047,2025-04-01 19:37:00,Abandoned,2
CART001258,CUST00278,PROD0081,2025-08-30 13:13:00,Purchased,1
CART001259,CUST00138,PROD0064,2024-11-01 18:30:00,Abandoned,1
CART001260,CUST00126,PROD0063,2024-12-20 20:42:00,Purchased,1
CART001261,CUST00311,PROD0112,2024-08-26 06:52:00,Abandoned,2
CART001262,CUST00222,PROD0039,2024-08-16 21:44:00,Purchased,2
CART001263,CUST00347,PROD0112,2024-10-18 23:59:00,Purchased,1
CART001264,CUST00309,PROD0166,2025-01-10 11:47:00,Purchased,1
CART001265,CUST00018,PROD0047,2025-02-26 19:26:00,Abandoned,1
CART001266,CUST00228,PROD0130,2024-10-19 14:49:00,Purchased,1
CART001267,CUST00279,PROD0088,2025-07-09 06:49:00,Abandoned,1
CART001268,CUST00162,PROD0150,2025-04-20 20:32:00,Abandoned,2
CART001269,CUST00311,PROD0070,2024-10-30 22:27:00,Abandoned,1
CART001270,CUST00054,PROD0161,2024-11-05 12:32:00,Active,1
CART001271,CUST00239,PROD0113,2025-04-20 16:43:00,Abandoned,1
CART001272,CUST00120,PROD0024,2025-06-15 07:24:00,Abandoned,2
CART001273,CUST00074,PROD0066,2024-10-12 12:36:00,Abandoned,3
CART001274,CUST00100,PROD0046,2024-08-25 12:19:00,Active,2
CART001275,CUST00447,PROD0076,2024-07-29 11:44:00,Abandoned,1
CART001276,CUST00101,PROD0024,2025-07-05 22:48:00,Abandoned,2
CART001277,CUST00493,PROD0102,2024-10-15 18:01:00,Active,2
CART001278,CUST00085,PROD0060,2024-10-04 16:51:00,Abandoned,3
CART001279,CUST00356,PROD0031,2024-07-10 16:54:00,Purchased,2
CART001280,CUST00396,PROD0128,2024-09-02 15:36:00,Purchased,1
CART001281,CUST00291,PROD0173,2024-08-17 10:53:00,Purchased,1
CART001282,CUST00072,PROD0092,2024-09-05 20:03:00,Abandoned,2
CART001283,CUST00121,PROD0084,2024-11-15 23:27:00,Active,2
CART001284,CUST00372,PROD0024,2024-06-29 08:34:00,Abandoned,1
CART001285,CUST00199,PROD0064,2025-05-23 20:01:00,Abandoned,1
CART001286,CUST00492,PROD0009,2024-07-21 18:13:00,Purchased,1
CART001287,CUST00244,PROD0050,2025-04-19 07:48:00,Purchased,1
CART001288,CUST00017,PROD0166,2025-07-29 18:48:00,Purchased,1
CART001289,CUST00396,PROD0031,2024-10-08 06:30:00,Purchased,1
CART001290,CUST00487,PROD0112,2024-06-04 11:49:00,Abandoned,1
CART001291,CUST00005,PROD0057,2024-11-28 08:43:00,Abandoned,1
CART001292,CUST00015,PROD0031,2025-01-08 23:59:00,Purchased,1
CART001293,CUST00188,PROD0133,2024-08-14 21:07:00,Abandoned,1
CART001294,CUST00416,PROD0066,2024-11-22 10:26:00,Active,3
CART001295,CUST00197,PROD0002,2025-07-27 16:56:00,Active,1
CART001296,CUST00326,PROD0066,2024-12-03 12:49:00,Purchased,1
CART001297,CUST00189,PROD0137,2025-07-24 20:05:00,Abandoned,1
CART001298,CUST00395,PROD0031,2024-07-05 06:34:00,Abandoned,3
CART001299,CUST00232,PROD0039,2025-01-16 15:39:00,Abandoned,1
CART001300,CUST00218,PROD0120,2025-06-27 11:25:00,Abandoned,1
CART001301,CUST00103,PROD0029,2024-07-12 15:10:00,Purchased,3
CART001302,CUST00470,PROD0135,2025-02-22 12:45:00,Active,2
CART001303,CUST00023,PROD0031,2024-10-21 23:43:00,Active,2
CART001304,CUST00222,PROD0112,2024-09-22 13:56:00,Purchased,1
CART001305,CUST00447,PROD0066,2025-02-07 13:20:00,Abandoned,1
CART001306,CUST00392,PROD0102,2024-10-27 06:07:00,Abandoned,1
CART001307,CUST00039,PROD0166,2025-08-06 17:49:00,Abandoned,1
CART001308,CUST00105,PROD0127,2024-11-27 19:28:00,Purchased,1
CART001309,CUST00017,PROD0166,2025-05-25 18:38:00,Purchased,2
CART001310,CUST00205,PROD0135,2025-01-20 08:39:00,Abandoned,1
CART001311,CUST00422,PROD0200,2025-07-10 23:28:00,Purchased,2
CART001312,CUST00370,PROD0121,2025-06-21 06:23:00,Abandoned,1
CART001313,CUST00086,PROD0135,2025-07-19 22:10:00,Abandoned,1
CART001314,CUST00386,PROD0064,2025-07-29 13:35:00,Abandoned,1
CART001315,CUST00276,PROD0139,2025-06-03 14:42:00,Abandoned,2
CART001316,CUST00451,PROD0023,2024-07-23 07:44:00,Purchased,2
CART001317,CUST00477,PROD0066,2024-06-04 08:29:00,Active,1
CART001318,CUST00173,PROD0135,2024-06-21 23:07:00,Abandoned,1
CART001319,CUST00448,PROD0040,2025-05-03 21:32:00,Purchased,1
CART001320,CUST00326,PROD0024,2024-10-13 18:40:00,Abandoned,1
CART001321,CUST00428,PROD0119,2024-06-20 14:42:00,Purchased,2
CART001322,CUST00021,PROD0173,2024-09-12 09:21:00,Abandoned,1
CART001323,CUST00029,PROD0119,2024-12-15 22:37:00,Active,1
CART001324,CUST00017,PROD0166,2025-05-29 07:06:00,Abandoned,1
CART001325,CUST00277,PROD0129,2024-08-02 14:56:00,Active,3
CART001326,CUST00133,PROD0122,2025-01-31 10:57:00,Abandoned,1
CART001327,CUST00443,PROD0066,2025-04-26 22:05:00,Abandoned,1
CART001328,CUST00029,PROD0084,2025-06-14 06:12:00,Abandoned,1
CART001329,CUST00228,PROD0111,2025-02-06 07:07:00,Abandoned,2
CART001330,CUST00081,PROD0112,2024-11-19 07:59:00,Abandoned,1
CART001331,CUST00458,PROD0004,2024-07-23 10:26:00,Abandoned,2
CART001332,CUST00126,PROD0132,2025-06-11 15:02:00,Abandoned,1
CART001333,CUST00092,PROD0035,2024-09-05 07:13:00,Purchased,1
CART001334,CUST00438,PROD0136,2024-06-01 22:40:00,Abandoned,2
CART001335,CUST00031,PROD0121,2024-08-06 07:33:00,Abandoned,1
CART001336,CUST00374,PROD0099,2025-01-28 08:29:00,Purchased,1
CART001337,CUST00027,PROD0133,2025-06-06 18:09:00,Abandoned,1
CART001338,CUST00172,PROD0118,2025-01-30 11:38:00,Abandoned,1
CART001339,CUST00343,PROD0185,2024-11-10 23:11:00,Abandoned,1
CART001340,CUST00345,PROD0119,2024-11-09 15:53:00,Abandoned,1
CART001341,CUST00321,PROD0119,2024-09-08 22:20:00,Active,1
CART001342,CUST00445,PROD0166,2025-04-27 06:42:00,Purchased,1
CART001343,CUST00067,PROD0095,2024-07-18 20:09:00,Abandoned,2
CART001344,CUST00136,PROD0135,2025-06-04 22:42:00,Abandoned,2
CART001345,CUST00370,PROD0119,2025-01-27 16:36:00,Purchased,1
CART001346,CUST00084,PROD0031,2024-08-25 20:40:00,Abandoned,3
CART001347,CUST00074,PROD0132,2024-08-26 08:04:00,Abandoned,3
CART001348,CUST00167,PROD0082,2024-11-14 23:00:00,Abandoned,2
CART001349,CUST00104,PROD0165,2025-03-02 09:46:00,Abandoned,1
CART001350,CUST00027,PROD0138,2024-09-16 18:54:00,Purchased,2
CART001351,CUST00054,PROD0119,2025-03-23 11:51:00,Abandoned,1
CART001352,CUST00143,PROD0166,2025-05-09 18:25:00,Purchased,1
CART001353,CUST00292,PROD0119,2025-07-31 06:35:00,Purchased,2
CART001354,CUST00112,PROD0063,2025-08-20 22:08:00,Purchased,1
CART001355,CUST00483,PROD0121,2024-06-22 13:39:00,Purchased,1
CART001356,CUST00226,PROD0165,2024-10-24 20:03:00,Abandoned,1
CART001357,CUST00458,PROD0024,2025-01-09 11:59:00,Abandoned,1
CART001358,CUST00023,PROD0028,2024-11-08 12:43:00,Abandoned,1
CART001359,CUST00228,PROD0119,2025-03-23 14:17:00,Purchased,1
CART001360,CUST00173,PROD0031,2024-10-02 16:51:00,Abandoned,1
CART001361,CUST00462,PROD0048,2024-11-16 18:40:00,Abandoned,2
CART001362,CUST00347,PROD0184,2024-08-30 11:41:00,Abandoned,1
CART001363,CUST00146,PROD0035,2025-01-07 16:33:00,Active,2
CART001364,CUST00340,PROD0032,2024-07-20 21:57:00,Purchased,2
CART001365,CUST00231,PROD0173,2025-04-19 08:11:00,Purchased,3
CART001366,CUST00439,PROD0084,2025-05-02 15:51:00,Abandoned,1
CART001367,CUST00111,PROD0059,2024-11-12 10:19:00,Purchased,1
CART001368,CUST00084,PROD0112,2025-08-04 17:13:00,Abandoned,1
CART001369,CUST00189,PROD0060,2024-09-02 06:37:00,Purchased,1
CART001370,CUST00425,PROD0078,2025-01-08 10:14:00,Abandoned,2
CART001371,CUST00023,PROD0066,2025-04-15 17:15:00,Purchased,1
CART001372,CUST00021,PROD0057,2025-03-16 11:35:00,Abandoned,1
CART001373,CUST00401,PROD0011,2024-08-30 20:25:00,Active,1
CART001374,CUST00462,PROD0150,2025-07-04 07:15:00,Abandoned,1
CART001375,CUST00406,PROD0166,2024-11-13 18:41:00,Active,3
CART001376,CUST00427,PROD0192,2025-06-26 20:00:00,Purchased,2
CART001377,CUST00476,PROD0084,2025-05-17 15:15:00,Abandoned,1
CART001378,CUST00357,PROD0142,2025-04-07 16:08:00,Active,2
CART001379,CUST00190,PROD0117,2024-06-05 15:02:00,Abandoned,1
CART001380,CUST00315,PROD0119,2024-09-03 17:14:00,Active,1
CART001381,CUST00154,PROD0132,2025-02-01 19:16:00,Abandoned,1
CART001382,CUST00374,PROD0063,2025-03-11 08:44:00,Abandoned,1
CART001383,CUST00498,PROD0025,2025-04-22 20:50:00,Abandoned,1
CART001384,CUST00036,PROD0011,2024-11-02 14:43:00,Purchased,2
CART001385,CUST00018,PROD0131,2025-03-01 13:55:00,Abandoned,1
CART001386,CUST00030,PROD0172,2024-10-16 14:53:00,Abandoned,1
CART001387,CUST00335,PROD0050,2024-12-06 23:09:00,Purchased,1
CART001388,CUST00497,PROD0095,2025-08-31 17:55:00,Active,1
CART001389,CUST00155,PROD0172,2024-10-24 20:31:00,Abandoned,1
CART001390,CUST00030,PROD0183,2024-07-07 22:23:00,Abandoned,2
CART001391,CUST00255,PROD0024,2024-06-01 18:26:00,Purchased,3
CART001392,CUST00367,PROD0128,2024-11-23 12:08:00,Purchased,1
CART001393,CUST00333,PROD0119,2025-04-13 19:02:00,Abandoned,1
CART001394,CUST00495,PROD0024,2024-07-05 18:51:00,Abandoned,2
CART001395,CUST00319,PROD0066,2025-05-04 22:26:00,Abandoned,1
CART001396,CUST00010,PROD0121,2024-10-01 08:08:00,Abandoned,1
CART001397,CUST00107,PROD0103,2024-06-22 15:36:00,Abandoned,2
CART001398,CUST00270,PROD0065,2025-03-20 11:08:00,Active,2
CART001399,CUST00294,PROD0048,2024-07-18 07:16:00,Purchased,2
CART001400,CUST00112,PROD0005,2025-02-21 22:24:00,Purchased,1
CART001401,CUST00496,PROD0166,2025-02-01 11:26:00,Abandoned,2
CART001402,CUST00221,PROD0144,2025-02-23 10:00:00,Abandoned,1
CART001403,CUST00479,PROD0166,2025-08-03 19:25:00,Purchased,2
CART001404,CUST00189,PROD0048,2024-08-24 20:59:00,Abandoned,1
CART001405,CUST00105,PROD0118,2025-03-18 19:11:00,Purchased,1
CART001406,CUST00261,PROD0066,2025-03-26 17:24:00,Abandoned,3
CART001407,CUST00340,PROD0024,2024-12-06 10:37:00,Active,2
CART001408,CUST00259,PROD0180,2024-06-24 23:15:00,Purchased,1
CART001409,CUST00105,PROD0135,2024-12-28 16:48:00,Abandoned,1
CART001410,CUST00133,PROD0114,2025-08-29 21:55:00,Abandoned,1
CART001411,CUST00071,PROD0112,2024-10-19 23:32:00,Abandoned,1
CART001412,CUST00219,PROD0128,2025-07-17 21:28:00,Abandoned,1
CART001413,CUST00406,PROD0180,2024-11-05 11:23:00,Active,1
CART001414,CUST00406,PROD0131,2024-09-12 19:00:00,Abandoned,1
CART001415,CUST00278,PROD0046,2025-04-06 09:15:00,Abandoned,1
CART001416,CUST00447,PROD0119,2025-01-18 22:11:00,Purchased,1
CART001417,CUST00129,PROD0135,2025-03-05 22:55:00,Abandoned,2
CART001418,CUST00379,PROD0121,2024-08-12 13:06:00,Abandoned,2
CART001419,CUST00167,PROD0183,2024-11-13 12:38:00,Abandoned,1
CART001420,CUST00446,PROD0148,2025-05-19 12:48:00,Abandoned,1
CART001421,CUST00443,PROD0119,2024-12-03 08:09:00,Purchased,2
CART001422,CUST00329,PROD0031,2024-12-26 18:00:00,Purchased,1
CART001423,CUST00450,PROD0064,2025-05-24 06:57:00,Purchased,2
CART001424,CUST00053,PROD0004,2025-01-21 15:19:00,Purchased,2
CART001425,CUST00267,PROD0155,2025-02-09 20:59:00,Abandoned,1
CART001426,CUST00013,PROD0028,2025-04-12 10:53:00,Abandoned,2
CART001427,CUST00259,PROD0119,2025-02-04 08:50:00,Abandoned,1
CART001428,CUST00329,PROD0104,2025-01-29 13:54:00,Purchased,1
CART001429,CUST00376,PROD0066,2024-11-05 15:46:00,Abandoned,1
CART001430,CUST00376,PROD0087,2024-08-22 08:13:00,Abandoned,3
CART001431,CUST00236,PROD0031,2025-03-10 09:01:00,Purchased,2
CART001432,CUST00240,PROD0121,2024-08-19 22:51:00,Abandoned,1
CART001433,CUST00073,PROD0075,2025-01-13 21:20:00,Purchased,1
CART001434,CUST00286,PROD0112,2024-10-21 23:30:00,Purchased,1
CART001435,CUST00121,PROD0048,2025-04-01 07:37:00,Abandoned,2
CART001436,CUST00354,PROD0121,2024-10-19 23:27:00,Abandoned,2
CART001437,CUST00292,PROD0020,2025-07-14 16:53:00,Active,1
CART001438,CUST00242,PROD0112,2025-06-13 18:19:00,Purchased,2
CART001439,CUST00473,PROD0119,2025-03-15 10:18:00,Purchased,1
CART001440,CUST00231,PROD0168,2024-11-28 16:39:00,Active,1
CART001441,CUST00096,PROD0086,2024-09-28 10:03:00,Abandoned,1
CART001442,CUST00148,PROD0066,2024-07-10 11:14:00,Abandoned,2
CART001443,CUST00343,PROD0120,2025-01-31 13:01:00,Abandoned,1
CART001444,CUST00406,PROD0173,2024-06-03 21:27:00,Abandoned,1
CART001445,CUST00331,PROD0055,2025-07-16 09:39:00,Abandoned,1
CART001446,CUST00167,PROD0084,2025-03-22 23:57:00,Abandoned,1
CART001447,CUST00444,PROD0002,2025-08-19 18:08:00,Abandoned,1
CART001448,CUST00367,PROD0017,2024-11-21 23:58:00,Purchased,1
CART001449,CUST00029,PROD0092,2024-10-17 17:25:00,Abandoned,1
CART001450,CUST00243,PROD0142,2024-07-24 10:56:00,Purchased,1
CART001451,CUST00185,PROD0166,2025-06-21 08:30:00,Abandoned,1
CART001452,CUST00447,PROD0152,2024-10-10 17:15:00,Abandoned,1
CART001453,CUST00138,PROD0052,2025-02-09 06:28:00,Abandoned,1
CART001454,CUST00289,PROD0047,2025-05-22 19:26:00,Purchased,1
CART001455,CUST00222,PROD0200,2024-10-12 22:27:00,Abandoned,1
CART001456,CUST00331,PROD0166,2024-07-25 16:30:00,Purchased,2
CART001457,CUST00458,PROD0084,2024-10-13 15:54:00,Purchased,1
CART001458,CUST00119,PROD0074,2025-07-09 15:15:00,Abandoned,1
CART001459,CUST00043,PROD0066,2025-02-12 21:16:00,Purchased,1
CART001460,CUST00323,PROD0135,2024-12-08 11:20:00,Purchased,3
CART001461,CUST00456,PROD0024,2024-10-07 08:42:00,Purchased,1
CART001462,CUST00087,PROD0066,2024-11-20 21:42:00,Abandoned,1
CART001463,CUST00052,PROD0029,2024-06-20 16:54:00,Abandoned,1
CART001464,CUST00149,PROD0174,2024-07-15 09:00:00,Purchased,3
CART001465,CUST00036,PROD0119,2024-10-02 21:31:00,Abandoned,2
CART001466,CUST00025,PROD0181,2024-06-21 12:41:00,Purchased,1
CART001467,CUST00218,PROD0135,2025-08-02 08:31:00,Abandoned,1
CART001468,CUST00372,PROD0133,2025-01-17 07:14:00,Abandoned,1
CART001469,CUST00017,PROD0090,2025-05-19 08:48:00,Abandoned,1
CART001470,CUST00439,PROD0165,2025-06-25 11:02:00,Purchased,1
CART001471,CUST00116,PROD0011,2025-08-21 16:53:00,Abandoned,1
CART001472,CUST00167,PROD0064,2024-06-18 08:37:00,Purchased,1
CART001473,CUST00044,PROD0076,2025-08-12 22:30:00,Purchased,1
CART001474,CUST00348,PROD0095,2025-06-02 12:29:00,Purchased,2
CART001475,CUST00487,PROD0029,2025-07-02 12:19:00,Active,1
CART001476,CUST00182,PROD0066,2025-03-13 11:51:00,Abandoned,1
CART001477,CUST00048,PROD0141,2024-11-24 15:17:00,Abandoned,1
CART001478,CUST00191,PROD0113,2024-06-30 15:35:00,Abandoned,1
CART001479,CUST00497,PROD0166,2024-07-28 06:49:00,Abandoned,1
CART001480,CUST00173,PROD0116,2024-12-03 21:27:00,Purchased,1
CART001481,CUST00143,PROD0031,2024-12-12 20:47:00,Abandoned,2
CART001482,CUST00497,PROD0176,2025-08-23 19:55:00,Purchased,1
CART001483,CUST00356,PROD0064,2025-06-26 13:20:00,Purchased,2
CART001484,CUST00197,PROD0102,2024-10-07 06:44:00,Abandoned,1
CART001485,CUST00494,PROD0166,2024-08-31 19:20:00,Purchased,1
CART001486,CUST00047,PROD0196,2025-07-14 08:50:00,Abandoned,1
CART001487,CUST00343,PROD0135,2024-09-07 07:58:00,Active,3
CART001488,CUST00249,PROD0028,2024-11-12 23:54:00,Active,1
CART001489,CUST00159,PROD0130,2025-07-03 17:05:00,Abandoned,2
CART001490,CUST00313,PROD0112,2024-10-04 13:42:00,Purchased,1
CART001491,CUST00136,PROD0173,2025-07-14 23:37:00,Abandoned,1
CART001492,CUST00406,PROD0131,2025-08-17 08:17:00,Abandoned,1
CART001493,CUST00354,PROD0113,2024-06-30 18:12:00,Abandoned,1
CART001494,CUST00051,PROD0066,2024-10-05 07:38:00,Purchased,2
CART001495,CUST00353,PROD0190,2024-10-19 23:50:00,Abandoned,3
CART001496,CUST00294,PROD0112,2025-03-08 22:00:00,Abandoned,2
CART001497,CUST00081,PROD0135,2025-04-12 17:34:00,Active,3
CART001498,CUST00456,PROD0128,2025-04-04 08:46:00,Active,3
CART001499,CUST00490,PROD0165,2025-05-08 09:20:00,Abandoned,1
CART001500,CUST00410,PROD0063,2025-01-13 14:17:00,Active,1
CART001501,CUST00154,PROD0066,2025-06-21 18:42:00,Abandoned,2
CART001502,CUST00249,PROD0127,2025-08-22 13:38:00,Active,1
CART001503,CUST00264,PROD0116,2025-07-26 09:58:00,Abandoned,1
CART001504,CUST00494,PROD0066,2024-07-17 07:41:00,Abandoned,1
CART001505,CUST00199,PROD0121,2024-12-25 21:00:00,Purchased,1
CART001506,CUST00271,PROD0166,2025-06-14 15:00:00,Abandoned,2
CART001507,CUST00481,PROD0119,2024-06-04 13:57:00,Purchased,1
CART001508,CUST00148,PROD0118,2025-07-13 15:20:00,Abandoned,2
CART001509,CUST00110,PROD0113,2025-03-03 09:34:00,Abandoned,3
CART001510,CUST00014,PROD0096,2025-08-24 06:48:00,Abandoned,3
CART001511,CUST00148,PROD0001,2025-01-23 23:09:00,Purchased,2
CART001512,CUST00146,PROD0173,2024-10-25 08:51:00,Abandoned,1
CART001513,CUST00354,PROD0066,2024-10-31 06:43:00,Purchased,1
CART001514,CUST00415,PROD0030,2025-02-15 18:25:00,Active,1
CART001515,CUST00267,PROD0174,2025-01-29 11:49:00,Active,1
CART001516,CUST00290,PROD0132,2024-07-29 07:15:00,Abandoned,2
CART001517,CUST00018,PROD0121,2025-02-05 17:58:00,Abandoned,1
CART001518,CUST00018,PROD0034,2024-10-08 23:25:00,Active,2
CART001519,CUST00428,PROD0024,2024-10-13 14:40:00,Active,2
CART001520,CUST00113,PROD0200,2024-10-05 06:42:00,Abandoned,2
CART001521,CUST00194,PROD0032,2024-10-04 23:34:00,Purchased,1
CART001522,CUST00150,PROD0119,2024-09-08 10:25:00,Abandoned,1
CART001523,CUST00244,PROD0083,2024-09-03 11:38:00,Active,1
CART001524,CUST00343,PROD0183,2025-05-21 16:05:00,Abandoned,1
CART001525,CUST00129,PROD0024,2024-07-29 15:44:00,Abandoned,1
CART001526,CUST00095,PROD0050,2024-09-23 12:55:00,Purchased,1
CART001527,CUST00052,PROD0064,2025-03-21 13:21:00,Active,1
CART001528,CUST00080,PROD0024,2024-12-17 19:08:00,Purchased,2
CART001529,CUST00024,PROD0116,2025-02-26 07:59:00,Purchased,1
CART001530,CUST00441,PROD0166,2024-06-25 20:19:00,Abandoned,1
CART001531,CUST00330,PROD0181,2025-05-30 06:32:00,Abandoned,1
CART001532,CUST00130,PROD0135,2024-12-04 07:48:00,Active,1
CART001533,CUST00293,PROD0031,2025-06-22 19:31:00,Purchased,2
CART001534,CUST00220,PROD0121,2025-03-04 22:46:00,Abandoned,1
CART001535,CUST00049,PROD0006,2025-07-16 23:30:00,Purchased,1
CART001536,CUST00036,PROD0098,2024-07-03 11:02:00,Active,1
CART001537,CUST00232,PROD0112,2025-01-20 09:38:00,Active,1
CART001538,CUST00329,PROD0087,2025-02-22 08:34:00,Active,1
CART001539,CUST00207,PROD0076,2024-10-24 15:55:00,Purchased,1
CART001540,CUST00030,PROD0112,2025-01-03 08:05:00,Purchased,1
CART001541,CUST00493,PROD0118,2025-07-06 10:51:00,Abandoned,1
CART001542,CUST00090,PROD0192,2025-07-04 18:06:00,Purchased,1
CART001543,CUST00114,PROD0051,2025-05-31 16:34:00,Abandoned,1
CART001544,CUST00310,PROD0121,2024-08-25 23:21:00,Abandoned,2
CART001545,CUST00348,PROD0066,2024-12-09 07:21:00,Purchased,2
CART001546,CUST00248,PROD0119,2024-11-16 18:15:00,Purchased,1
CART001547,CUST00498,PROD0116,2024-10-26 09:07:00,Abandoned,2
CART001548,CUST00301,PROD0053,2025-07-01 18:02:00,Abandoned,1
CART001549,CUST00292,PROD0104,2024-10-21 20:51:00,Active,2
CART001550,CUST00323,PROD0135,2024-11-17 11:09:00,Purchased,3
CART001551,CUST00154,PROD0116,2025-07-25 16:14:00,Abandoned,1
CART001552,CUST00047,PROD0200,2025-08-14 21:43:00,Purchased,2
CART001553,CUST00229,PROD0112,2024-10-05 21:30:00,Abandoned,1
CART001554,CUST00201,PROD0013,2024-11-27 17:45:00,Abandoned,1
CART001555,CUST00329,PROD0113,2025-06-24 15:30:00,Active,1
CART001556,CUST00189,PROD0119,2024-09-06 07:55:00,Abandoned,1
CART001557,CUST00339,PROD0082,2025-07-13 10:58:00,Abandoned,1
CART001558,CUST00067,PROD0111,2025-05-06 12:05:00,Abandoned,1
CART001559,CUST00446,PROD0135,2024-06-27 08:18:00,Abandoned,1
CART001560,CUST00320,PROD0058,2025-01-23 08:52:00,Abandoned,2
CART001561,CUST00278,PROD0084,2025-02-23 16:46:00,Abandoned,1
CART001562,CUST00354,PROD0130,2024-12-23 14:26:00,Abandoned,1
CART001563,CUST00394,PROD0112,2024-06-26 18:26:00,Purchased,2
CART001564,CUST00379,PROD0119,2024-11-23 19:11:00,Abandoned,3
CART001565,CUST00382,PROD0116,2025-02-28 16:44:00,Active,1
CART001566,CUST00095,PROD0064,2024-10-14 18:59:00,Purchased,2
CART001567,CUST00057,PROD0139,2024-12-28 17:14:00,Purchased,1
CART001568,CUST00138,PROD0112,2024-10-21 10:47:00,Abandoned,1
CART001569,CUST00363,PROD0120,2025-04-26 08:47:00,Abandoned,2
CART001570,CUST00402,PROD0048,2025-08-29 15:01:00,Purchased,1
CART001571,CUST00353,PROD0128,2025-01-14 17:31:00,Abandoned,3
CART001572,CUST00104,PROD0084,2024-07-26 20:00:00,Purchased,1
CART001573,CUST00351,PROD0002,2025-07-06 18:33:00,Abandoned,1
CART001574,CUST00206,PROD0066,2024-07-25 07:21:00,Purchased,3
CART001575,CUST00351,PROD0066,2024-07-01 18:15:00,Purchased,1
CART001576,CUST00087,PROD0142,2025-04-09 18:25:00,Abandoned,1
CART001577,CUST00446,PROD0047,2024-11-27 19:53:00,Purchased,2
CART001578,CUST00027,PROD0068,2025-01-17 17:02:00,Purchased,1
CART001579,CUST00228,PROD0119,2024-11-04 22:56:00,Abandoned,1
CART001580,CUST00057,PROD0115,2024-08-20 08:41:00,Abandoned,2
CART001581,CUST00414,PROD0066,2025-06-11 19:17:00,Purchased,1
CART001582,CUST00073,PROD0119,2025-03-15 23:37:00,Purchased,1
CART001583,CUST00143,PROD0002,2024-10-21 06:55:00,Purchased,1
CART001584,CUST00304,PROD0047,2024-06-13 07:37:00,Purchased,1
CART001585,CUST00408,PROD0078,2024-11-17 11:03:00,Active,1
CART001586,CUST00370,PROD0105,2024-07-10 13:40:00,Purchased,1
CART001587,CUST00088,PROD0112,2024-06-13 10:23:00,Purchased,1
CART001588,CUST00293,PROD0068,2025-04-01 06:38:00,Abandoned,1
CART001589,CUST00494,PROD0183,2025-05-27 16:10:00,Active,3
CART001590,CUST00100,PROD0135,2024-10-22 12:49:00,Abandoned,2
CART001591,CUST00172,PROD0065,2025-08-07 17:36:00,Abandoned,1
CART001592,CUST00372,PROD0128,2024-10-17 17:14:00,Purchased,1
CART001593,CUST00059,PROD0173,2025-08-12 11:25:00,Purchased,2
CART001594,CUST00426,PROD0026,2024-11-08 07:39:00,Active,1
CART001595,CUST00273,PROD0047,2025-01-13 23:27:00,Purchased,1
CART001596,CUST00055,PROD0031,2024-06-16 10:55:00,Abandoned,2
CART001597,CUST00148,PROD0051,2025-05-14 17:58:00,Abandoned,1
CART001598,CUST00199,PROD0135,2025-01-18 15:42:00,Abandoned,1
CART001599,CUST00072,PROD0047,2025-01-21 14:51:00,Abandoned,1
CART001600,CUST00438,PROD0066,2024-11-17 10:02:00,Abandoned,1
CART001601,CUST00441,PROD0121,2024-11-26 15:47:00,Abandoned,1
CART001602,CUST00173,PROD0098,2024-11-01 15:44:00,Abandoned,1
CART001603,CUST00143,PROD0024,2024-06-16 16:14:00,Abandoned,1
CART001604,CUST00120,PROD0166,2025-02-02 08:07:00,Abandoned,3
CART001605,CUST00150,PROD0078,2025-04-09 06:40:00,Abandoned,1
CART001606,CUST00249,PROD0119,2025-01-22 09:45:00,Abandoned,2
CART001607,CUST00329,PROD0183,2025-07-31 18:22:00,Abandoned,1
CART001608,CUST00017,PROD0004,2024-07-24 17:33:00,Purchased,1
CART001609,CUST00172,PROD0023,2025-02-10 15:56:00,Abandoned,1
CART001610,CUST00246,PROD0031,2025-06-09 16:25:00,Abandoned,2
CART001611,CUST00175,PROD0172,2024-08-27 11:55:00,Purchased,2
CART001612,CUST00260,PROD0066,2024-07-07 17:09:00,Purchased,1
CART001613,CUST00431,PROD0119,2024-09-27 21:39:00,Abandoned,1
CART001614,CUST00046,PROD0029,2025-07-14 07:20:00,Active,1
CART001615,CUST00162,PROD0180,2024-11-12 19:24:00,Purchased,1
CART001616,CUST00129,PROD0119,2025-01-11 13:51:00,Abandoned,1
CART001617,CUST00321,PROD0144,2025-02-05 09:51:00,Abandoned,2
CART001618,CUST00129,PROD0047,2025-03-26 10:19:00,Abandoned,1
CART001619,CUST00039,PROD0029,2025-05-08 19:01:00,Abandoned,1
CART001620,CUST00136,PROD0031,2025-04-30 06:18:00,Abandoned,1
CART001621,CUST00100,PROD0135,2025-04-27 10:48:00,Abandoned,1
CART001622,CUST00129,PROD0119,2025-07-25 18:01:00,Purchased,1
CART001623,CUST00128,PROD0064,2025-02-15 12:22:00,Purchased,1
CART001624,CUST00100,PROD0050,2025-07-23 17:32:00,Abandoned,2
CART001625,CUST00469,PROD0165,2024-11-13 06:04:00,Abandoned,1
CART001626,CUST00304,PROD0066,2024-11-20 12:43:00,Purchased,1
CART001627,CUST00470,PROD0024,2024-09-01 08:28:00,Purchased,1
CART001628,CUST00445,PROD0172,2025-01-11 08:27:00,Abandoned,1
CART001629,CUST00163,PROD0173,2024-12-17 09:20:00,Abandoned,2
CART001630,CUST00128,PROD0009,2025-01-19 07:22:00,Abandoned,2
CART001631,CUST00496,PROD0166,2025-01-10 20:36:00,Purchased,1
CART001632,CUST00408,PROD0005,2025-08-02 17:08:00,Purchased,1
CART001633,CUST00480,PROD0135,2024-08-07 14:19:00,Purchased,1
CART001634,CUST00160,PROD0063,2024-11-24 12:15:00,Abandoned,1
CART001635,CUST00202,PROD0024,2025-08-17 16:19:00,Abandoned,1
CART001636,CUST00427,PROD0024,2025-06-02 14:03:00,Active,1
CART001637,CUST00332,PROD0125,2025-07-15 18:16:00,Active,1
CART001638,CUST00047,PROD0166,2024-10-25 17:13:00,Purchased,1
CART001639,CUST00230,PROD0035,2024-10-15 16:44:00,Abandoned,1
CART001640,CUST00129,PROD0095,2024-11-09 07:20:00,Active,2
CART001641,CUST00458,PROD0030,2025-06-07 20:07:00,Abandoned,3
CART001642,CUST00339,PROD0200,2024-10-26 08:48:00,Abandoned,2
CART001643,CUST00331,PROD0066,2025-03-31 22:40:00,Abandoned,1
CART001644,CUST00089,PROD0047,2025-04-05 23:25:00,Abandoned,2
CART001645,CUST00251,PROD0112,2024-08-24 15:54:00,Active,1
CART001646,CUST00439,PROD0166,2025-03-04 18:37:00,Purchased,3
CART001647,CUST00448,PROD0035,2024-11-12 19:21:00,Abandoned,1
CART001648,CUST00218,PROD0138,2024-08-09 09:35:00,Abandoned,2
CART001649,CUST00276,PROD0135,2024-06-20 12:56:00,Abandoned,1
CART001650,CUST00301,PROD0166,2025-06-29 21:16:00,Abandoned,1
CART001651,CUST00096,PROD0047,2025-07-03 23:29:00,Abandoned,1
CART001652,CUST00339,PROD0116,2024-11-19 23:00:00,Abandoned,1
CART001653,CUST00477,PROD0166,2025-06-25 20:03:00,Active,1
CART001654,CUST00046,PROD0200,2024-08-03 11:15:00,Active,1
CART001655,CUST00126,PROD0112,2024-10-18 21:54:00,Abandoned,2
CART001656,CUST00491,PROD0081,2024-07-01 08:34:00,Abandoned,1
CART001657,CUST00172,PROD0194,2024-07-09 13:54:00,Purchased,1
CART001658,CUST00345,PROD0135,2024-12-03 09:36:00,Purchased,1
CART001659,CUST00140,PROD0066,2024-09-20 11:01:00,Abandoned,2
CART001660,CUST00027,PROD0080,2025-04-26 17:27:00,Abandoned,1
CART001661,CUST00442,PROD0131,2024-07-02 13:13:00,Purchased,2
CART001662,CUST00230,PROD0121,2025-07-03 10:44:00,Active,2
CART001663,CUST00189,PROD0057,2024-10-05 21:13:00,Active,2
CART001664,CUST00464,PROD0024,2024-06-07 10:13:00,Abandoned,2
CART001665,CUST00175,PROD0064,2024-08-29 18:18:00,Abandoned,1
CART001666,CUST00492,PROD0192,2024-10-25 07:11:00,Abandoned,3
CART001667,CUST00138,PROD0166,2024-09-12 10:20:00,Abandoned,2
CART001668,CUST00160,PROD0047,2025-07-26 11:52:00,Abandoned,1
CART001669,CUST00497,PROD0031,2024-06-05 20:24:00,Abandoned,2
CART001670,CUST00282,PROD0084,2024-07-06 11:16:00,Purchased,1
CART001671,CUST00179,PROD0111,2025-02-14 20:30:00,Abandoned,1
CART001672,CUST00487,PROD0121,2024-10-27 11:14:00,Active,1
CART001673,CUST00227,PROD0063,2024-11-06 23:55:00,Abandoned,2
CART001674,CUST00430,PROD0121,2025-01-21 10:02:00,Purchased,1
CART001675,CUST00307,PROD0152,2025-04-20 13:43:00,Purchased,1
CART001676,CUST00356,PROD0132,2024-07-13 06:36:00,Purchased,1
CART001677,CUST00388,PROD0118,2025-06-07 14:44:00,Purchased,1
CART001678,CUST00014,PROD0041,2024-11-27 08:27:00,Abandoned,1
CART001679,CUST00428,PROD0132,2025-08-26 12:14:00,Active,1
CART001680,CUST00054,PROD0026,2025-01-03 11:33:00,Abandoned,1
CART001681,CUST00337,PROD0031,2024-07-15 15:08:00,Purchased,1
CART001682,CUST00172,PROD0165,2025-06-14 15:31:00,Abandoned,1
CART001683,CUST00400,PROD0119,2024-12-19 08:38:00,Abandoned,1
CART001684,CUST00363,PROD0024,2024-10-10 22:09:00,Abandoned,1
CART001685,CUST00251,PROD0121,2025-07-07 06:51:00,Active,2
CART001686,CUST00487,PROD0135,2024-10-16 21:21:00,Abandoned,1
CART001687,CUST00216,PROD0119,2025-01-17 08:21:00,Abandoned,2
CART001688,CUST00033,PROD0135,2024-08-02 16:08:00,Abandoned,1
CART001689,CUST00247,PROD0119,2024-06-15 07:58:00,Abandoned,1
CART001690,CUST00253,PROD0023,2025-04-04 16:27:00,Abandoned,1
CART001691,CUST00393,PROD0066,2024-12-07 08:12:00,Abandoned,2
CART001692,CUST00396,PROD0141,2024-08-12 13:07:00,Purchased,1
CART001693,CUST00292,PROD0081,2025-07-14 06:45:00,Abandoned,1
CART001694,CUST00189,PROD0114,2025-05-25 15:15:00,Purchased,1
CART001695,CUST00474,PROD0116,2025-06-15 10:11:00,Active,1
CART001696,CUST00380,PROD0021,2025-05-27 19:40:00,Active,1
CART001697,CUST00210,PROD0031,2025-04-22 10:58:00,Purchased,1
CART001698,CUST00092,PROD0031,2024-06-03 21:28:00,Abandoned,1
CART001699,CUST00129,PROD0035,2024-10-22 20:13:00,Purchased,1
CART001700,CUST00242,PROD0068,2024-12-15 08:26:00,Active,1
CART001701,CUST00406,PROD0011,2025-06-27 22:44:00,Purchased,1
CART001702,CUST00354,PROD0079,2024-10-15 18:25:00,Abandoned,1
CART001703,CUST00379,PROD0095,2024-12-01 21:01:00,Abandoned,1
CART001704,CUST00462,PROD0166,2024-11-12 06:13:00,Abandoned,2
CART001705,CUST00143,PROD0133,2024-12-25 17:03:00,Abandoned,1
CART001706,CUST00022,PROD0183,2025-06-14 18:51:00,Purchased,2
CART001707,CUST00138,PROD0065,2025-01-17 16:39:00,Abandoned,2
CART001708,CUST00469,PROD0063,2025-01-31 11:39:00,Abandoned,2
CART001709,CUST00108,PROD0081,2024-08-28 15:08:00,Abandoned,1
CART001710,CUST00432,PROD0166,2025-03-10 15:05:00,Active,1
CART001711,CUST00324,PROD0166,2025-02-11 07:40:00,Abandoned,1
CART001712,CUST00458,PROD0165,2025-07-03 15:46:00,Purchased,2
CART001713,CUST00179,PROD0166,2025-01-16 10:57:00,Abandoned,1
CART001714,CUST00307,PROD0102,2024-10-09 14:01:00,Active,3
CART001715,CUST00021,PROD0178,2024-08-11 19:30:00,Active,1
CART001716,CUST00194,PROD0133,2024-09-14 17:32:00,Purchased,3
CART001717,CUST00370,PROD0145,2024-07-16 19:29:00,Abandoned,1
CART001718,CUST00477,PROD0063,2024-08-03 10:23:00,Abandoned,1
CART001719,CUST00465,PROD0111,2024-11-14 06:53:00,Abandoned,1
CART001720,CUST00470,PROD0021,2024-08-08 11:00:00,Purchased,1
CART001721,CUST00036,PROD0066,2024-09-22 13:45:00,Abandoned,1
CART001722,CUST00147,PROD0079,2025-07-29 12:51:00,Abandoned,1
CART001723,CUST00175,PROD0063,2025-01-08 17:40:00,Abandoned,2
CART001724,CUST00404,PROD0112,2025-06-21 14:26:00,Active,2
CART001725,CUST00072,PROD0060,2025-03-11 08:18:00,Abandoned,3
CART001726,CUST00172,PROD0052,2025-06-27 20:17:00,Abandoned,1
CART001727,CUST00345,PROD0011,2024-06-09 21:41:00,Abandoned,1
CART001728,CUST00323,PROD0034,2025-05-05 12:06:00,Abandoned,1
CART001729,CUST00253,PROD0066,2025-04-28 12:37:00,Active,2
CART001730,CUST00027,PROD0047,2025-07-07 21:47:00,Abandoned,1
CART001731,CUST00227,PROD0046,2025-08-29 23:45:00,Abandoned,3
CART001732,CUST00002,PROD0118,2025-06-29 08:16:00,Abandoned,1
CART001733,CUST00202,PROD0070,2024-06-13 22:27:00,Purchased,2
CART001734,CUST00214,PROD0116,2024-10-04 16:52:00,Abandoned,2
CART001735,CUST00393,PROD0118,2025-07-13 06:55:00,Abandoned,1
CART001736,CUST00388,PROD0118,2024-09-23 12:09:00,Abandoned,1
CART001737,CUST00138,PROD0166,2025-05-20 19:18:00,Purchased,1
CART001738,CUST00038,PROD0183,2024-10-18 10:08:00,Active,1
CART001739,CUST00396,PROD0031,2025-02-27 13:37:00,Abandoned,1
CART001740,CUST00045,PROD0132,2024-08-09 18:06:00,Purchased,1
CART001741,CUST00119,PROD0084,2024-07-04 09:10:00,Active,2
CART001742,CUST00031,PROD0166,2025-03-05 23:37:00,Active,1
CART001743,CUST00435,PROD0047,2024-10-06 23:51:00,Abandoned,1
CART001744,CUST00173,PROD0194,2024-08-12 08:42:00,Purchased,2
CART001745,CUST00321,PROD0004,2025-07-30 16:39:00,Abandoned,3
CART001746,CUST00462,PROD0112,2024-09-17 23:59:00,Abandoned,1
CART001747,CUST00294,PROD0070,2025-04-02 13:16:00,Purchased,2
CART001748,CUST00101,PROD0079,2025-08-06 06:44:00,Purchased,1
CART001749,CUST00154,PROD0013,2024-10-25 11:43:00,Abandoned,1
CART001750,CUST00044,PROD0001,2025-01-18 19:47:00,Active,1
CART001751,CUST00008,PROD0166,2025-01-22 11:08:00,Purchased,1
CART001752,CUST00433,PROD0063,2024-09-21 22:45:00,Abandoned,2
CART001753,CUST00085,PROD0166,2025-05-29 21:19:00,Purchased,1
CART001754,CUST00016,PROD0026,2024-07-18 11:21:00,Abandoned,2
CART001755,CUST00187,PROD0011,2025-01-11 20:47:00,Abandoned,1
CART001756,CUST00112,PROD0041,2025-05-04 21:04:00,Abandoned,1
CART001757,CUST00204,PROD0027,2025-01-09 22:33:00,Purchased,1
CART001758,CUST00013,PROD0095,2025-01-16 10:13:00,Abandoned,1
CART001759,CUST00378,PROD0068,2025-04-27 22:41:00,Abandoned,1
CART001760,CUST00438,PROD0118,2024-08-27 21:03:00,Abandoned,2
CART001761,CUST00386,PROD0190,2024-07-11 23:54:00,Abandoned,1
CART001762,CUST00233,PROD0128,2025-08-20 08:24:00,Abandoned,1
CART001763,CUST00338,PROD0066,2024-10-16 07:24:00,Active,1
CART001764,CUST00017,PROD0064,2024-08-19 08:46:00,Purchased,1
CART001765,CUST00217,PROD0135,2024-12-18 14:36:00,Abandoned,1
CART001766,CUST00110,PROD0166,2024-07-10 17:25:00,Abandoned,3
CART001767,CUST00226,PROD0047,2024-10-31 20:47:00,Abandoned,1
CART001768,CUST00077,PROD0066,2025-01-10 23:55:00,Abandoned,1
CART001769,CUST00331,PROD0166,2025-01-17 18:01:00,Active,1
CART001770,CUST00051,PROD0004,2025-04-16 16:32:00,Abandoned,1
CART001771,CUST00227,PROD0030,2024-09-09 20:39:00,Abandoned,2
CART001772,CUST00228,PROD0183,2025-08-31 18:12:00,Active,2
CART001773,CUST00122,PROD0052,2024-10-04 23:15:00,Purchased,3
CART001774,CUST00149,PROD0131,2025-08-07 20:09:00,Purchased,2
CART001775,CUST00289,PROD0046,2024-08-21 18:51:00,Purchased,1
CART001776,CUST00480,PROD0171,2024-08-15 07:53:00,Abandoned,1
CART001777,CUST00283,PROD0104,2024-07-22 07:36:00,Purchased,1
CART001778,CUST00483,PROD0180,2025-01-12 19:05:00,Abandoned,1
CART001779,CUST00105,PROD0133,2024-06-23 18:08:00,Purchased,1
CART001780,CUST00004,PROD0075,2025-06-19 09:26:00,Abandoned,3
CART001781,CUST00329,PROD0135,2024-10-06 17:57:00,Abandoned,1
CART001782,CUST00363,PROD0112,2024-07-09 20:43:00,Abandoned,2
CART001783,CUST00105,PROD0029,2024-12-07 19:17:00,Abandoned,1
CART001784,CUST00304,PROD0121,2024-10-04 21:42:00,Abandoned,3
CART001785,CUST00408,PROD0031,2025-04-26 18:20:00,Abandoned,1
CART001786,CUST00370,PROD0150,2024-08-06 17:56:00,Abandoned,1
CART001787,CUST00431,PROD0066,2024-07-05 17:06:00,Purchased,1
CART001788,CUST00048,PROD0002,2024-10-24 14:30:00,Abandoned,1
CART001789,CUST00048,PROD0121,2025-08-27 14:00:00,Purchased,2
CART001790,CUST00121,PROD0136,2025-07-26 07:24:00,Abandoned,2
CART001791,CUST00445,PROD0142,2024-10-14 20:21:00,Abandoned,1
CART001792,CUST00231,PROD0024,2025-08-31 19:51:00,Abandoned,1
CART001793,CUST00485,PROD0136,2024-11-16 10:18:00,Active,1
CART001794,CUST00113,PROD0128,2025-06-10 07:22:00,Purchased,3
CART001795,CUST00055,PROD0040,2024-06-19 19:24:00,Abandoned,1
CART001796,CUST00406,PROD0047,2025-01-07 14:20:00,Purchased,1
CART001797,CUST00147,PROD0119,2024-12-18 10:11:00,Abandoned,1
CART001798,CUST00340,PROD0064,2025-02-22 15:16:00,Purchased,3
CART001799,CUST00356,PROD0084,2025-04-26 22:37:00,Abandoned,2
CART001800,CUST00147,PROD0131,2024-11-22 21:59:00,Abandoned,2
CART001801,CUST00137,PROD0175,2025-01-18 06:09:00,Purchased,1
CART001802,CUST00195,PROD0066,2024-08-03 12:33:00,Abandoned,1
CART001803,CUST00146,PROD0095,2024-11-02 23:27:00,Purchased,1
CART001804,CUST00278,PROD0035,2024-09-11 22:49:00,Purchased,1
CART001805,CUST00247,PROD0029,2024-10-04 16:52:00,Abandoned,1
CART001806,CUST00078,PROD0094,2024-10-28 07:46:00,Purchased,2
CART001807,CUST00393,PROD0198,2024-12-30 20:01:00,Abandoned,1
CART001808,CUST00477,PROD0078,2025-01-10 19:12:00,Purchased,1
CART001809,CUST00260,PROD0025,2025-05-17 15:51:00,Abandoned,3
CART001810,CUST00027,PROD0150,2024-09-30 10:58:00,Purchased,1
CART001811,CUST00343,PROD0019,2024-11-30 22:41:00,Abandoned,1
CART001812,CUST00267,PROD0095,2025-07-17 07:11:00,Purchased,2
CART001813,CUST00052,PROD0067,2025-07-24 16:46:00,Purchased,2
CART001814,CUST00287,PROD0118,2024-11-12 23:39:00,Active,1
CART001815,CUST00380,PROD0031,2025-08-13 23:14:00,Purchased,1
CART001816,CUST00209,PROD0008,2025-01-08 14:47:00,Purchased,1
CART001817,CUST00120,PROD0193,2024-11-20 12:17:00,Active,1
CART001818,CUST00218,PROD0031,2024-11-11 06:37:00,Active,1
CART001819,CUST00218,PROD0166,2024-08-31 19:40:00,Purchased,1
CART001820,CUST00017,PROD0066,2024-12-04 21:38:00,Abandoned,1
CART001821,CUST00260,PROD0066,2025-08-27 21:08:00,Abandoned,1
CART001822,CUST00116,PROD0031,2024-06-18 16:09:00,Abandoned,1
CART001823,CUST00333,PROD0166,2024-08-10 14:07:00,Purchased,1
CART001824,CUST00160,PROD0121,2024-08-25 17:24:00,Abandoned,3
CART001825,CUST00356,PROD0183,2024-10-10 14:33:00,Purchased,1
CART001826,CUST00357,PROD0132,2024-06-10 15:20:00,Purchased,3
CART001827,CUST00464,PROD0031,2025-01-05 20:13:00,Abandoned,1
CART001828,CUST00443,PROD0130,2024-09-19 18:48:00,Active,1
CART001829,CUST00136,PROD0014,2024-07-31 21:19:00,Abandoned,1
CART001830,CUST00367,PROD0099,2025-01-28 06:36:00,Abandoned,1
CART001831,CUST00144,PROD0132,2024-11-03 21:40:00,Abandoned,1
CART001832,CUST00094,PROD0119,2025-06-01 13:36:00,Abandoned,1
CART001833,CUST00050,PROD0166,2024-07-01 06:56:00,Abandoned,1
CART001834,CUST00125,PROD0174,2025-04-19 23:02:00,Purchased,1
CART001835,CUST00329,PROD0116,2024-08-04 19:00:00,Purchased,2
CART001836,CUST00234,PROD0121,2024-06-20 14:17:00,Purchased,1
CART001837,CUST00283,PROD0095,2024-09-21 07:51:00,Purchased,1
CART001838,CUST00306,PROD0024,2024-11-22 08:22:00,Abandoned,1
CART001839,CUST00140,PROD0161,2024-06-25 10:21:00,Abandoned,2
CART001840,CUST00354,PROD0094,2025-07-21 14:39:00,Purchased,2
CART001841,CUST00466,PROD0102,2024-11-27 20:12:00,Abandoned,1
CART001842,CUST00027,PROD0172,2025-03-08 10:02:00,Purchased,1
CART001843,CUST00463,PROD0199,2024-08-14 09:36:00,Active,2
CART001844,CUST00279,PROD0095,2025-08-18 20:42:00,Abandoned,2
CART001845,CUST00345,PROD0074,2025-03-07 21:18:00,Abandoned,1
CART001846,CUST00120,PROD0095,2024-09-12 19:29:00,Abandoned,1
CART001847,CUST00353,PROD0013,2025-05-06 17:07:00,Abandoned,1
CART001848,CUST00246,PROD0119,2025-05-04 15:04:00,Abandoned,2
CART001849,CUST00194,PROD0024,2025-03-24 19:47:00,Abandoned,1
CART001850,CUST00148,PROD0054,2024-07-22 22:46:00,Purchased,1
CART001851,CUST00217,PROD0104,2025-01-21 12:00:00,Abandoned,1
CART001852,CUST00458,PROD0112,2024-11-19 22:48:00,Active,1
CART001853,CUST00289,PROD0119,2025-01-21 10:53:00,Abandoned,2
CART001854,CUST00376,PROD0166,2024-06-26 16:50:00,Abandoned,1
CART001855,CUST00144,PROD0122,2024-11-26 22:55:00,Abandoned,2
CART001856,CUST00174,PROD0051,2024-10-14 22:51:00,Abandoned,1
CART001857,CUST00095,PROD0050,2024-06-07 09:36:00,Abandoned,2
CART001858,CUST00183,PROD0008,2024-11-04 11:15:00,Abandoned,2
CART001859,CUST00244,PROD0194,2025-01-04 13:10:00,Abandoned,3
CART001860,CUST00096,PROD0065,2025-03-28 06:47:00,Abandoned,3
CART001861,CUST00408,PROD0118,2024-07-07 17:46:00,Abandoned,1
CART001862,CUST00036,PROD0066,2024-10-05 18:45:00,Abandoned,1
CART001863,CUST00416,PROD0036,2024-10-18 14:10:00,Abandoned,1
CART001864,CUST00137,PROD0068,2024-10-01 19:53:00,Abandoned,3
CART001865,CUST00195,PROD0031,2024-12-02 15:59:00,Abandoned,1
CART001866,CUST00104,PROD0064,2024-07-24 12:06:00,Abandoned,2
CART001867,CUST00391,PROD0076,2025-03-21 12:44:00,Purchased,1
CART001868,CUST00074,PROD0078,2025-01-11 18:25:00,Purchased,1
CART001869,CUST00321,PROD0134,2025-06-23 12:42:00,Abandoned,1
CART001870,CUST00001,PROD0024,2025-07-21 08:23:00,Purchased,2
CART001871,CUST00415,PROD0113,2024-12-29 22:59:00,Active,1
CART001872,CUST00422,PROD0165,2024-11-10 08:29:00,Abandoned,1
CART001873,CUST00363,PROD0010,2025-06-23 22:09:00,Abandoned,1
CART001874,CUST00207,PROD0128,2025-02-23 10:56:00,Abandoned,1
CART001875,CUST00476,PROD0194,2024-12-29 17:52:00,Abandoned,1
CART001876,CUST00267,PROD0111,2025-07-30 15:26:00,Abandoned,1
CART001877,CUST00046,PROD0173,2024-09-13 23:37:00,Purchased,2
CART001878,CUST00099,PROD0183,2025-05-22 19:59:00,Purchased,2
CART001879,CUST00480,PROD0026,2024-11-22 13:08:00,Abandoned,1
CART001880,CUST00396,PROD0060,2025-07-17 10:14:00,Abandoned,1
CART001881,CUST00435,PROD0112,2024-12-24 21:07:00,Abandoned,1
CART001882,CUST00045,PROD0066,2024-11-20 22:37:00,Purchased,1
CART001883,CUST00363,PROD0067,2024-11-15 10:56:00,Purchased,2
CART001884,CUST00370,PROD0008,2025-06-03 13:30:00,Active,3
CART001885,CUST00473,PROD0166,2025-02-13 07:02:00,Active,1
CART001886,CUST00321,PROD0130,2024-10-11 19:20:00,Abandoned,1
CART001887,CUST00182,PROD0121,2024-10-14 23:40:00,Abandoned,1
CART001888,CUST00450,PROD0066,2025-08-11 20:03:00,Active,1
CART001889,CUST00044,PROD0024,2024-10-27 23:17:00,Abandoned,1
CART001890,CUST00422,PROD0133,2025-07-04 20:37:00,Abandoned,1
CART001891,CUST00202,PROD0063,2025-01-21 14:04:00,Abandoned,1
CART001892,CUST00179,PROD0174,2025-02-20 20:26:00,Abandoned,2
CART001893,CUST00301,PROD0066,2025-04-19 16:20:00,Purchased,1
CART001894,CUST00289,PROD0079,2024-08-05 22:04:00,Abandoned,1
CART001895,CUST00140,PROD0031,2025-06-08 23:39:00,Active,1
CART001896,CUST00154,PROD0112,2025-04-30 07:53:00,Abandoned,1
CART001897,CUST00260,PROD0105,2025-07-08 12:29:00,Abandoned,1
CART001898,CUST00055,PROD0075,2025-02-08 08:22:00,Abandoned,1
CART001899,CUST00446,PROD0024,2024-06-14 08:20:00,Abandoned,1
CART001900,CUST00337,PROD0095,2024-07-15 07:35:00,Abandoned,2
CART001901,CUST00099,PROD0066,2024-08-22 15:23:00,Abandoned,3
CART001902,CUST00372,PROD0132,2024-06-19 18:10:00,Abandoned,1
CART001903,CUST00278,PROD0074,2024-10-22 23:13:00,Abandoned,2
CART001904,CUST00012,PROD0120,2024-11-11 14:35:00,Abandoned,1
CART001905,CUST00095,PROD0058,2025-01-23 20:26:00,Purchased,3
CART001906,CUST00492,PROD0062,2024-07-14 22:01:00,Purchased,1
CART001907,CUST00195,PROD0135,2024-12-30 06:43:00,Abandoned,1
CART001908,CUST00318,PROD0031,2025-03-14 18:05:00,Purchased,1
CART001909,CUST00405,PROD0034,2024-10-16 13:37:00,Abandoned,3
CART001910,CUST00267,PROD0173,2025-03-21 09:11:00,Purchased,3
CART001911,CUST00144,PROD0028,2025-05-29 06:40:00,Abandoned,2
CART001912,CUST00300,PROD0119,2025-07-17 08:35:00,Abandoned,1
CART001913,CUST00296,PROD0021,2024-07-31 09:09:00,Abandoned,1
CART001914,CUST00406,PROD0133,2025-08-16 23:33:00,Abandoned,1
CART001915,CUST00173,PROD0040,2024-06-16 18:54:00,Abandoned,1
CART001916,CUST00117,PROD0084,2024-07-31 09:32:00,Active,1
CART001917,CUST00458,PROD0135,2025-06-16 10:52:00,Purchased,2
CART001918,CUST00175,PROD0131,2025-04-30 21:00:00,Abandoned,1
CART001919,CUST00430,PROD0095,2024-06-08 18:45:00,Active,1
CART001920,CUST00331,PROD0118,2024-09-12 07:55:00,Purchased,1
CART001921,CUST00184,PROD0192,2025-06-08 07:29:00,Abandoned,2
CART001922,CUST00086,PROD0066,2024-11-07 10:14:00,Abandoned,1
CART001923,CUST00014,PROD0119,2024-11-01 10:37:00,Abandoned,1
CART001924,CUST00005,PROD0066,2025-05-08 10:24:00,Abandoned,1
CART001925,CUST00388,PROD0130,2025-06-21 13:14:00,Abandoned,1
CART001926,CUST00126,PROD0118,2025-07-28 22:42:00,Abandoned,1
CART001927,CUST00214,PROD0031,2024-12-14 15:38:00,Abandoned,1
CART001928,CUST00384,PROD0083,2024-10-21 07:15:00,Active,1
CART001929,CUST00018,PROD0088,2024-10-29 16:02:00,Abandoned,1
CART001930,CUST00351,PROD0017,2024-12-15 21:20:00,Abandoned,2
CART001931,CUST00213,PROD0114,2024-12-11 22:39:00,Abandoned,1
CART001932,CUST00048,PROD0031,2024-08-23 22:50:00,Active,2
CART001933,CUST00129,PROD0179,2025-06-02 13:12:00,Abandoned,1
CART001934,CUST00354,PROD0020,2025-01-15 17:44:00,Abandoned,3
CART001935,CUST00017,PROD0065,2024-06-23 06:51:00,Abandoned,1
CART001936,CUST00051,PROD0105,2025-04-09 20:15:00,Active,1
CART001937,CUST00370,PROD0024,2024-08-05 09:49:00,Purchased,1
CART001938,CUST00394,PROD0166,2024-09-17 12:06:00,Abandoned,1
CART001939,CUST00424,PROD0121,2024-08-10 16:21:00,Abandoned,1
CART001940,CUST00439,PROD0024,2024-07-07 07:43:00,Active,1
CART001941,CUST00321,PROD0047,2025-06-05 16:28:00,Active,2
CART001942,CUST00270,PROD0031,2025-08-24 07:22:00,Purchased,1
CART001943,CUST00211,PROD0200,2025-06-25 08:33:00,Abandoned,1
CART001944,CUST00195,PROD0029,2025-07-22 13:33:00,Abandoned,2
CART001945,CUST00140,PROD0135,2025-05-05 14:16:00,Purchased,1
CART001946,CUST00294,PROD0063,2025-05-21 15:23:00,Abandoned,1
CART001947,CUST00329,PROD0066,2024-06-16 23:13:00,Purchased,1
CART001948,CUST00322,PROD0059,2025-02-14 08:19:00,Purchased,1
CART001949,CUST00343,PROD0112,2024-10-19 15:56:00,Abandoned,1
CART001950,CUST00152,PROD0121,2025-04-21 07:41:00,Active,1
CART001951,CUST00327,PROD0047,2024-09-18 09:48:00,Purchased,1
CART001952,CUST00135,PROD0125,2025-08-05 13:41:00,Abandoned,1
CART001953,CUST00277,PROD0173,2024-08-22 07:12:00,Abandoned,1
CART001954,CUST00052,PROD0121,2025-03-09 23:28:00,Purchased,1
CART001955,CUST00259,PROD0135,2024-06-16 16:40:00,Active,3
CART001956,CUST00105,PROD0031,2025-07-28 18:52:00,Active,2
CART001957,CUST00377,PROD0031,2025-06-01 23:38:00,Purchased,1
CART001958,CUST00356,PROD0192,2024-09-01 07:37:00,Abandoned,1
CART001959,CUST00370,PROD0087,2024-06-24 20:56:00,Abandoned,1
CART001960,CUST00291,PROD0064,2024-07-30 20:34:00,Purchased,1
CART001961,CUST00096,PROD0009,2024-08-07 10:14:00,Abandoned,2
CART001962,CUST00007,PROD0136,2025-04-29 15:51:00,Active,1
CART001963,CUST00101,PROD0166,2024-12-05 14:22:00,Abandoned,1
CART001964,CUST00199,PROD0047,2024-11-06 22:18:00,Abandoned,1
CART001965,CUST00162,PROD0122,2025-07-26 19:30:00,Abandoned,1
CART001966,CUST00161,PROD0133,2024-12-31 15:01:00,Active,1
CART001967,CUST00400,PROD0166,2025-01-24 13:52:00,Active,1
CART001968,CUST00218,PROD0112,2024-11-22 19:46:00,Abandoned,1
CART001969,CUST00222,PROD0095,2024-09-10 15:52:00,Purchased,2
CART001970,CUST00446,PROD0135,2024-11-13 08:27:00,Purchased,1
CART001971,CUST00353,PROD0119,2025-01-28 10:39:00,Abandoned,1
CART001972,CUST00297,PROD0171,2024-07-07 21:13:00,Active,1
CART001973,CUST00244,PROD0128,2024-07-09 21:32:00,Abandoned,2
CART001974,CUST00018,PROD0166,2024-06-12 12:55:00,Purchased,1
CART001975,CUST00395,PROD0166,2025-08-21 17:37:00,Abandoned,1
CART001976,CUST00249,PROD0024,2024-08-10 17:28:00,Active,1
CART001977,CUST00026,PROD0166,2024-07-25 11:38:00,Active,1
CART001978,CUST00301,PROD0047,2025-08-31 10:42:00,Abandoned,1
CART001979,CUST00452,PROD0179,2025-08-01 13:06:00,Abandoned,2
CART001980,CUST00121,PROD0031,2025-01-16 18:35:00,Active,1
CART001981,CUST00411,PROD0135,2024-10-10 12:45:00,Purchased,1
CART001982,CUST00113,PROD0119,2024-07-05 10:36:00,Purchased,1
CART001983,CUST00331,PROD0046,2025-01-26 16:35:00,Abandoned,1
CART001984,CUST00228,PROD0182,2024-07-17 15:41:00,Purchased,1
CART001985,CUST00444,PROD0075,2024-11-19 13:14:00,Purchased,1
CART001986,CUST00328,PROD0008,2024-11-28 15:05:00,Abandoned,1
CART001987,CUST00303,PROD0118,2025-02-26 17:04:00,Abandoned,1
CART001988,CUST00121,PROD0060,2024-11-05 17:40:00,Active,1
CART001989,CUST00335,PROD0119,2024-09-15 14:34:00,Abandoned,2
CART001990,CUST00217,PROD0031,2024-09-13 19:51:00,Abandoned,1
CART001991,CUST00150,PROD0166,2024-12-14 06:29:00,Purchased,2
CART001992,CUST00045,PROD0128,2025-07-05 15:18:00,Abandoned,1
CART001993,CUST00055,PROD0095,2025-08-08 21:45:00,Abandoned,1
CART001994,CUST00315,PROD0128,2024-06-17 18:11:00,Active,1
CART001995,CUST00030,PROD0066,2025-06-07 09:22:00,Active,1
CART001996,CUST00497,PROD0047,2024-11-12 17:34:00,Abandoned,2
CART001997,CUST00103,PROD0040,2024-11-20 08:58:00,Abandoned,1
CART001998,CUST00494,PROD0095,2025-06-24 21:17:00,Active,2
CART001999,CUST00072,PROD0132,2024-10-10 09:27:00,Purchased,1
CART002000,CUST00440,PROD0065,2024-10-29 20:00:00,Abandoned,1
CART002001,CUST00096,PROD0087,2024-11-21 06:10:00,Purchased,1
CART002002,CUST00456,PROD0066,2024-06-14 08:32:00,Active,1
CART002003,CUST00354,PROD0119,2025-08-02 09:25:00,Abandoned,1
CART002004,CUST00094,PROD0031,2024-12-27 23:04:00,Abandoned,1
CART002005,CUST00074,PROD0119,2025-06-25 15:57:00,Purchased,2
CART002006,CUST00327,PROD0144,2024-07-15 13:50:00,Active,1
CART002007,CUST00017,PROD0035,2025-07-16 15:53:00,Abandoned,1
CART002008,CUST00326,PROD0128,2025-02-23 21:24:00,Active,1
CART002009,CUST00230,PROD0084,2025-07-18 07:45:00,Abandoned,1
CART002010,CUST00021,PROD0112,2024-10-25 14:52:00,Abandoned,1
CART002011,CUST00498,PROD0138,2025-07-01 12:44:00,Abandoned,1
CART002012,CUST00113,PROD0135,2025-06-01 20:18:00,Purchased,1
CART002013,CUST00449,PROD0186,2024-12-03 10:37:00,Active,1
CART002014,CUST00246,PROD0196,2024-10-14 10:34:00,Abandoned,1
CART002015,CUST00344,PROD0050,2025-01-23 15:42:00,Abandoned,1
CART002016,CUST00428,PROD0132,2025-06-09 13:12:00,Active,1
CART002017,CUST00016,PROD0166,2024-11-09 06:51:00,Purchased,1
CART002018,CUST00040,PROD0113,2024-08-06 19:54:00,Abandoned,1
CART002019,CUST00356,PROD0116,2025-07-12 17:59:00,Active,1
CART002020,CUST00237,PROD0042,2025-06-30 06:36:00,Active,3
CART002021,CUST00184,PROD0066,2024-10-11 18:45:00,Purchased,2
CART002022,CUST00335,PROD0166,2024-07-21 09:35:00,Purchased,1
CART002023,CUST00331,PROD0168,2024-11-08 19:24:00,Abandoned,1
CART002024,CUST00456,PROD0020,2024-12-07 20:07:00,Abandoned,1
CART002025,CUST00060,PROD0077,2025-04-11 18:26:00,Abandoned,1
CART002026,CUST00140,PROD0141,2025-08-25 19:04:00,Purchased,2
CART002027,CUST00423,PROD0176,2025-05-28 10:20:00,Active,3
CART002028,CUST00370,PROD0125,2025-03-24 18:58:00,Abandoned,2
CART002029,CUST00336,PROD0135,2024-09-14 14:11:00,Purchased,2
CART002030,CUST00209,PROD0041,2025-05-27 10:50:00,Purchased,1
CART002031,CUST00086,PROD0063,2024-06-15 10:43:00,Active,1
CART002032,CUST00286,PROD0166,2024-11-26 13:17:00,Abandoned,1
CART002033,CUST00399,PROD0068,2025-02-28 23:02:00,Purchased,1
CART002034,CUST00313,PROD0050,2025-08-18 12:46:00,Abandoned,1
CART002035,CUST00243,PROD0064,2025-01-28 19:35:00,Purchased,1
CART002036,CUST00139,PROD0063,2024-08-25 19:31:00,Abandoned,2
CART002037,CUST00105,PROD0136,2024-12-10 06:06:00,Abandoned,1
CART002038,CUST00074,PROD0166,2025-01-29 20:39:00,Purchased,1
CART002039,CUST00347,PROD0164,2024-10-25 16:09:00,Abandoned,1
CART002040,CUST00136,PROD0025,2024-11-13 15:17:00,Abandoned,2
CART002041,CUST00217,PROD0079,2024-11-03 09:17:00,Abandoned,1
CART002042,CUST00144,PROD0119,2024-06-28 06:39:00,Purchased,2
CART002043,CUST00081,PROD0121,2024-11-26 12:15:00,Active,2
CART002044,CUST00408,PROD0048,2025-03-14 17:04:00,Abandoned,1
CART002045,CUST00052,PROD0173,2024-08-14 15:54:00,Abandoned,1
CART002046,CUST00054,PROD0101,2025-07-19 17:27:00,Abandoned,1
CART002047,CUST00259,PROD0082,2024-10-26 10:55:00,Abandoned,1
CART002048,CUST00268,PROD0068,2025-06-19 07:07:00,Abandoned,1
CART002049,CUST00036,PROD0197,2025-04-26 18:15:00,Abandoned,2
CART002050,CUST00291,PROD0084,2025-02-13 10:24:00,Purchased,1
CART002051,CUST00372,PROD0116,2025-08-05 08:36:00,Abandoned,1
CART002052,CUST00066,PROD0104,2024-06-25 17:47:00,Abandoned,2
CART002053,CUST00241,PROD0068,2025-08-13 18:57:00,Abandoned,3
CART002054,CUST00482,PROD0051,2025-04-14 16:22:00,Abandoned,3
CART002055,CUST00277,PROD0050,2025-06-05 11:40:00,Purchased,2
CART002056,CUST00347,PROD0065,2024-08-30 21:43:00,Abandoned,1
CART002057,CUST00228,PROD0128,2024-07-19 18:54:00,Abandoned,1
CART002058,CUST00163,PROD0063,2025-02-07 08:19:00,Abandoned,1
CART002059,CUST00337,PROD0135,2024-08-28 07:01:00,Purchased,2
CART002060,CUST00388,PROD0121,2025-07-14 23:20:00,Purchased,1
CART002061,CUST00196,PROD0026,2024-11-28 11:47:00,Abandoned,1
CART002062,CUST00296,PROD0024,2024-06-15 16:04:00,Active,1
CART002063,CUST00090,PROD0135,2025-03-09 12:53:00,Abandoned,1
CART002064,CUST00018,PROD0047,2025-03-23 15:59:00,Active,3
CART002065,CUST00147,PROD0150,2025-06-26 14:56:00,Abandoned,1
CART002066,CUST00456,PROD0098,2025-08-10 18:30:00,Purchased,1
CART002067,CUST00112,PROD0192,2024-10-01 11:34:00,Abandoned,2
CART002068,CUST00081,PROD0128,2024-11-16 13:36:00,Purchased,3
CART002069,CUST00088,PROD0081,2025-02-19 15:30:00,Active,3
CART002070,CUST00138,PROD0078,2024-11-30 13:14:00,Purchased,1
CART002071,CUST00405,PROD0028,2025-03-31 14:59:00,Abandoned,1
CART002072,CUST00113,PROD0112,2025-06-10 14:24:00,Active,1
CART002073,CUST00051,PROD0017,2025-05-14 08:23:00,Active,1
CART002074,CUST00466,PROD0119,2024-11-23 21:18:00,Abandoned,1
CART002075,CUST00214,PROD0171,2024-11-29 12:09:00,Abandoned,1
CART002076,CUST00289,PROD0119,2025-05-06 08:07:00,Abandoned,3
CART002077,CUST00207,PROD0067,2024-12-13 20:33:00,Abandoned,2
CART002078,CUST00494,PROD0190,2024-09-23 20:37:00,Abandoned,1
CART002079,CUST00123,PROD0068,2024-06-14 12:04:00,Purchased,1
CART002080,CUST00182,PROD0068,2024-10-11 06:18:00,Purchased,1
CART002081,CUST00370,PROD0066,2025-04-01 16:18:00,Abandoned,1
CART002082,CUST00396,PROD0046,2024-08-10 20:31:00,Abandoned,1
CART002083,CUST00456,PROD0035,2024-07-02 19:27:00,Purchased,3
CART002084,CUST00051,PROD0063,2025-07-23 22:12:00,Purchased,2
CART002085,CUST00153,PROD0183,2025-01-15 22:51:00,Abandoned,1
CART002086,CUST00347,PROD0116,2025-01-17 22:03:00,Purchased,3
CART002087,CUST00067,PROD0122,2024-11-29 09:46:00,Active,1
CART002088,CUST00343,PROD0128,2025-06-22 23:30:00,Abandoned,2
CART002089,CUST00271,PROD0066,2024-12-31 08:19:00,Purchased,1
CART002090,CUST00129,PROD0118,2025-03-02 08:20:00,Purchased,1
CART002091,CUST00483,PROD0066,2024-11-05 08:16:00,Purchased,1
CART002092,CUST00291,PROD0002,2024-10-20 19:30:00,Abandoned,1
CART002093,CUST00417,PROD0166,2024-10-12 19:10:00,Abandoned,1
CART002094,CUST00100,PROD0047,2024-09-27 09:51:00,Purchased,1
CART002095,CUST00228,PROD0066,2025-01-12 21:51:00,Abandoned,1
CART002096,CUST00401,PROD0180,2024-11-14 08:35:00,Abandoned,1
CART002097,CUST00113,PROD0030,2024-10-29 09:02:00,Abandoned,1
CART002098,CUST00247,PROD0060,2025-05-07 18:40:00,Abandoned,1
CART002099,CUST00109,PROD0128,2024-09-03 16:27:00,Abandoned,1
CART002100,CUST00494,PROD0165,2024-08-11 10:21:00,Active,1
CART002101,CUST00197,PROD0197,2025-08-10 20:53:00,Purchased,1
CART002102,CUST00455,PROD0047,2024-10-22 19:41:00,Abandoned,1
CART002103,CUST00134,PROD0166,2024-10-25 06:09:00,Abandoned,2
CART002104,CUST00497,PROD0166,2024-10-29 12:15:00,Active,2
CART002105,CUST00253,PROD0142,2024-08-07 08:23:00,Abandoned,1
CART002106,CUST00382,PROD0135,2025-08-10 11:45:00,Active,1
CART002107,CUST00154,PROD0103,2024-10-19 12:00:00,Abandoned,1
CART002108,CUST00083,PROD0155,2025-07-14 07:03:00,Purchased,1
CART002109,CUST00069,PROD0052,2024-12-21 12:03:00,Purchased,2
CART002110,CUST00029,PROD0121,2024-08-05 22:27:00,Abandoned,3
CART002111,CUST00450,PROD0180,2024-07-16 16:58:00,Active,1
CART002112,CUST00074,PROD0119,2024-09-24 06:43:00,Abandoned,2
CART002113,CUST00315,PROD0119,2025-06-08 10:10:00,Abandoned,1
CART002114,CUST00129,PROD0119,2025-08-06 09:06:00,Abandoned,1
CART002115,CUST00304,PROD0173,2024-12-24 10:01:00,Abandoned,3
CART002116,CUST00073,PROD0116,2024-09-13 19:30:00,Purchased,1
CART002117,CUST00080,PROD0051,2024-09-11 09:20:00,Purchased,1
CART002118,CUST00055,PROD0155,2024-09-17 14:20:00,Active,1
CART002119,CUST00008,PROD0031,2025-07-09 10:01:00,Purchased,2
CART002120,CUST00418,PROD0081,2024-07-31 18:27:00,Abandoned,1
CART002121,CUST00292,PROD0165,2025-07-11 12:54:00,Active,1
CART002122,CUST00146,PROD0030,2025-05-12 22:09:00,Purchased,1
CART002123,CUST00228,PROD0173,2025-04-28 10:54:00,Purchased,1
CART002124,CUST00005,PROD0143,2025-01-09 14:02:00,Purchased,2
CART002125,CUST00071,PROD0166,2025-05-11 16:14:00,Abandoned,2
CART002126,CUST00152,PROD0064,2024-08-07 10:11:00,Active,3
CART002127,CUST00084,PROD0031,2024-08-31 11:03:00,Abandoned,2
CART002128,CUST00447,PROD0155,2025-01-13 18:08:00,Abandoned,3
CART002129,CUST00028,PROD0166,2024-11-20 06:06:00,Abandoned,1
CART002130,CUST00052,PROD0011,2024-10-21 07:54:00,Purchased,1
CART002131,CUST00228,PROD0035,2024-07-30 09:48:00,Purchased,2
CART002132,CUST00459,PROD0183,2025-03-16 14:34:00,Abandoned,2
CART002133,CUST00416,PROD0124,2024-10-25 12:14:00,Abandoned,1
CART002134,CUST00113,PROD0166,2025-03-25 09:12:00,Purchased,1
CART002135,CUST00013,PROD0063,2025-04-14 11:23:00,Purchased,1
CART002136,CUST00202,PROD0066,2025-01-31 22:24:00,Purchased,3
CART002137,CUST00451,PROD0011,2024-12-08 12:10:00,Abandoned,1
CART002138,CUST00244,PROD0119,2024-09-05 14:21:00,Abandoned,2
CART002139,CUST00225,PROD0197,2024-06-11 15:21:00,Purchased,1
CART002140,CUST00341,PROD0130,2025-01-21 12:19:00,Purchased,3
CART002141,CUST00191,PROD0084,2025-07-15 22:25:00,Abandoned,1
CART002142,CUST00160,PROD0132,2025-02-07 15:39:00,Abandoned,1
CART002143,CUST00138,PROD0078,2024-07-01 19:50:00,Purchased,3
CART002144,CUST00086,PROD0047,2025-02-24 11:16:00,Abandoned,2
CART002145,CUST00363,PROD0068,2025-06-29 22:27:00,Abandoned,1
CART002146,CUST00203,PROD0155,2024-10-01 12:17:00,Purchased,2
CART002147,CUST00255,PROD0169,2024-09-06 07:46:00,Abandoned,3
CART002148,CUST00340,PROD0119,2024-11-19 17:15:00,Abandoned,3
CART002149,CUST00207,PROD0112,2025-05-16 20:40:00,Active,1
CART002150,CUST00136,PROD0138,2024-07-26 21:40:00,Abandoned,2
CART002151,CUST00301,PROD0116,2024-09-22 14:42:00,Abandoned,2
CART002152,CUST00396,PROD0109,2024-11-10 23:40:00,Abandoned,1
CART002153,CUST00370,PROD0121,2024-09-09 17:11:00,Abandoned,2
CART002154,CUST00444,PROD0024,2025-05-11 21:53:00,Purchased,2
CART002155,CUST00497,PROD0057,2024-11-05 17:25:00,Active,3
CART002156,CUST00042,PROD0114,2024-12-20 08:21:00,Active,1
CART002157,CUST00148,PROD0173,2024-10-08 11:24:00,Abandoned,1
CART002158,CUST00238,PROD0063,2024-08-29 17:52:00,Abandoned,3
CART002159,CUST00271,PROD0119,2025-05-17 08:17:00,Abandoned,1
CART002160,CUST00351,PROD0044,2025-04-21 18:10:00,Abandoned,1
CART002161,CUST00412,PROD0128,2024-11-09 13:55:00,Abandoned,1
CART002162,CUST00064,PROD0171,2024-07-21 22:03:00,Abandoned,1
CART002163,CUST00113,PROD0200,2025-01-22 19:26:00,Abandoned,1
CART002164,CUST00329,PROD0197,2025-01-30 09:17:00,Abandoned,1
CART002165,CUST00136,PROD0028,2024-09-22 17:14:00,Abandoned,1
CART002166,CUST00370,PROD0166,2025-05-24 18:54:00,Abandoned,1
CART002167,CUST00382,PROD0119,2024-12-02 17:10:00,Abandoned,1
CART002168,CUST00005,PROD0024,2024-12-29 20:49:00,Abandoned,1
CART002169,CUST00260,PROD0067,2025-07-14 18:27:00,Active,3
CART002170,CUST00494,PROD0168,2025-08-23 16:42:00,Purchased,2
CART002171,CUST00487,PROD0121,2025-06-01 16:13:00,Abandoned,1
CART002172,CUST00335,PROD0173,2025-01-04 19:08:00,Active,1
CART002173,CUST00249,PROD0131,2025-05-09 23:56:00,Abandoned,1
CART002174,CUST00104,PROD0173,2025-05-11 13:09:00,Abandoned,1
CART002175,CUST00400,PROD0066,2024-10-20 12:56:00,Active,2
CART002176,CUST00439,PROD0078,2024-06-04 18:31:00,Abandoned,1
CART002177,CUST00455,PROD0168,2024-11-27 10:19:00,Purchased,1
CART002178,CUST00138,PROD0168,2024-10-23 16:30:00,Purchased,1
CART002179,CUST00356,PROD0050,2024-10-04 11:41:00,Abandoned,1
CART002180,CUST00321,PROD0158,2025-01-07 19:12:00,Active,1
CART002181,CUST00208,PROD0031,2024-07-08 23:59:00,Purchased,1
CART002182,CUST00484,PROD0166,2025-05-12 16:17:00,Purchased,2
CART002183,CUST00450,PROD0135,2025-02-12 15:26:00,Abandoned,1
CART002184,CUST00044,PROD0095,2025-07-21 16:32:00,Active,1
CART002185,CUST00087,PROD0121,2024-12-01 19:15:00,Active,3
CART002186,CUST00073,PROD0132,2025-03-17 06:26:00,Purchased,3
CART002187,CUST00273,PROD0166,2024-06-11 18:46:00,Abandoned,1
CART002188,CUST00154,PROD0119,2024-11-26 10:18:00,Abandoned,1
CART002189,CUST00283,PROD0119,2024-12-28 21:37:00,Abandoned,1
CART002190,CUST00463,PROD0119,2024-10-06 13:39:00,Abandoned,1
CART002191,CUST00144,PROD0112,2024-10-27 23:50:00,Abandoned,2
CART002192,CUST00497,PROD0041,2024-06-11 08:26:00,Purchased,1
CART002193,CUST00285,PROD0047,2025-06-02 17:55:00,Purchased,1
CART002194,CUST00293,PROD0095,2025-07-12 22:05:00,Purchased,1
CART002195,CUST00356,PROD0121,2025-02-25 18:57:00,Abandoned,1
CART002196,CUST00007,PROD0128,2025-06-10 12:44:00,Abandoned,1
CART002197,CUST00207,PROD0042,2025-02-02 08:01:00,Abandoned,2
CART002198,CUST00329,PROD0066,2024-07-31 06:31:00,Purchased,2
CART002199,CUST00146,PROD0007,2025-01-17 21:08:00,Abandoned,1
CART002200,CUST00419,PROD0035,2024-11-22 07:30:00,Active,1
CART002201,CUST00341,PROD0118,2025-05-22 11:49:00,Active,1
CART002202,CUST00003,PROD0050,2025-08-31 06:06:00,Abandoned,1
CART002203,CUST00301,PROD0171,2024-06-09 23:39:00,Abandoned,1
CART002204,CUST00135,PROD0064,2024-09-20 21:35:00,Active,2
CART002205,CUST00172,PROD0024,2024-07-12 06:35:00,Purchased,1
CART002206,CUST00450,PROD0085,2025-07-18 18:46:00,Abandoned,2
CART002207,CUST00416,PROD0064,2024-10-08 12:07:00,Purchased,1
CART002208,CUST00195,PROD0112,2024-06-23 09:18:00,Abandoned,3
CART002209,CUST00023,PROD0047,2025-03-15 12:37:00,Active,1
CART002210,CUST00046,PROD0040,2024-06-27 15:50:00,Active,1
CART002211,CUST00129,PROD0112,2024-11-23 20:25:00,Purchased,1
CART002212,CUST00296,PROD0052,2024-07-28 16:41:00,Abandoned,2
CART002213,CUST00306,PROD0024,2025-08-08 10:47:00,Abandoned,1
CART002214,CUST00066,PROD0190,2024-11-03 11:24:00,Active,3
CART002215,CUST00045,PROD0041,2025-03-02 15:22:00,Active,1
CART002216,CUST00008,PROD0145,2024-08-16 18:13:00,Purchased,2
CART002217,CUST00199,PROD0166,2024-11-17 09:29:00,Purchased,1
CART002218,CUST00144,PROD0123,2024-10-21 15:00:00,Purchased,1
CART002219,CUST00032,PROD0024,2024-10-18 18:52:00,Abandoned,2
CART002220,CUST00100,PROD0066,2025-07-13 14:32:00,Active,1
CART002221,CUST00458,PROD0172,2024-06-28 08:42:00,Purchased,3
CART002222,CUST00021,PROD0173,2025-01-07 11:41:00,Abandoned,1
CART002223,CUST00351,PROD0166,2025-02-06 18:45:00,Abandoned,1
CART002224,CUST00049,PROD0144,2024-07-26 20:05:00,Abandoned,2
CART002225,CUST00249,PROD0075,2025-02-03 19:28:00,Active,2
CART002226,CUST00474,PROD0063,2025-07-31 06:26:00,Active,3
CART002227,CUST00400,PROD0166,2025-03-23 23:14:00,Purchased,1
CART002228,CUST00278,PROD0135,2025-07-28 16:14:00,Abandoned,1
CART002229,CUST00393,PROD0131,2024-10-11 09:02:00,Purchased,1
CART002230,CUST00370,PROD0053,2024-10-01 18:06:00,Purchased,1
CART002231,CUST00389,PROD0119,2025-07-04 17:50:00,Active,1
CART002232,CUST00120,PROD0121,2025-06-10 06:07:00,Abandoned,1
CART002233,CUST00005,PROD0128,2025-06-03 13:36:00,Abandoned,1
CART002234,CUST00021,PROD0113,2024-06-19 14:46:00,Abandoned,1
CART002235,CUST00008,PROD0051,2024-11-10 07:48:00,Active,1
CART002236,CUST00049,PROD0165,2024-06-18 08:12:00,Purchased,1
CART002237,CUST00401,PROD0031,2024-09-02 13:17:00,Abandoned,1
CART002238,CUST00143,PROD0103,2025-06-13 12:30:00,Active,1
CART002239,CUST00301,PROD0176,2024-06-25 19:53:00,Abandoned,1
CART002240,CUST00267,PROD0183,2024-09-17 12:43:00,Abandoned,1
CART002241,CUST00044,PROD0068,2024-06-20 23:50:00,Purchased,1
CART002242,CUST00267,PROD0192,2025-06-05 15:02:00,Abandoned,2
CART002243,CUST00109,PROD0027,2025-01-29 23:51:00,Active,1
CART002244,CUST00246,PROD0031,2024-12-14 14:05:00,Active,1
CART002245,CUST00197,PROD0024,2025-06-22 07:04:00,Abandoned,1
CART002246,CUST00472,PROD0166,2025-04-29 21:38:00,Purchased,3
CART002247,CUST00021,PROD0121,2025-06-19 07:04:00,Abandoned,1
CART002248,CUST00282,PROD0076,2024-11-23 23:05:00,Purchased,2
CART002249,CUST00255,PROD0028,2025-07-27 18:00:00,Abandoned,1
CART002250,CUST00448,PROD0190,2025-07-01 08:49:00,Purchased,1
CART002251,CUST00367,PROD0130,2024-11-29 07:54:00,Abandoned,1
CART002252,CUST00133,PROD0133,2025-02-11 11:57:00,Purchased,1
CART002253,CUST00321,PROD0138,2025-04-26 10:33:00,Abandoned,1
CART002254,CUST00163,PROD0063,2025-01-03 19:54:00,Abandoned,1
CART002255,CUST00376,PROD0031,2024-10-08 09:25:00,Abandoned,2
CART002256,CUST00021,PROD0125,2025-07-21 07:47:00,Purchased,1
CART002257,CUST00351,PROD0145,2024-09-18 07:15:00,Abandoned,1
CART002258,CUST00140,PROD0063,2024-08-31 10:07:00,Active,1
CART002259,CUST00393,PROD0166,2024-11-21 12:16:00,Abandoned,1
CART002260,CUST00340,PROD0140,2024-10-04 16:19:00,Abandoned,1
CART002261,CUST00253,PROD0092,2025-03-31 14:56:00,Purchased,1
CART002262,CUST00049,PROD0045,2025-07-11 07:13:00,Abandoned,1
CART002263,CUST00020,PROD0133,2025-03-18 12:04:00,Abandoned,1
CART002264,CUST00241,PROD0190,2024-07-22 07:44:00,Abandoned,1
CART002265,CUST00272,PROD0008,2024-11-16 09:31:00,Abandoned,2
CART002266,CUST00222,PROD0166,2025-02-22 09:13:00,Abandoned,2
CART002267,CUST00396,PROD0128,2025-04-27 18:03:00,Purchased,1
CART002268,CUST00263,PROD0119,2024-08-30 16:50:00,Abandoned,2
CART002269,CUST00143,PROD0116,2024-10-02 09:54:00,Active,1
CART002270,CUST00493,PROD0150,2025-02-07 08:50:00,Abandoned,1
CART002271,CUST00232,PROD0048,2024-10-29 09:13:00,Purchased,1
CART002272,CUST00476,PROD0084,2025-01-23 09:37:00,Active,3
CART002273,CUST00247,PROD0063,2024-11-08 15:59:00,Purchased,1
CART002274,CUST00352,PROD0066,2025-04-15 10:19:00,Abandoned,2
CART002275,CUST00149,PROD0031,2025-02-19 06:10:00,Abandoned,1
CART002276,CUST00253,PROD0121,2024-11-15 23:51:00,Abandoned,3
CART002277,CUST00183,PROD0066,2025-07-04 08:18:00,Purchased,1
CART002278,CUST00052,PROD0174,2024-09-10 09:08:00,Abandoned,1
CART002279,CUST00253,PROD0020,2025-02-08 20:54:00,Abandoned,1
CART002280,CUST00311,PROD0064,2025-07-13 15:20:00,Purchased,1
CART002281,CUST00310,PROD0177,2024-11-13 21:59:00,Active,1
CART002282,CUST00027,PROD0183,2025-05-05 08:49:00,Abandoned,2
CART002283,CUST00345,PROD0066,2024-07-23 12:27:00,Abandoned,3
CART002284,CUST00232,PROD0078,2025-01-19 22:23:00,Abandoned,1
CART002285,CUST00140,PROD0121,2024-07-14 18:18:00,Abandoned,1
CART002286,CUST00244,PROD0120,2024-08-28 12:38:00,Purchased,1
CART002287,CUST00485,PROD0011,2024-06-01 13:35:00,Purchased,1
CART002288,CUST00105,PROD0119,2025-07-08 07:58:00,Abandoned,1
CART002289,CUST00382,PROD0172,2024-08-29 21:19:00,Abandoned,1
CART002290,CUST00312,PROD0066,2025-04-21 09:42:00,Abandoned,2
CART002291,CUST00196,PROD0028,2024-06-05 09:50:00,Abandoned,1
CART002292,CUST00032,PROD0141,2024-10-26 15:10:00,Abandoned,1
CART002293,CUST00154,PROD0149,2025-07-06 10:07:00,Abandoned,2
CART002294,CUST00229,PROD0026,2024-11-05 15:56:00,Purchased,1
CART002295,CUST00487,PROD0119,2025-02-20 08:45:00,Abandoned,2
CART002296,CUST00276,PROD0119,2024-10-01 08:58:00,Abandoned,1
CART002297,CUST00354,PROD0166,2024-11-16 12:21:00,Purchased,1
CART002298,CUST00139,PROD0095,2024-09-10 19:38:00,Abandoned,2
CART002299,CUST00233,PROD0118,2024-06-16 19:42:00,Purchased,1
CART002300,CUST00098,PROD0074,2024-11-16 18:04:00,Abandoned,1
CART002301,CUST00109,PROD0166,2024-11-20 23:16:00,Abandoned,1
CART002302,CUST00294,PROD0119,2025-01-12 16:10:00,Abandoned,2
CART002303,CUST00400,PROD0084,2025-02-17 11:48:00,Abandoned,1
CART002304,CUST00039,PROD0105,2025-07-11 21:47:00,Abandoned,1
CART002305,CUST00329,PROD0040,2024-11-27 08:00:00,Purchased,1
CART002306,CUST00386,PROD0034,2025-01-04 17:18:00,Abandoned,2
CART002307,CUST00448,PROD0166,2024-11-06 08:59:00,Active,3
CART002308,CUST00396,PROD0166,2025-07-25 20:37:00,Abandoned,3
CART002309,CUST00113,PROD0031,2025-03-22 14:33:00,Abandoned,1
CART002310,CUST00148,PROD0128,2024-06-27 17:27:00,Abandoned,1
CART002311,CUST00160,PROD0047,2025-04-08 15:32:00,Abandoned,3
CART002312,CUST00326,PROD0121,2024-06-03 13:03:00,Purchased,1
CART002313,CUST00404,PROD0121,2024-09-22 17:06:00,Abandoned,2
CART002314,CUST00487,PROD0064,2024-09-09 16:27:00,Abandoned,1
CART002315,CUST00026,PROD0166,2025-07-23 17:42:00,Abandoned,1
CART002316,CUST00376,PROD0128,2024-11-07 12:23:00,Abandoned,1
CART002317,CUST00416,PROD0155,2024-07-05 22:18:00,Purchased,1
CART002318,CUST00182,PROD0135,2024-12-17 11:28:00,Abandoned,1
CART002319,CUST00348,PROD0102,2024-10-04 08:29:00,Purchased,2
CART002320,CUST00049,PROD0004,2024-08-02 18:25:00,Purchased,1
CART002321,CUST00254,PROD0120,2024-11-26 17:25:00,Abandoned,1
CART002322,CUST00055,PROD0112,2025-01-14 06:16:00,Abandoned,1
CART002323,CUST00105,PROD0025,2024-06-12 06:30:00,Purchased,1
CART002324,CUST00367,PROD0066,2024-06-12 07:05:00,Abandoned,1
CART002325,CUST00253,PROD0086,2024-07-18 14:07:00,Purchased,2
CART002326,CUST00340,PROD0077,2024-11-08 06:52:00,Abandoned,1
CART002327,CUST00370,PROD0119,2024-07-07 22:41:00,Abandoned,1
CART002328,CUST00452,PROD0095,2024-10-23 11:16:00,Purchased,1
CART002329,CUST00099,PROD0114,2025-03-09 22:28:00,Active,2
CART002330,CUST00343,PROD0074,2025-05-08 09:56:00,Purchased,2
CART002331,CUST00228,PROD0002,2025-07-02 06:40:00,Abandoned,1
CART002332,CUST00052,PROD0066,2024-11-07 19:34:00,Abandoned,2
CART002333,CUST00175,PROD0021,2025-02-17 07:43:00,Abandoned,1
CART002334,CUST00401,PROD0078,2024-07-07 09:31:00,Purchased,1
CART002335,CUST00051,PROD0004,2025-05-14 23:09:00,Purchased,1
CART002336,CUST00249,PROD0126,2024-11-13 21:26:00,Purchased,1
CART002337,CUST00121,PROD0047,2025-08-18 12:32:00,Active,2
CART002338,CUST00211,PROD0024,2024-07-20 09:07:00,Abandoned,2
CART002339,CUST00477,PROD0011,2025-07-15 11:08:00,Purchased,1
CART002340,CUST00103,PROD0030,2025-05-10 10:35:00,Purchased,1
CART002341,CUST00412,PROD0052,2025-03-15 11:11:00,Abandoned,1
CART002342,CUST00038,PROD0031,2025-06-01 10:18:00,Purchased,1
CART002343,CUST00074,PROD0074,2025-05-05 23:17:00,Abandoned,1
CART002344,CUST00459,PROD0172,2025-01-09 16:55:00,Purchased,1
CART002345,CUST00321,PROD0063,2024-11-03 22:12:00,Abandoned,1
CART002346,CUST00462,PROD0132,2024-06-20 15:02:00,Purchased,1
CART002347,CUST00153,PROD0156,2024-10-28 14:05:00,Purchased,1
CART002348,CUST00074,PROD0118,2024-10-15 23:17:00,Abandoned,1
CART002349,CUST00300,PROD0121,2025-08-22 09:14:00,Abandoned,1
CART002350,CUST00246,PROD0172,2025-06-10 09:45:00,Purchased,1
CART002351,CUST00244,PROD0176,2025-02-06 13:22:00,Active,2
CART002352,CUST00036,PROD0132,2024-10-06 06:52:00,Active,1
CART002353,CUST00426,PROD0128,2024-11-15 16:12:00,Abandoned,1
CART002354,CUST00095,PROD0004,2024-10-30 20:59:00,Purchased,1
CART002355,CUST00196,PROD0165,2024-07-20 11:49:00,Abandoned,1
CART002356,CUST00451,PROD0135,2024-06-23 22:37:00,Purchased,1
CART002357,CUST00338,PROD0068,2025-04-12 06:50:00,Abandoned,1
CART002358,CUST00490,PROD0128,2024-06-21 15:07:00,Abandoned,1
CART002359,CUST00272,PROD0034,2024-06-01 17:31:00,Abandoned,1
CART002360,CUST00249,PROD0121,2024-07-10 07:38:00,Active,1
CART002361,CUST00296,PROD0176,2025-06-15 20:33:00,Abandoned,3
CART002362,CUST00489,PROD0088,2024-12-11 06:08:00,Abandoned,1
CART002363,CUST00243,PROD0037,2025-03-10 06:54:00,Purchased,1
CART002364,CUST00113,PROD0049,2025-07-27 06:57:00,Abandoned,1
CART002365,CUST00448,PROD0031,2025-02-26 09:39:00,Abandoned,1
CART002366,CUST00143,PROD0200,2024-09-21 16:15:00,Abandoned,1
CART002367,CUST00283,PROD0133,2025-08-21 08:39:00,Abandoned,2
CART002368,CUST00271,PROD0081,2025-01-26 10:50:00,Active,1
CART002369,CUST00104,PROD0128,2024-09-07 22:48:00,Purchased,1
CART002370,CUST00123,PROD0066,2025-02-04 14:18:00,Abandoned,1
CART002371,CUST00007,PROD0031,2024-08-17 23:26:00,Abandoned,1
CART002372,CUST00382,PROD0095,2024-12-03 15:46:00,Abandoned,1
CART002373,CUST00356,PROD0002,2025-06-22 10:35:00,Purchased,3
CART002374,CUST00051,PROD0121,2024-06-01 11:05:00,Abandoned,1
CART002375,CUST00133,PROD0166,2025-02-27 22:43:00,Abandoned,1
CART002376,CUST00203,PROD0098,2024-10-19 13:01:00,Abandoned,2
CART002377,CUST00276,PROD0111,2024-12-01 13:48:00,Abandoned,3
CART002378,CUST00354,PROD0035,2024-11-23 21:58:00,Abandoned,1
CART002379,CUST00495,PROD0084,2024-06-30 06:43:00,Purchased,1
CART002380,CUST00146,PROD0119,2024-09-21 20:35:00,Abandoned,1
CART002381,CUST00044,PROD0064,2024-10-30 09:42:00,Purchased,2
CART002382,CUST00129,PROD0011,2025-05-16 09:14:00,Abandoned,2
CART002383,CUST00234,PROD0064,2025-05-10 20:16:00,Abandoned,1
CART002384,CUST00462,PROD0166,2025-01-06 18:38:00,Abandoned,1
CART002385,CUST00016,PROD0200,2025-05-04 06:20:00,Abandoned,1
CART002386,CUST00008,PROD0121,2025-08-24 23:20:00,Abandoned,2
CART002387,CUST00034,PROD0079,2024-07-18 21:50:00,Abandoned,2
CART002388,CUST00148,PROD0133,2024-07-07 15:44:00,Active,1
CART002389,CUST00332,PROD0166,2024-09-06 06:34:00,Active,1
CART002390,CUST00301,PROD0150,2025-02-12 14:11:00,Abandoned,1
CART002391,CUST00259,PROD0166,2025-06-27 06:53:00,Abandoned,1
CART002392,CUST00497,PROD0031,2024-12-07 19:36:00,Abandoned,2
CART002393,CUST00058,PROD0190,2024-10-31 07:44:00,Abandoned,1
CART002394,CUST00103,PROD0064,2025-01-19 17:57:00,Purchased,1
CART002395,CUST00093,PROD0155,2024-06-27 22:38:00,Abandoned,2
CART002396,CUST00129,PROD0112,2024-11-08 19:00:00,Abandoned,1
CART002397,CUST00394,PROD0196,2024-10-18 08:46:00,Purchased,1
CART002398,CUST00218,PROD0200,2025-06-01 18:21:00,Abandoned,1
CART002399,CUST00227,PROD0060,2025-04-30 20:15:00,Purchased,2
CART002400,CUST00487,PROD0119,2025-03-10 20:48:00,Abandoned,1
CART002401,CUST00293,PROD0066,2025-04-20 17:28:00,Purchased,1
CART002402,CUST00013,PROD0132,2025-07-24 08:25:00,Abandoned,1
CART002403,CUST00356,PROD0165,2024-11-02 10:28:00,Abandoned,1
CART002404,CUST00468,PROD0175,2024-11-24 08:59:00,Purchased,1
CART002405,CUST00448,PROD0131,2024-06-04 19:42:00,Abandoned,1
CART002406,CUST00494,PROD0014,2024-10-12 08:19:00,Abandoned,1
CART002407,CUST00087,PROD0053,2024-10-31 23:03:00,Purchased,1
CART002408,CUST00396,PROD0112,2024-10-10 17:14:00,Abandoned,1
CART002409,CUST00017,PROD0021,2025-04-08 06:32:00,Abandoned,1
CART002410,CUST00226,PROD0166,2024-11-04 12:30:00,Active,1
CART002411,CUST00439,PROD0166,2025-07-02 18:39:00,Abandoned,1
CART002412,CUST00480,PROD0160,2024-11-17 11:40:00,Abandoned,1
CART002413,CUST00051,PROD0118,2024-10-06 18:18:00,Abandoned,1
CART002414,CUST00052,PROD0068,2024-12-08 15:29:00,Active,1
CART002415,CUST00138,PROD0145,2024-12-27 21:55:00,Purchased,1
CART002416,CUST00129,PROD0156,2025-02-10 16:51:00,Purchased,2
CART002417,CUST00073,PROD0071,2024-07-19 23:18:00,Active,1
CART002418,CUST00179,PROD0168,2025-01-11 11:15:00,Active,1
CART002419,CUST00369,PROD0005,2024-11-04 10:57:00,Abandoned,1
CART002420,CUST00280,PROD0119,2024-09-12 11:13:00,Abandoned,1
CART002421,CUST00467,PROD0192,2024-10-20 22:00:00,Active,1
CART002422,CUST00113,PROD0068,2025-05-23 07:17:00,Purchased,1
CART002423,CUST00426,PROD0121,2025-02-13 20:45:00,Purchased,1
CART002424,CUST00370,PROD0192,2024-12-04 15:07:00,Active,1
CART002425,CUST00494,PROD0065,2024-11-15 16:21:00,Abandoned,1
CART002426,CUST00049,PROD0050,2025-01-07 18:38:00,Purchased,1
CART002427,CUST00292,PROD0119,2024-12-15 16:34:00,Abandoned,2
CART002428,CUST00469,PROD0063,2024-07-27 16:29:00,Abandoned,1
CART002429,CUST00012,PROD0166,2024-09-29 06:24:00,Purchased,1
CART002430,CUST00049,PROD0118,2024-06-17 21:36:00,Abandoned,2
CART002431,CUST00483,PROD0066,2024-10-05 06:10:00,Abandoned,1
CART002432,CUST00301,PROD0047,2025-05-29 11:23:00,Abandoned,1
CART002433,CUST00004,PROD0114,2024-07-20 07:15:00,Active,1
CART002434,CUST00078,PROD0158,2024-12-03 12:14:00,Abandoned,1
CART002435,CUST00088,PROD0035,2025-02-14 10:39:00,Abandoned,1
CART002436,CUST00175,PROD0105,2024-09-23 15:22:00,Purchased,2
CART002437,CUST00473,PROD0087,2025-07-18 13:54:00,Purchased,2
CART002438,CUST00074,PROD0047,2024-12-06 16:40:00,Abandoned,1
CART002439,CUST00152,PROD0066,2024-11-21 10:33:00,Abandoned,1
CART002440,CUST00035,PROD0132,2025-07-22 13:02:00,Abandoned,2
CART002441,CUST00092,PROD0028,2024-12-12 06:58:00,Purchased,3
CART002442,CUST00405,PROD0119,2024-08-01 19:25:00,Purchased,2
CART002443,CUST00400,PROD0173,2025-02-03 08:28:00,Purchased,1
CART002444,CUST00300,PROD0176,2025-02-12 09:31:00,Abandoned,1
CART002445,CUST00308,PROD0166,2025-01-15 11:38:00,Purchased,1
CART002446,CUST00359,PROD0125,2024-06-25 10:01:00,Abandoned,2
CART002447,CUST00189,PROD0176,2025-08-14 08:26:00,Abandoned,1
CART002448,CUST00491,PROD0066,2025-03-17 23:59:00,Active,1
CART002449,CUST00059,PROD0166,2025-07-08 11:57:00,Purchased,1
CART002450,CUST00150,PROD0095,2025-06-28 17:43:00,Abandoned,1
CART002451,CUST00136,PROD0142,2025-07-26 11:57:00,Abandoned,1
CART002452,CUST00396,PROD0121,2024-09-23 18:38:00,Purchased,2
CART002453,CUST00356,PROD0034,2024-12-18 21:54:00,Purchased,2
CART002454,CUST00092,PROD0096,2024-07-22 18:14:00,Purchased,1
CART002455,CUST00104,PROD0112,2024-07-31 17:48:00,Purchased,1
CART002456,CUST00129,PROD0135,2025-03-28 12:07:00,Purchased,1
CART002457,CUST00483,PROD0135,2025-02-05 11:32:00,Purchased,1
CART002458,CUST00084,PROD0183,2024-06-04 15:34:00,Active,1
CART002459,CUST00243,PROD0171,2024-11-07 17:00:00,Purchased,1
CART002460,CUST00367,PROD0020,2024-06-24 10:02:00,Abandoned,1
CART002461,CUST00060,PROD0002,2025-02-09 09:42:00,Abandoned,2
CART002462,CUST00485,PROD0088,2024-10-11 07:06:00,Abandoned,2
CART002463,CUST00423,PROD0120,2024-10-09 13:41:00,Abandoned,2
CART002464,CUST00084,PROD0019,2025-05-25 12:23:00,Abandoned,1
CART002465,CUST00119,PROD0128,2025-05-07 13:31:00,Abandoned,2
CART002466,CUST00132,PROD0010,2024-12-22 21:05:00,Abandoned,2
CART002467,CUST00100,PROD0084,2024-10-04 07:00:00,Purchased,1
CART002468,CUST00450,PROD0031,2025-05-07 06:11:00,Active,1
CART002469,CUST00129,PROD0176,2025-03-02 16:27:00,Purchased,1
CART002470,CUST00374,PROD0066,2025-01-13 18:09:00,Purchased,1
CART002471,CUST00414,PROD0119,2024-10-01 16:24:00,Active,2
CART002472,CUST00279,PROD0112,2024-06-15 14:44:00,Abandoned,2
CART002473,CUST00480,PROD0119,2024-11-24 08:32:00,Active,1
CART002474,CUST00128,PROD0119,2024-07-26 17:22:00,Abandoned,2
CART002475,CUST00082,PROD0135,2024-10-18 15:00:00,Active,1
CART002476,CUST00267,PROD0135,2025-04-13 20:37:00,Abandoned,1
CART002477,CUST00148,PROD0166,2025-04-11 10:14:00,Purchased,2
CART002478,CUST00128,PROD0145,2024-11-01 15:50:00,Active,1
CART002479,CUST00134,PROD0031,2024-11-18 17:46:00,Purchased,1
CART002480,CUST00213,PROD0133,2025-08-08 10:47:00,Purchased,1
CART002481,CUST00132,PROD0112,2024-08-18 08:24:00,Abandoned,1
CART002482,CUST00211,PROD0119,2025-06-06 20:29:00,Abandoned,3
CART002483,CUST00382,PROD0051,2025-04-26 08:18:00,Abandoned,1
CART002484,CUST00211,PROD0174,2025-03-29 18:18:00,Abandoned,1
CART002485,CUST00007,PROD0166,2025-05-23 15:53:00,Abandoned,1
CART002486,CUST00136,PROD0023,2024-06-22 20:00:00,Active,1
CART002487,CUST00088,PROD0173,2025-06-16 09:39:00,Abandoned,1
CART002488,CUST00173,PROD0066,2024-07-10 17:12:00,Active,1
CART002489,CUST00211,PROD0176,2025-07-18 09:58:00,Purchased,2
CART002490,CUST00303,PROD0166,2024-12-24 20:31:00,Abandoned,1
CART002491,CUST00338,PROD0173,2024-06-09 19:45:00,Abandoned,1
CART002492,CUST00127,PROD0029,2024-09-20 16:03:00,Abandoned,1
CART002493,CUST00473,PROD0166,2025-07-30 11:42:00,Abandoned,1
CART002494,CUST00013,PROD0031,2025-07-17 19:04:00,Purchased,1
CART002495,CUST00277,PROD0052,2024-06-09 06:50:00,Abandoned,1
CART002496,CUST00351,PROD0047,2024-09-22 11:35:00,Purchased,1
CART002497,CUST00323,PROD0099,2025-07-30 16:30:00,Abandoned,1
CART002498,CUST00095,PROD0116,2024-11-27 07:26:00,Abandoned,2
CART002499,CUST00469,PROD0166,2024-11-10 08:51:00,Active,1
CART002500,CUST00456,PROD0075,2025-05-09 07:09:00,Purchased,3
CART002501,CUST00278,PROD0105,2025-03-28 13:04:00,Active,1
CART002502,CUST00231,PROD0066,2024-08-14 09:25:00,Abandoned,1
CART002503,CUST00278,PROD0135,2025-06-29 23:43:00,Abandoned,1
CART002504,CUST00385,PROD0068,2025-02-13 06:24:00,Abandoned,2
CART002505,CUST00121,PROD0119,2024-12-08 21:40:00,Abandoned,2
CART002506,CUST00345,PROD0135,2024-10-13 12:21:00,Abandoned,2
CART002507,CUST00292,PROD0095,2024-11-07 10:09:00,Purchased,1
CART002508,CUST00005,PROD0046,2024-06-26 21:07:00,Abandoned,2
CART002509,CUST00430,PROD0166,2025-06-05 17:37:00,Purchased,1
CART002510,CUST00233,PROD0172,2025-05-03 08:55:00,Purchased,1
CART002511,CUST00217,PROD0004,2024-10-11 18:52:00,Abandoned,1
CART002512,CUST00448,PROD0121,2024-11-02 22:46:00,Abandoned,1
CART002513,CUST00405,PROD0066,2025-02-04 22:23:00,Abandoned,1
CART002514,CUST00228,PROD0009,2025-06-20 13:58:00,Abandoned,1
CART002515,CUST00106,PROD0066,2025-02-11 08:05:00,Abandoned,2
CART002516,CUST00032,PROD0018,2025-05-27 10:38:00,Abandoned,2
CART002517,CUST00412,PROD0128,2025-04-28 12:01:00,Purchased,1
CART002518,CUST00285,PROD0152,2024-08-19 06:47:00,Abandoned,1
CART002519,CUST00365,PROD0116,2025-03-17 20:53:00,Abandoned,1
CART002520,CUST00015,PROD0011,2025-07-29 13:36:00,Active,3
CART002521,CUST00101,PROD0035,2024-06-08 23:36:00,Active,1
CART002522,CUST00149,PROD0059,2025-05-26 10:55:00,Abandoned,2
CART002523,CUST00032,PROD0130,2024-12-26 08:13:00,Purchased,1
CART002524,CUST00363,PROD0026,2024-08-22 14:27:00,Abandoned,1
CART002525,CUST00472,PROD0130,2024-11-16 22:54:00,Abandoned,2
CART002526,CUST00104,PROD0173,2025-03-26 18:39:00,Purchased,1
CART002527,CUST00393,PROD0121,2025-07-05 10:30:00,Active,2
CART002528,CUST00095,PROD0059,2024-06-29 23:45:00,Abandoned,1
CART002529,CUST00153,PROD0011,2024-10-20 09:31:00,Abandoned,2
CART002530,CUST00418,PROD0004,2024-06-03 23:12:00,Active,1
CART002531,CUST00439,PROD0099,2025-08-21 21:26:00,Abandoned,2
CART002532,CUST00447,PROD0031,2024-12-05 08:56:00,Abandoned,3
CART002533,CUST00064,PROD0119,2024-10-28 12:58:00,Abandoned,1
CART002534,CUST00448,PROD0119,2025-05-02 10:02:00,Purchased,1
CART002535,CUST00249,PROD0145,2025-08-14 09:49:00,Abandoned,3
CART002536,CUST00390,PROD0111,2024-08-13 06:52:00,Abandoned,1
CART002537,CUST00110,PROD0066,2024-07-27 17:10:00,Active,1
CART002538,CUST00034,PROD0114,2024-07-25 19:25:00,Abandoned,2
CART002539,CUST00148,PROD0128,2025-07-03 11:27:00,Abandoned,1
CART002540,CUST00495,PROD0121,2024-06-23 13:55:00,Abandoned,1
CART002541,CUST00446,PROD0119,2024-10-13 08:51:00,Purchased,3
CART002542,CUST00388,PROD0133,2025-07-06 21:11:00,Abandoned,2
CART002543,CUST00134,PROD0119,2025-06-16 16:22:00,Purchased,1
CART002544,CUST00074,PROD0040,2024-09-01 13:31:00,Abandoned,1
CART002545,CUST00416,PROD0160,2024-08-06 18:20:00,Active,2
CART002546,CUST00303,PROD0064,2024-09-21 18:39:00,Abandoned,1
CART002547,CUST00356,PROD0066,2024-10-10 19:16:00,Abandoned,1
CART002548,CUST00455,PROD0135,2024-12-04 20:32:00,Abandoned,3
CART002549,CUST00136,PROD0128,2024-10-18 19:10:00,Purchased,1
CART002550,CUST00423,PROD0142,2024-10-15 14:52:00,Abandoned,1
CART002551,CUST00161,PROD0135,2024-07-14 15:45:00,Abandoned,1
CART002552,CUST00447,PROD0047,2025-06-24 09:01:00,Abandoned,1
CART002553,CUST00329,PROD0145,2024-11-25 19:40:00,Purchased,1
CART002554,CUST00462,PROD0005,2025-01-10 16:00:00,Abandoned,1
CART002555,CUST00217,PROD0116,2025-01-02 10:36:00,Abandoned,1
CART002556,CUST00333,PROD0004,2024-06-09 16:24:00,Abandoned,1
CART002557,CUST00259,PROD0064,2025-01-09 16:54:00,Purchased,1
CART002558,CUST00156,PROD0121,2025-08-06 10:52:00,Active,1
CART002559,CUST00388,PROD0061,2025-05-04 07:55:00,Abandoned,1
CART002560,CUST00311,PROD0166,2024-09-25 10:48:00,Abandoned,1
CART002561,CUST00033,PROD0133,2025-06-16 19:45:00,Abandoned,1
CART002562,CUST00161,PROD0124,2024-07-03 11:38:00,Purchased,1
CART002563,CUST00167,PROD0113,2024-12-06 16:44:00,Purchased,1
CART002564,CUST00258,PROD0173,2024-06-12 20:37:00,Active,1
CART002565,CUST00301,PROD0173,2025-02-23 12:16:00,Active,1
CART002566,CUST00380,PROD0063,2025-01-26 14:55:00,Purchased,1
CART002567,CUST00203,PROD0025,2024-10-14 08:08:00,Abandoned,1
CART002568,CUST00355,PROD0173,2024-09-23 09:19:00,Abandoned,1
CART002569,CUST00500,PROD0128,2025-07-05 17:57:00,Purchased,1
CART002570,CUST00395,PROD0155,2024-08-06 11:09:00,Purchased,1
CART002571,CUST00137,PROD0050,2025-08-17 15:57:00,Abandoned,1
CART002572,CUST00375,PROD0151,2024-11-09 20:35:00,Active,1
CART002573,CUST00046,PROD0078,2025-08-12 06:18:00,Abandoned,1
CART002574,CUST00175,PROD0145,2025-03-07 21:46:00,Abandoned,1
CART002575,CUST00428,PROD0011,2025-05-10 20:54:00,Purchased,2
CART002576,CUST00008,PROD0118,2024-10-30 17:07:00,Abandoned,1
CART002577,CUST00195,PROD0121,2025-07-19 15:44:00,Abandoned,1
CART002578,CUST00428,PROD0031,2024-09-11 07:29:00,Purchased,3
CART002579,CUST00447,PROD0054,2025-02-08 12:14:00,Abandoned,1
CART002580,CUST00220,PROD0166,2025-04-18 22:08:00,Purchased,1
CART002581,CUST00143,PROD0065,2025-05-16 15:28:00,Abandoned,1
CART002582,CUST00480,PROD0156,2024-09-12 10:49:00,Abandoned,2
CART002583,CUST00243,PROD0063,2024-11-03 12:28:00,Abandoned,3
CART002584,CUST00228,PROD0132,2024-12-06 10:44:00,Purchased,1
CART002585,CUST00394,PROD0166,2024-07-01 14:20:00,Purchased,1
CART002586,CUST00243,PROD0066,2025-05-17 18:31:00,Abandoned,1
CART002587,CUST00395,PROD0119,2024-10-13 20:00:00,Abandoned,1
CART002588,CUST00086,PROD0063,2025-04-07 12:26:00,Abandoned,1
CART002589,CUST00340,PROD0112,2024-08-03 13:42:00,Purchased,1
CART002590,CUST00371,PROD0066,2025-02-24 22:27:00,Purchased,1
CART002591,CUST00055,PROD0068,2024-11-10 06:07:00,Purchased,2
CART002592,CUST00217,PROD0025,2025-02-16 10:56:00,Purchased,1
CART002593,CUST00148,PROD0150,2024-08-08 06:52:00,Purchased,2
CART002594,CUST00149,PROD0095,2025-07-23 22:18:00,Abandoned,2
CART002595,CUST00029,PROD0119,2024-10-19 14:08:00,Abandoned,1
CART002596,CUST00367,PROD0112,2024-07-01 14:49:00,Abandoned,1
CART002597,CUST00012,PROD0066,2024-12-07 12:13:00,Active,1
CART002598,CUST00243,PROD0038,2025-07-25 12:27:00,Abandoned,1
CART002599,CUST00144,PROD0185,2025-07-03 18:01:00,Abandoned,1
CART002600,CUST00323,PROD0118,2024-08-31 11:44:00,Abandoned,1
CART002601,CUST00272,PROD0066,2025-06-13 18:31:00,Active,1
CART002602,CUST00456,PROD0166,2025-04-20 08:44:00,Purchased,1
CART002603,CUST00353,PROD0088,2025-02-16 18:00:00,Abandoned,1
CART002604,CUST00416,PROD0017,2025-03-23 14:38:00,Abandoned,2
CART002605,CUST00317,PROD0047,2024-10-12 19:56:00,Abandoned,1
CART002606,CUST00148,PROD0002,2024-06-18 10:01:00,Abandoned,2
CART002607,CUST00034,PROD0173,2024-11-24 17:58:00,Abandoned,2
CART002608,CUST00052,PROD0173,2024-06-15 14:36:00,Active,1
CART002609,CUST00021,PROD0031,2024-12-11 07:07:00,Purchased,2
CART002610,CUST00133,PROD0135,2025-05-11 10:16:00,Abandoned,2
CART002611,CUST00064,PROD0031,2024-07-23 17:48:00,Purchased,1
CART002612,CUST00232,PROD0095,2024-10-05 12:23:00,Purchased,1
CART002613,CUST00150,PROD0068,2024-07-16 06:04:00,Purchased,1
CART002614,CUST00323,PROD0135,2025-07-12 16:18:00,Abandoned,2
CART002615,CUST00113,PROD0054,2025-07-17 09:30:00,Abandoned,2
CART002616,CUST00385,PROD0132,2024-10-07 22:45:00,Active,2
CART002617,CUST00059,PROD0066,2024-10-29 07:34:00,Purchased,1
CART002618,CUST00218,PROD0095,2025-01-09 12:33:00,Active,1
CART002619,CUST00120,PROD0127,2025-05-22 22:36:00,Abandoned,1
CART002620,CUST00320,PROD0116,2024-06-26 07:18:00,Abandoned,1
CART002621,CUST00005,PROD0125,2024-12-21 08:03:00,Abandoned,1
CART002622,CUST00259,PROD0168,2024-10-27 07:17:00,Abandoned,3
CART002623,CUST00486,PROD0142,2025-06-03 08:22:00,Abandoned,1
CART002624,CUST00186,PROD0183,2024-11-03 18:57:00,Abandoned,1
CART002625,CUST00067,PROD0132,2024-11-08 16:04:00,Active,1
CART002626,CUST00400,PROD0111,2025-01-15 12:53:00,Abandoned,1
CART002627,CUST00093,PROD0031,2024-12-24 12:33:00,Abandoned,2
CART002628,CUST00357,PROD0063,2025-06-20 09:17:00,Abandoned,1
CART002629,CUST00049,PROD0166,2024-10-01 12:30:00,Abandoned,2
CART002630,CUST00005,PROD0028,2025-02-01 20:20:00,Abandoned,1
CART002631,CUST00013,PROD0099,2024-10-25 22:03:00,Purchased,2
CART002632,CUST00405,PROD0119,2024-10-14 07:39:00,Abandoned,1
CART002633,CUST00347,PROD0024,2024-10-25 06:06:00,Abandoned,2
CART002634,CUST00189,PROD0120,2024-07-12 22:59:00,Abandoned,2
CART002635,CUST00044,PROD0166,2024-07-16 18:18:00,Abandoned,2
CART002636,CUST00165,PROD0120,2025-06-17 09:31:00,Abandoned,1
CART002637,CUST00127,PROD0172,2024-11-09 23:16:00,Purchased,2
CART002638,CUST00057,PROD0128,2024-07-02 08:59:00,Abandoned,2
CART002639,CUST00146,PROD0098,2024-08-15 07:09:00,Abandoned,1
CART002640,CUST00150,PROD0074,2025-02-27 09:25:00,Abandoned,1
CART002641,CUST00427,PROD0133,2025-01-19 22:44:00,Abandoned,1
CART002642,CUST00340,PROD0004,2025-05-30 12:30:00,Active,1
CART002643,CUST00051,PROD0043,2025-08-09 09:27:00,Purchased,2
CART002644,CUST00113,PROD0183,2024-07-31 09:23:00,Abandoned,2
CART002645,CUST00323,PROD0161,2024-11-08 18:27:00,Abandoned,1
CART002646,CUST00301,PROD0078,2024-06-18 19:07:00,Purchased,2
CART002647,CUST00311,PROD0084,2024-10-17 21:52:00,Abandoned,1
CART002648,CUST00365,PROD0133,2025-06-06 20:22:00,Abandoned,2
CART002649,CUST00372,PROD0063,2024-07-14 22:12:00,Abandoned,2
CART002650,CUST00044,PROD0192,2025-06-30 12:10:00,Abandoned,1
CART002651,CUST00159,PROD0114,2025-04-18 08:30:00,Purchased,2
CART002652,CUST00029,PROD0151,2025-02-21 16:55:00,Purchased,1
CART002653,CUST00143,PROD0112,2024-08-29 16:34:00,Purchased,1
CART002654,CUST00007,PROD0172,2024-06-25 17:12:00,Abandoned,1
CART002655,CUST00100,PROD0133,2025-04-01 17:41:00,Abandoned,2
CART002656,CUST00296,PROD0119,2024-11-15 08:37:00,Abandoned,1
CART002657,CUST00050,PROD0128,2024-07-15 19:20:00,Abandoned,2
CART002658,CUST00243,PROD0116,2025-01-22 10:34:00,Abandoned,2
CART002659,CUST00228,PROD0085,2024-10-13 13:23:00,Abandoned,1
CART002660,CUST00092,PROD0001,2025-06-27 13:37:00,Abandoned,2
CART002661,CUST00105,PROD0002,2024-12-13 22:10:00,Abandoned,1
CART002662,CUST00383,PROD0079,2025-06-25 11:24:00,Abandoned,1
CART002663,CUST00166,PROD0173,2024-06-05 10:06:00,Abandoned,1
CART002664,CUST00123,PROD0116,2024-10-11 21:21:00,Abandoned,2
CART002665,CUST00470,PROD0166,2024-11-12 07:04:00,Active,3
CART002666,CUST00361,PROD0068,2024-07-11 16:34:00,Abandoned,1
CART002667,CUST00356,PROD0031,2025-01-08 19:27:00,Abandoned,3
CART002668,CUST00147,PROD0066,2025-07-12 21:38:00,Purchased,1
CART002669,CUST00469,PROD0139,2024-11-10 06:52:00,Active,1
CART002670,CUST00008,PROD0068,2025-03-31 12:00:00,Purchased,1
CART002671,CUST00363,PROD0128,2025-01-17 22:21:00,Purchased,3
CART002672,CUST00356,PROD0172,2024-09-30 11:57:00,Abandoned,2
CART002673,CUST00289,PROD0173,2024-12-22 11:30:00,Active,1
CART002674,CUST00174,PROD0050,2024-09-17 18:27:00,Abandoned,1
CART002675,CUST00448,PROD0047,2024-10-13 23:51:00,Abandoned,2
CART002676,CUST00150,PROD0183,2024-10-08 13:16:00,Abandoned,1
CART002677,CUST00044,PROD0197,2025-07-06 08:40:00,Abandoned,2
CART002678,CUST00072,PROD0190,2025-07-23 07:10:00,Abandoned,1
CART002679,CUST00335,PROD0197,2024-11-16 10:55:00,Abandoned,1
CART002680,CUST00438,PROD0103,2025-08-24 17:19:00,Abandoned,1
CART002681,CUST00014,PROD0112,2025-04-08 09:15:00,Purchased,1
CART002682,CUST00190,PROD0040,2025-02-22 23:29:00,Purchased,3
CART002683,CUST00301,PROD0129,2024-11-12 06:34:00,Abandoned,1
CART002684,CUST00260,PROD0135,2025-06-22 21:08:00,Active,1
CART002685,CUST00494,PROD0165,2024-07-24 06:40:00,Abandoned,1
CART002686,CUST00451,PROD0176,2024-11-07 13:35:00,Active,2
CART002687,CUST00189,PROD0031,2025-07-04 11:30:00,Abandoned,3
CART002688,CUST00243,PROD0004,2025-06-04 21:29:00,Active,1
CART002689,CUST00029,PROD0047,2024-08-07 09:07:00,Active,1
CART002690,CUST00138,PROD0031,2025-07-18 22:18:00,Purchased,3
CART002691,CUST00055,PROD0052,2025-01-25 16:08:00,Active,1
CART002692,CUST00073,PROD0066,2025-08-01 21:41:00,Abandoned,3
CART002693,CUST00420,PROD0130,2025-04-09 18:12:00,Purchased,1
CART002694,CUST00251,PROD0121,2025-04-16 07:00:00,Abandoned,1
CART002695,CUST00106,PROD0183,2024-10-26 08:09:00,Purchased,1
CART002696,CUST00196,PROD0065,2024-07-10 07:52:00,Purchased,1
CART002697,CUST00311,PROD0051,2025-02-24 14:09:00,Purchased,1
CART002698,CUST00018,PROD0166,2025-05-03 15:43:00,Abandoned,1
CART002699,CUST00014,PROD0059,2025-06-03 21:13:00,Active,1
CART002700,CUST00400,PROD0119,2025-04-21 07:22:00,Active,1
CART002701,CUST00193,PROD0065,2025-03-11 21:54:00,Active,2
CART002702,CUST00018,PROD0071,2024-10-30 20:30:00,Purchased,1
CART002703,CUST00049,PROD0173,2025-01-07 19:59:00,Purchased,3
CART002704,CUST00404,PROD0047,2024-07-27 21:06:00,Abandoned,2
CART002705,CUST00253,PROD0005,2025-07-25 17:45:00,Abandoned,1
CART002706,CUST00138,PROD0113,2025-06-07 19:22:00,Active,1
CART002707,CUST00161,PROD0066,2025-06-15 18:25:00,Active,2
CART002708,CUST00184,PROD0127,2024-11-11 20:26:00,Abandoned,1
CART002709,CUST00496,PROD0116,2025-08-25 07:38:00,Abandoned,2
CART002710,CUST00051,PROD0149,2024-08-12 18:33:00,Abandoned,1
CART002711,CUST00294,PROD0166,2024-09-11 12:18:00,Active,2
CART002712,CUST00469,PROD0028,2025-07-04 14:01:00,Purchased,1
CART002713,CUST00032,PROD0183,2024-11-10 17:09:00,Purchased,1
CART002714,CUST00267,PROD0050,2025-03-09 15:08:00,Active,1
CART002715,CUST00099,PROD0177,2025-08-03 18:43:00,Active,1
CART002716,CUST00080,PROD0084,2025-07-01 17:12:00,Active,1
CART002717,CUST00053,PROD0168,2024-11-17 20:39:00,Purchased,1
CART002718,CUST00056,PROD0166,2024-12-12 11:08:00,Purchased,1
CART002719,CUST00448,PROD0166,2024-06-10 08:48:00,Abandoned,1
CART002720,CUST00116,PROD0116,2024-10-11 13:39:00,Active,1
CART002721,CUST00291,PROD0116,2024-11-11 06:29:00,Purchased,1
CART002722,CUST00491,PROD0047,2025-02-15 17:44:00,Abandoned,1
CART002723,CUST00340,PROD0029,2024-09-22 21:42:00,Abandoned,1
CART002724,CUST00132,PROD0116,2024-07-24 19:03:00,Active,1
CART002725,CUST00360,PROD0012,2024-07-19 09:21:00,Abandoned,1
CART002726,CUST00010,PROD0029,2024-10-11 09:05:00,Abandoned,1
CART002727,CUST00435,PROD0024,2025-06-24 07:47:00,Active,2
CART002728,CUST00044,PROD0009,2024-06-22 09:02:00,Purchased,1
CART002729,CUST00330,PROD0119,2025-01-05 18:45:00,Purchased,1
CART002730,CUST00419,PROD0066,2025-08-23 19:00:00,Purchased,1
CART002731,CUST00126,PROD0168,2025-01-15 22:02:00,Purchased,2
CART002732,CUST00189,PROD0166,2025-07-18 18:22:00,Abandoned,1
CART002733,CUST00113,PROD0121,2025-08-04 12:42:00,Abandoned,1
CART002734,CUST00483,PROD0066,2025-07-17 20:58:00,Abandoned,1
CART002735,CUST00161,PROD0112,2025-02-28 20:55:00,Abandoned,1
CART002736,CUST00462,PROD0171,2025-05-27 12:14:00,Abandoned,1
CART002737,CUST00030,PROD0112,2025-05-06 15:32:00,Abandoned,1
CART002738,CUST00312,PROD0116,2025-04-13 12:22:00,Abandoned,1
CART002739,CUST00343,PROD0041,2024-09-14 08:38:00,Purchased,2
CART002740,CUST00148,PROD0193,2024-06-20 09:18:00,Abandoned,1
CART002741,CUST00146,PROD0200,2025-08-26 18:30:00,Abandoned,1
CART002742,CUST00128,PROD0135,2025-07-06 08:52:00,Abandoned,1
CART002743,CUST00433,PROD0024,2025-02-20 18:15:00,Active,2
CART002744,CUST00092,PROD0139,2025-07-30 22:59:00,Abandoned,2
CART002745,CUST00117,PROD0066,2024-12-17 18:54:00,Abandoned,1
CART002746,CUST00483,PROD0041,2025-05-04 13:51:00,Purchased,1
CART002747,CUST00277,PROD0020,2024-09-08 06:56:00,Purchased,1
CART002748,CUST00332,PROD0139,2024-06-13 08:31:00,Active,1
CART002749,CUST00356,PROD0155,2024-09-27 10:52:00,Abandoned,1
CART002750,CUST00036,PROD0036,2024-06-04 19:27:00,Abandoned,1
CART002751,CUST00452,PROD0035,2025-04-28 10:49:00,Abandoned,1
CART002752,CUST00473,PROD0150,2025-06-20 10:19:00,Abandoned,1
CART002753,CUST00400,PROD0066,2024-09-10 23:21:00,Abandoned,2
CART002754,CUST00360,PROD0028,2025-06-26 11:46:00,Abandoned,1
CART002755,CUST00138,PROD0120,2025-01-15 10:18:00,Purchased,1
CART002756,CUST00121,PROD0183,2025-08-02 07:51:00,Purchased,1
CART002757,CUST00150,PROD0020,2025-06-19 10:01:00,Abandoned,2
CART002758,CUST00247,PROD0166,2025-03-30 18:42:00,Purchased,1
CART002759,CUST00165,PROD0063,2024-10-05 08:19:00,Active,1
CART002760,CUST00077,PROD0047,2024-06-05 18:50:00,Purchased,1
CART002761,CUST00497,PROD0166,2025-03-31 16:05:00,Abandoned,2
CART002762,CUST00193,PROD0066,2024-11-04 06:35:00,Active,1
CART002763,CUST00306,PROD0047,2025-05-05 16:17:00,Purchased,1
CART002764,CUST00109,PROD0183,2024-07-16 10:31:00,Purchased,1
CART002765,CUST00026,PROD0028,2025-02-16 18:41:00,Purchased,1
CART002766,CUST00093,PROD0166,2025-03-29 07:56:00,Abandoned,1
CART002767,CUST00119,PROD0135,2025-04-17 12:15:00,Abandoned,1
CART002768,CUST00156,PROD0050,2024-10-15 19:54:00,Abandoned,1
CART002769,CUST00494,PROD0135,2025-05-15 12:24:00,Abandoned,1
CART002770,CUST00001,PROD0024,2025-01-09 12:51:00,Purchased,1
CART002771,CUST00093,PROD0021,2025-06-30 08:58:00,Purchased,1
CART002772,CUST00046,PROD0135,2025-05-01 07:46:00,Purchased,1
CART002773,CUST00088,PROD0156,2024-10-24 07:33:00,Abandoned,2
CART002774,CUST00018,PROD0112,2024-08-24 13:04:00,Abandoned,1
CART002775,CUST00498,PROD0083,2024-07-14 20:33:00,Purchased,1
CART002776,CUST00448,PROD0135,2024-09-24 06:51:00,Abandoned,3
CART002777,CUST00301,PROD0046,2025-01-17 23:02:00,Purchased,1
CART002778,CUST00405,PROD0066,2025-06-30 22:41:00,Purchased,2
CART002779,CUST00331,PROD0063,2025-08-14 16:44:00,Abandoned,1
CART002780,CUST00455,PROD0050,2025-08-22 08:21:00,Abandoned,2
CART002781,CUST00479,PROD0050,2024-11-21 11:39:00,Active,1
CART002782,CUST00055,PROD0064,2025-08-02 07:39:00,Active,1
CART002783,CUST00143,PROD0183,2025-04-21 13:03:00,Abandoned,2
CART002784,CUST00464,PROD0135,2024-10-01 13:40:00,Abandoned,3
CART002785,CUST00146,PROD0128,2025-06-17 19:27:00,Purchased,1
CART002786,CUST00293,PROD0068,2024-10-01 13:49:00,Abandoned,1
CART002787,CUST00439,PROD0032,2025-07-01 18:10:00,Abandoned,1
CART002788,CUST00301,PROD0165,2024-12-21 06:32:00,Purchased,1
CART002789,CUST00055,PROD0119,2025-01-09 10:08:00,Active,1
CART002790,CUST00290,PROD0088,2025-05-31 19:33:00,Purchased,1
CART002791,CUST00469,PROD0113,2025-07-05 17:54:00,Active,1
CART002792,CUST00267,PROD0068,2024-11-13 15:49:00,Abandoned,3
CART002793,CUST00106,PROD0031,2025-06-10 14:49:00,Abandoned,1
CART002794,CUST00133,PROD0087,2024-12-28 06:55:00,Abandoned,1
CART002795,CUST00406,PROD0076,2025-03-14 13:04:00,Purchased,2
CART002796,CUST00422,PROD0063,2024-10-30 07:22:00,Active,1
CART002797,CUST00446,PROD0145,2025-01-22 23:13:00,Active,3
CART002798,CUST00204,PROD0166,2025-06-05 13:00:00,Abandoned,2
CART002799,CUST00495,PROD0112,2024-09-02 19:31:00,Purchased,1
CART002800,CUST00428,PROD0166,2024-10-26 20:39:00,Abandoned,1
CART002801,CUST00244,PROD0102,2024-07-07 15:08:00,Purchased,2
CART002802,CUST00132,PROD0121,2024-07-14 23:37:00,Purchased,2
CART002803,CUST00363,PROD0075,2025-02-13 15:08:00,Active,1
CART002804,CUST00494,PROD0150,2025-05-21 19:38:00,Purchased,1
CART002805,CUST00008,PROD0119,2024-08-02 21:26:00,Active,2
CART002806,CUST00192,PROD0066,2024-07-02 17:41:00,Purchased,3
CART002807,CUST00484,PROD0031,2024-10-25 09:25:00,Abandoned,1
CART002808,CUST00137,PROD0173,2025-04-10 19:30:00,Active,3
CART002809,CUST00440,PROD0135,2025-03-26 09:32:00,Abandoned,2
CART002810,CUST00338,PROD0047,2025-02-24 21:25:00,Purchased,1
CART002811,CUST00494,PROD0112,2024-06-17 22:34:00,Purchased,1
CART002812,CUST00457,PROD0183,2025-04-14 19:59:00,Abandoned,1
CART002813,CUST00012,PROD0105,2025-08-31 19:34:00,Abandoned,2
CART002814,CUST00468,PROD0120,2025-06-23 17:01:00,Purchased,1
CART002815,CUST00012,PROD0172,2024-09-16 18:56:00,Active,2
CART002816,CUST00323,PROD0040,2024-09-02 11:29:00,Abandoned,1
CART002817,CUST00371,PROD0016,2024-11-15 11:37:00,Purchased,1
CART002818,CUST00080,PROD0031,2024-11-10 11:27:00,Abandoned,1
CART002819,CUST00320,PROD0190,2024-06-02 19:28:00,Abandoned,2
CART002820,CUST00202,PROD0127,2025-06-20 22:00:00,Abandoned,1
CART002821,CUST00044,PROD0034,2025-05-21 12:28:00,Abandoned,1
CART002822,CUST00276,PROD0085,2024-10-17 18:05:00,Abandoned,2
CART002823,CUST00356,PROD0121,2024-11-05 16:10:00,Purchased,1
CART002824,CUST00246,PROD0158,2025-01-18 23:58:00,Abandoned,3
CART002825,CUST00007,PROD0200,2025-03-23 23:38:00,Purchased,2
CART002826,CUST00149,PROD0112,2025-05-25 20:18:00,Abandoned,2
CART002827,CUST00149,PROD0066,2025-03-05 13:51:00,Abandoned,3
CART002828,CUST00204,PROD0067,2025-07-08 23:06:00,Purchased,1
CART002829,CUST00175,PROD0024,2025-04-10 16:21:00,Abandoned,1
CART002830,CUST00029,PROD0119,2024-10-23 21:30:00,Abandoned,1
CART002831,CUST00228,PROD0132,2024-10-10 10:27:00,Abandoned,1
CART002832,CUST00197,PROD0024,2025-03-26 21:24:00,Abandoned,3
CART002833,CUST00323,PROD0064,2024-08-25 06:35:00,Purchased,1
CART002834,CUST00105,PROD0066,2024-07-12 23:23:00,Active,2
CART002835,CUST00446,PROD0119,2024-06-27 23:01:00,Abandoned,2
CART002836,CUST00026,PROD0031,2024-10-23 06:59:00,Purchased,1
CART002837,CUST00160,PROD0045,2024-07-19 15:07:00,Active,2
CART002838,CUST00163,PROD0050,2024-12-11 20:06:00,Active,1
CART002839,CUST00291,PROD0061,2025-01-27 18:21:00,Abandoned,1
CART002840,CUST00398,PROD0052,2024-11-30 23:37:00,Purchased,3
CART002841,CUST00356,PROD0192,2025-07-22 08:52:00,Purchased,1
CART002842,CUST00126,PROD0135,2025-03-27 17:55:00,Abandoned,1
CART002843,CUST00345,PROD0119,2024-12-26 17:51:00,Purchased,1
CART002844,CUST00018,PROD0166,2025-06-26 23:34:00,Abandoned,1
CART002845,CUST00128,PROD0011,2024-06-01 08:41:00,Purchased,1
CART002846,CUST00162,PROD0047,2024-10-07 15:33:00,Abandoned,1
CART002847,CUST00486,PROD0048,2024-12-01 07:03:00,Abandoned,3
CART002848,CUST00467,PROD0067,2024-10-22 17:49:00,Purchased,1
CART002849,CUST00069,PROD0095,2024-10-27 06:45:00,Abandoned,2
CART002850,CUST00113,PROD0133,2024-10-13 11:16:00,Abandoned,1
CART002851,CUST00310,PROD0128,2024-08-21 11:33:00,Abandoned,1
CART002852,CUST00119,PROD0119,2024-07-03 23:53:00,Abandoned,1
CART002853,CUST00036,PROD0066,2025-03-20 17:40:00,Abandoned,1
CART002854,CUST00132,PROD0119,2025-04-21 07:40:00,Purchased,1
CART002855,CUST00138,PROD0121,2025-08-10 06:49:00,Purchased,1
CART002856,CUST00321,PROD0172,2024-11-30 12:01:00,Purchased,1
CART002857,CUST00329,PROD0011,2024-11-02 09:46:00,Purchased,1
CART002858,CUST00106,PROD0047,2025-04-19 16:40:00,Purchased,3
CART002859,CUST00174,PROD0021,2025-04-08 08:41:00,Abandoned,1
CART002860,CUST00354,PROD0121,2025-07-13 18:53:00,Abandoned,1
CART002861,CUST00080,PROD0066,2024-12-13 07:31:00,Abandoned,3
CART002862,CUST00453,PROD0166,2024-09-18 11:36:00,Active,2
CART002863,CUST00173,PROD0173,2024-09-14 06:25:00,Abandoned,1
CART002864,CUST00421,PROD0132,2025-06-07 17:09:00,Purchased,1
CART002865,CUST00446,PROD0128,2025-02-27 11:14:00,Purchased,1
CART002866,CUST00377,PROD0084,2024-07-28 19:38:00,Purchased,1
CART002867,CUST00370,PROD0040,2024-09-19 09:40:00,Abandoned,1
CART002868,CUST00129,PROD0046,2025-07-06 06:24:00,Purchased,1
CART002869,CUST00154,PROD0086,2024-12-06 07:00:00,Abandoned,1
CART002870,CUST00456,PROD0123,2024-11-02 12:01:00,Purchased,1
CART002871,CUST00242,PROD0011,2025-07-22 14:50:00,Purchased,1
CART002872,CUST00345,PROD0139,2025-06-09 18:41:00,Active,1
CART002873,CUST00254,PROD0026,2025-05-30 19:08:00,Abandoned,1
CART002874,CUST00073,PROD0132,2024-10-25 20:23:00,Abandoned,1
CART002875,CUST00217,PROD0054,2025-08-02 21:50:00,Active,1
CART002876,CUST00277,PROD0179,2024-11-11 15:01:00,Active,1
CART002877,CUST00073,PROD0175,2025-05-28 16:31:00,Active,1
CART002878,CUST00148,PROD0172,2025-01-03 08:51:00,Abandoned,1
CART002879,CUST00319,PROD0135,2025-07-27 14:19:00,Abandoned,2
CART002880,CUST00469,PROD0161,2024-06-20 17:57:00,Abandoned,1
CART002881,CUST00446,PROD0011,2025-05-24 21:16:00,Purchased,2
CART002882,CUST00191,PROD0068,2024-09-01 18:34:00,Abandoned,1
CART002883,CUST00367,PROD0024,2025-07-30 12:23:00,Abandoned,1
CART002884,CUST00393,PROD0024,2025-01-02 15:16:00,Abandoned,1
CART002885,CUST00014,PROD0122,2025-07-29 13:16:00,Abandoned,1
CART002886,CUST00129,PROD0131,2025-06-28 08:17:00,Abandoned,1
CART002887,CUST00029,PROD0004,2024-09-14 19:57:00,Abandoned,1
CART002888,CUST00162,PROD0088,2024-12-08 23:42:00,Abandoned,1
CART002889,CUST00218,PROD0004,2024-09-29 17:59:00,Abandoned,1
CART002890,CUST00051,PROD0156,2024-09-06 12:42:00,Active,2
CART002891,CUST00224,PROD0105,2025-02-23 14:32:00,Purchased,1
CART002892,CUST00030,PROD0066,2024-11-17 15:35:00,Active,1
CART002893,CUST00331,PROD0001,2025-08-07 13:42:00,Abandoned,1
CART002894,CUST00120,PROD0171,2024-06-03 23:27:00,Abandoned,3
CART002895,CUST00017,PROD0031,2024-09-29 11:54:00,Abandoned,1
CART002896,CUST00247,PROD0031,2024-07-02 21:13:00,Abandoned,1
CART002897,CUST00121,PROD0173,2024-11-10 18:53:00,Abandoned,2
CART002898,CUST00091,PROD0024,2025-01-10 22:20:00,Abandoned,2
CART002899,CUST00450,PROD0118,2024-10-15 10:01:00,Abandoned,1
CART002900,CUST00329,PROD0064,2025-06-16 20:30:00,Abandoned,1
CART002901,CUST00429,PROD0119,2025-05-10 22:30:00,Purchased,1
CART002902,CUST00242,PROD0005,2025-01-31 22:57:00,Abandoned,1
CART002903,CUST00370,PROD0133,2025-02-12 15:15:00,Purchased,1
CART002904,CUST00451,PROD0004,2025-05-29 19:49:00,Abandoned,1
CART002905,CUST00405,PROD0098,2025-02-24 23:13:00,Abandoned,1
CART002906,CUST00367,PROD0063,2025-04-08 14:19:00,Abandoned,1
CART002907,CUST00354,PROD0065,2024-10-10 19:38:00,Active,2
CART002908,CUST00400,PROD0128,2025-07-21 16:55:00,Abandoned,1
CART002909,CUST00128,PROD0065,2024-10-18 07:22:00,Purchased,1
CART002910,CUST00345,PROD0064,2024-10-12 15:20:00,Purchased,1
CART002911,CUST00093,PROD0068,2024-06-25 17:46:00,Purchased,3
CART002912,CUST00144,PROD0166,2024-12-31 11:34:00,Abandoned,1
CART002913,CUST00094,PROD0129,2025-08-10 18:29:00,Purchased,1
CART002914,CUST00050,PROD0075,2024-11-11 06:03:00,Abandoned,2
CART002915,CUST00220,PROD0024,2025-07-19 12:17:00,Purchased,1
CART002916,CUST00329,PROD0128,2024-06-25 12:36:00,Purchased,1
CART002917,CUST00037,PROD0183,2025-05-24 20:28:00,Purchased,1
CART002918,CUST00295,PROD0119,2024-06-01 21:58:00,Purchased,1
CART002919,CUST00351,PROD0047,2025-06-19 16:17:00,Abandoned,1
CART002920,CUST00004,PROD0166,2024-06-09 17:42:00,Abandoned,2
CART002921,CUST00149,PROD0130,2025-05-20 06:15:00,Abandoned,1
CART002922,CUST00161,PROD0112,2025-01-21 06:04:00,Abandoned,1
CART002923,CUST00497,PROD0133,2024-10-09 10:21:00,Abandoned,1
CART002924,CUST00202,PROD0166,2024-10-24 17:07:00,Abandoned,1
CART002925,CUST00018,PROD0193,2024-11-02 07:43:00,Purchased,1
CART002926,CUST00233,PROD0065,2024-09-25 06:19:00,Abandoned,1
CART002927,CUST00029,PROD0112,2024-11-09 06:42:00,Purchased,1
CART002928,CUST00145,PROD0119,2024-07-06 23:06:00,Abandoned,1
CART002929,CUST00113,PROD0088,2024-11-12 12:21:00,Purchased,1
CART002930,CUST00303,PROD0083,2024-08-25 08:08:00,Abandoned,1
CART002931,CUST00490,PROD0047,2024-06-30 14:49:00,Active,1
CART002932,CUST00190,PROD0066,2025-06-12 13:52:00,Purchased,1
CART002933,CUST00119,PROD0180,2024-07-24 21:39:00,Active,1
CART002934,CUST00118,PROD0024,2025-04-28 16:12:00,Purchased,1
CART002935,CUST00356,PROD0135,2024-09-28 09:07:00,Purchased,1
CART002936,CUST00247,PROD0166,2024-06-11 13:42:00,Abandoned,1
CART002937,CUST00444,PROD0055,2024-07-29 06:17:00,Purchased,1
CART002938,CUST00138,PROD0099,2025-06-06 18:22:00,Purchased,1
CART002939,CUST00246,PROD0064,2025-05-23 20:52:00,Abandoned,2
CART002940,CUST00112,PROD0066,2025-05-20 10:35:00,Abandoned,1
CART002941,CUST00187,PROD0068,2024-08-13 18:57:00,Purchased,1
CART002942,CUST00396,PROD0112,2024-11-29 17:07:00,Active,1
CART002943,CUST00084,PROD0018,2024-06-06 07:33:00,Abandoned,1
CART002944,CUST00189,PROD0064,2025-08-26 21:14:00,Abandoned,1
CART002945,CUST00388,PROD0050,2024-10-02 12:35:00,Active,1
CART002946,CUST00002,PROD0004,2024-08-01 17:22:00,Abandoned,1
CART002947,CUST00249,PROD0128,2024-10-20 16:05:00,Abandoned,1
CART002948,CUST00406,PROD0042,2025-03-15 19:02:00,Abandoned,3
CART002949,CUST00110,PROD0027,2025-08-19 08:37:00,Purchased,1
CART002950,CUST00129,PROD0111,2024-09-23 16:06:00,Purchased,3
CART002951,CUST00018,PROD0095,2025-01-07 21:42:00,Abandoned,1
CART002952,CUST00247,PROD0195,2025-07-01 17:53:00,Abandoned,1
CART002953,CUST00264,PROD0001,2024-11-15 16:48:00,Active,1
CART002954,CUST00351,PROD0051,2025-04-26 13:44:00,Abandoned,1
CART002955,CUST00463,PROD0093,2025-06-14 07:59:00,Active,1
CART002956,CUST00494,PROD0134,2025-04-13 19:08:00,Abandoned,1
CART002957,CUST00243,PROD0065,2024-06-09 11:34:00,Purchased,2
CART002958,CUST00113,PROD0078,2024-10-12 19:29:00,Purchased,1
CART002959,CUST00027,PROD0066,2024-07-06 13:28:00,Abandoned,1
CART002960,CUST00008,PROD0176,2025-08-11 18:06:00,Purchased,1
CART002961,CUST00125,PROD0031,2025-07-13 08:42:00,Abandoned,1
CART002962,CUST00293,PROD0168,2025-07-15 21:23:00,Abandoned,2
CART002963,CUST00382,PROD0166,2025-06-30 11:48:00,Abandoned,1
CART002964,CUST00492,PROD0131,2024-11-04 14:56:00,Purchased,1
CART002965,CUST00340,PROD0068,2025-06-09 11:48:00,Abandoned,1
CART002966,CUST00455,PROD0066,2024-08-07 06:32:00,Abandoned,2
CART002967,CUST00113,PROD0166,2024-10-15 22:07:00,Abandoned,3
CART002968,CUST00105,PROD0024,2025-07-26 20:25:00,Purchased,1
CART002969,CUST00476,PROD0165,2024-07-06 06:37:00,Abandoned,1
CART002970,CUST00029,PROD0066,2024-10-30 07:27:00,Abandoned,1
CART002971,CUST00493,PROD0046,2024-10-24 13:05:00,Abandoned,1
CART002972,CUST00080,PROD0132,2024-11-14 19:15:00,Purchased,3
CART002973,CUST00304,PROD0068,2025-04-09 13:59:00,Abandoned,2
CART002974,CUST00395,PROD0063,2024-11-17 16:04:00,Abandoned,1
CART002975,CUST00175,PROD0066,2025-04-29 21:03:00,Abandoned,1
CART002976,CUST00136,PROD0034,2024-07-26 16:02:00,Active,1
CART002977,CUST00375,PROD0190,2024-12-24 16:46:00,Abandoned,1
CART002978,CUST00410,PROD0024,2024-07-11 23:09:00,Purchased,1
CART002979,CUST00209,PROD0150,2025-07-21 19:28:00,Purchased,1
CART002980,CUST00238,PROD0050,2024-11-27 09:11:00,Active,3
CART002981,CUST00179,PROD0050,2024-10-27 12:17:00,Purchased,1
CART002982,CUST00289,PROD0087,2025-05-02 22:58:00,Abandoned,1
CART002983,CUST00328,PROD0166,2025-06-26 22:02:00,Abandoned,1
CART002984,CUST00301,PROD0132,2024-08-03 22:22:00,Purchased,2
CART002985,CUST00085,PROD0150,2024-08-12 15:41:00,Purchased,2
CART002986,CUST00062,PROD0070,2024-08-02 07:09:00,Abandoned,1
CART002987,CUST00494,PROD0031,2024-11-15 13:25:00,Abandoned,1
CART002988,CUST00042,PROD0031,2024-08-02 17:02:00,Active,1
CART002989,CUST00455,PROD0165,2025-08-21 10:35:00,Purchased,1
CART002990,CUST00487,PROD0066,2024-11-19 13:06:00,Abandoned,1
CART002991,CUST00018,PROD0165,2024-06-11 14:08:00,Abandoned,2
CART002992,CUST00189,PROD0002,2024-10-13 17:49:00,Abandoned,1
CART002993,CUST00487,PROD0125,2025-01-05 20:24:00,Abandoned,1
CART002994,CUST00177,PROD0013,2025-05-04 11:38:00,Abandoned,1
CART002995,CUST00287,PROD0130,2024-11-03 08:07:00,Active,1
CART002996,CUST00376,PROD0047,2025-01-28 16:18:00,Abandoned,2
CART002997,CUST00161,PROD0042,2024-10-12 06:47:00,Abandoned,3
CART002998,CUST00161,PROD0031,2024-07-06 14:12:00,Purchased,1
CART002999,CUST00052,PROD0112,2024-10-29 22:54:00,Active,2
CART003000,CUST00443,PROD0102,2025-07-06 12:41:00,Abandoned,1
CART003001,CUST00312,PROD0042,2024-06-23 13:27:00,Abandoned,1
CART003002,CUST00120,PROD0135,2024-08-20 17:14:00,Purchased,1
CART003003,CUST00464,PROD0128,2024-12-04 07:43:00,Abandoned,1
CART003004,CUST00427,PROD0031,2025-02-02 11:42:00,Abandoned,1
CART003005,CUST00184,PROD0172,2024-06-22 21:30:00,Purchased,2
CART003006,CUST00267,PROD0119,2025-08-24 09:20:00,Purchased,1
CART003007,CUST00394,PROD0040,2025-06-01 19:09:00,Active,2
CART003008,CUST00491,PROD0174,2024-09-13 09:43:00,Abandoned,1
CART003009,CUST00456,PROD0121,2024-11-30 10:24:00,Abandoned,1
CART003010,CUST00159,PROD0127,2025-05-13 08:58:00,Abandoned,1
CART003011,CUST00022,PROD0121,2025-07-20 12:54:00,Purchased,1
CART003012,CUST00464,PROD0067,2025-07-05 22:07:00,Abandoned,2
CART003013,CUST00487,PROD0145,2024-10-22 10:43:00,Abandoned,2
CART003014,CUST00329,PROD0042,2024-06-20 08:47:00,Purchased,1
CART003015,CUST00388,PROD0119,2024-12-29 22:31:00,Purchased,1
CART003016,CUST00202,PROD0040,2024-11-28 10:10:00,Purchased,3
CART003017,CUST00443,PROD0066,2025-01-25 23:15:00,Abandoned,1
CART003018,CUST00054,PROD0197,2024-11-20 08:50:00,Abandoned,1
CART003019,CUST00319,PROD0047,2024-09-18 20:13:00,Active,1
CART003020,CUST00174,PROD0048,2025-07-22 20:27:00,Active,2
CART003021,CUST00450,PROD0166,2025-03-30 21:07:00,Active,1
CART003022,CUST00295,PROD0047,2024-07-28 06:22:00,Purchased,1
CART003023,CUST00301,PROD0040,2024-10-31 22:43:00,Abandoned,1
CART003024,CUST00353,PROD0195,2025-04-21 21:00:00,Abandoned,2
CART003025,CUST00227,PROD0029,2025-04-13 15:22:00,Abandoned,1
CART003026,CUST00175,PROD0131,2025-07-13 08:23:00,Purchased,1
CART003027,CUST00487,PROD0113,2024-07-23 07:16:00,Abandoned,1
CART003028,CUST00431,PROD0116,2025-04-26 16:03:00,Purchased,1
CART003029,CUST00260,PROD0064,2024-09-06 11:00:00,Purchased,1
CART003030,CUST00206,PROD0155,2025-06-10 18:47:00,Abandoned,1
CART003031,CUST00267,PROD0084,2025-01-16 13:35:00,Abandoned,1
CART003032,CUST00131,PROD0173,2025-07-26 23:39:00,Purchased,1
CART003033,CUST00347,PROD0011,2024-06-21 12:47:00,Abandoned,3
CART003034,CUST00344,PROD0066,2025-03-10 17:56:00,Purchased,2
CART003035,CUST00439,PROD0006,2025-06-05 11:38:00,Abandoned,2
CART003036,CUST00288,PROD0105,2024-07-18 22:25:00,Abandoned,1
CART003037,CUST00232,PROD0166,2025-05-29 18:03:00,Abandoned,1
CART003038,CUST00387,PROD0135,2025-01-20 07:17:00,Purchased,1
CART003039,CUST00156,PROD0043,2024-06-03 12:17:00,Abandoned,1
CART003040,CUST00374,PROD0011,2024-11-13 20:43:00,Abandoned,3
CART003041,CUST00393,PROD0135,2024-10-09 15:40:00,Purchased,1
CART003042,CUST00239,PROD0120,2024-11-23 23:45:00,Active,1
CART003043,CUST00495,PROD0066,2024-09-15 10:15:00,Abandoned,1
CART003044,CUST00249,PROD0026,2025-05-31 23:32:00,Purchased,1
CART003045,CUST00190,PROD0124,2025-05-11 07:04:00,Abandoned,3
CART003046,CUST00081,PROD0066,2024-08-17 23:42:00,Purchased,2
CART003047,CUST00261,PROD0166,2025-08-23 20:11:00,Purchased,1
CART003048,CUST00051,PROD0068,2024-06-16 07:55:00,Active,2
CART003049,CUST00008,PROD0119,2024-07-16 16:06:00,Abandoned,1
CART003050,CUST00121,PROD0118,2024-07-03 13:17:00,Abandoned,1
CART003051,CUST00331,PROD0190,2025-07-10 07:06:00,Abandoned,1
CART003052,CUST00392,PROD0068,2025-01-22 15:10:00,Purchased,1
CART003053,CUST00150,PROD0133,2024-10-15 06:06:00,Abandoned,1
CART003054,CUST00167,PROD0166,2024-08-18 23:42:00,Abandoned,1
CART003055,CUST00447,PROD0004,2025-07-31 11:23:00,Abandoned,2
CART003056,CUST00195,PROD0121,2025-08-26 11:02:00,Active,1
CART003057,CUST00044,PROD0166,2024-07-28 23:47:00,Purchased,1
CART003058,CUST00439,PROD0063,2025-04-24 08:56:00,Active,1
CART003059,CUST00374,PROD0053,2024-11-18 18:33:00,Purchased,1
CART003060,CUST00120,PROD0066,2024-10-23 19:14:00,Abandoned,3
CART003061,CUST00253,PROD0095,2024-12-18 06:15:00,Abandoned,3
CART003062,CUST00321,PROD0131,2024-10-20 08:41:00,Active,1
CART003063,CUST00086,PROD0128,2024-10-28 21:15:00,Active,2
CART003064,CUST00102,PROD0079,2024-12-03 18:38:00,Purchased,1
CART003065,CUST00029,PROD0066,2025-01-06 20:47:00,Abandoned,1
CART003066,CUST00198,PROD0112,2025-01-05 15:41:00,Abandoned,1
CART003067,CUST00038,PROD0079,2024-09-07 19:30:00,Purchased,1
CART003068,CUST00372,PROD0119,2024-09-18 07:02:00,Purchased,1
CART003069,CUST00017,PROD0084,2024-11-22 17:08:00,Purchased,1
CART003070,CUST00376,PROD0075,2025-03-09 14:44:00,Active,1
CART003071,CUST00292,PROD0172,2024-06-07 09:49:00,Purchased,1
CART003072,CUST00354,PROD0067,2025-08-23 21:58:00,Purchased,1
CART003073,CUST00086,PROD0119,2024-10-11 20:07:00,Abandoned,1
CART003074,CUST00459,PROD0010,2024-12-31 13:17:00,Abandoned,1
CART003075,CUST00154,PROD0061,2024-07-28 17:55:00,Purchased,1
CART003076,CUST00495,PROD0125,2025-05-13 23:53:00,Abandoned,1
CART003077,CUST00007,PROD0119,2025-04-11 16:06:00,Purchased,1
CART003078,CUST00175,PROD0074,2024-08-07 12:29:00,Purchased,2
CART003079,CUST00103,PROD0066,2025-03-10 22:23:00,Purchased,1
CART003080,CUST00378,PROD0169,2024-06-23 09:56:00,Active,1
CART003081,CUST00189,PROD0024,2025-03-17 08:39:00,Abandoned,1
CART003082,CUST00313,PROD0155,2024-10-13 15:23:00,Abandoned,1
CART003083,CUST00367,PROD0046,2025-08-06 17:26:00,Abandoned,1
CART003084,CUST00351,PROD0135,2024-12-19 21:09:00,Abandoned,1
CART003085,CUST00129,PROD0054,2024-12-26 18:22:00,Abandoned,1
CART003086,CUST00260,PROD0065,2024-06-01 18:52:00,Purchased,1
CART003087,CUST00293,PROD0136,2024-06-13 11:29:00,Abandoned,1
CART003088,CUST00494,PROD0063,2025-05-13 21:05:00,Abandoned,1
CART003089,CUST00051,PROD0121,2025-08-11 20:28:00,Active,2
CART003090,CUST00341,PROD0112,2024-10-22 09:44:00,Active,1
CART003091,CUST00154,PROD0173,2024-09-12 22:32:00,Abandoned,1
CART003092,CUST00201,PROD0081,2024-06-02 10:54:00,Abandoned,1
CART003093,CUST00239,PROD0135,2025-01-16 13:37:00,Abandoned,1
CART003094,CUST00328,PROD0128,2024-10-02 18:06:00,Purchased,1
CART003095,CUST00396,PROD0116,2024-08-22 18:48:00,Abandoned,1
CART003096,CUST00378,PROD0121,2025-07-30 20:34:00,Purchased,1
CART003097,CUST00021,PROD0131,2024-10-04 06:23:00,Abandoned,1
CART003098,CUST00095,PROD0066,2025-06-10 21:13:00,Abandoned,1
CART003099,CUST00048,PROD0119,2025-02-16 09:12:00,Abandoned,2
CART003100,CUST00430,PROD0024,2025-06-26 22:30:00,Active,1
CART003101,CUST00067,PROD0031,2024-08-25 15:52:00,Purchased,2
CART003102,CUST00339,PROD0128,2025-07-20 11:46:00,Purchased,1
CART003103,CUST00002,PROD0121,2025-06-27 12:43:00,Abandoned,3
CART003104,CUST00165,PROD0162,2025-06-19 15:42:00,Abandoned,1
CART003105,CUST00305,PROD0047,2024-11-25 08:19:00,Abandoned,2
CART003106,CUST00390,PROD0119,2025-06-01 18:56:00,Abandoned,1
CART003107,CUST00094,PROD0050,2025-05-13 11:31:00,Abandoned,2
CART003108,CUST00271,PROD0183,2025-04-14 12:46:00,Purchased,1
CART003109,CUST00293,PROD0166,2024-07-09 06:18:00,Active,1
CART003110,CUST00128,PROD0168,2025-07-30 09:04:00,Abandoned,1
CART003111,CUST00462,PROD0118,2024-12-04 19:49:00,Purchased,2
CART003112,CUST00260,PROD0095,2024-06-07 15:11:00,Abandoned,1
CART003113,CUST00303,PROD0024,2025-04-19 09:23:00,Purchased,1
CART003114,CUST00216,PROD0131,2025-08-27 15:32:00,Purchased,1
CART003115,CUST00267,PROD0166,2024-06-08 09:38:00,Abandoned,1
CART003116,CUST00247,PROD0118,2024-07-08 23:47:00,Abandoned,1
CART003117,CUST00247,PROD0084,2025-03-28 12:56:00,Abandoned,2
CART003118,CUST00217,PROD0084,2025-03-31 14:30:00,Purchased,1
CART003119,CUST00439,PROD0107,2025-01-18 14:24:00,Abandoned,1
CART003120,CUST00416,PROD0084,2025-04-08 18:34:00,Abandoned,1
CART003121,CUST00001,PROD0078,2024-08-04 18:37:00,Abandoned,1
CART003122,CUST00146,PROD0048,2024-07-24 21:59:00,Purchased,2
CART003123,CUST00370,PROD0063,2024-12-15 12:24:00,Abandoned,1
CART003124,CUST00161,PROD0064,2024-08-27 23:49:00,Purchased,2
CART003125,CUST00413,PROD0084,2025-04-10 06:01:00,Abandoned,1
CART003126,CUST00036,PROD0163,2024-09-16 23:14:00,Abandoned,2
CART003127,CUST00249,PROD0128,2024-12-03 13:25:00,Active,2
CART003128,CUST00015,PROD0017,2025-07-09 13:44:00,Purchased,2
CART003129,CUST00409,PROD0095,2024-11-29 17:36:00,Purchased,1
CART003130,CUST00116,PROD0133,2025-06-10 10:49:00,Active,2
CART003131,CUST00246,PROD0084,2025-06-11 09:42:00,Abandoned,2
CART003132,CUST00437,PROD0122,2025-07-03 11:30:00,Purchased,1
CART003133,CUST00333,PROD0028,2025-04-26 18:21:00,Abandoned,1
CART003134,CUST00008,PROD0119,2024-08-03 13:17:00,Purchased,1
CART003135,CUST00066,PROD0111,2024-07-20 07:58:00,Abandoned,1
CART003136,CUST00121,PROD0001,2024-10-10 07:24:00,Active,1
CART003137,CUST00291,PROD0190,2024-07-22 10:37:00,Purchased,2
CART003138,CUST00177,PROD0075,2024-10-30 08:34:00,Abandoned,1
CART003139,CUST00228,PROD0143,2025-06-30 11:08:00,Abandoned,3
CART003140,CUST00387,PROD0120,2024-12-16 11:17:00,Abandoned,2
CART003141,CUST00363,PROD0041,2025-03-17 09:33:00,Purchased,1
CART003142,CUST00288,PROD0168,2025-02-27 06:05:00,Abandoned,3
CART003143,CUST00435,PROD0031,2024-06-05 09:28:00,Active,1
CART003144,CUST00434,PROD0052,2025-03-23 18:41:00,Purchased,1
CART003145,CUST00368,PROD0044,2024-09-28 21:21:00,Active,1
CART003146,CUST00261,PROD0065,2025-06-02 20:33:00,Abandoned,1
CART003147,CUST00324,PROD0179,2025-01-31 22:41:00,Abandoned,1
CART003148,CUST00410,PROD0004,2024-10-04 21:57:00,Abandoned,1
CART003149,CUST00095,PROD0119,2025-01-11 20:39:00,Abandoned,1
CART003150,CUST00136,PROD0087,2024-10-14 07:20:00,Purchased,1
CART003151,CUST00159,PROD0119,2025-02-25 10:06:00,Abandoned,1
CART003152,CUST00477,PROD0063,2025-04-04 09:07:00,Abandoned,1
CART003153,CUST00328,PROD0095,2025-01-16 23:54:00,Abandoned,1
CART003154,CUST00202,PROD0135,2025-05-07 16:26:00,Abandoned,1
CART003155,CUST00159,PROD0002,2024-07-09 22:47:00,Purchased,1
CART003156,CUST00136,PROD0135,2024-12-22 23:39:00,Abandoned,2
CART003157,CUST00370,PROD0119,2024-12-17 09:57:00,Purchased,3
CART003158,CUST00276,PROD0109,2025-06-27 19:04:00,Abandoned,1
CART003159,CUST00323,PROD0031,2025-06-06 12:40:00,Active,2
CART003160,CUST00242,PROD0125,2025-05-11 16:26:00,Abandoned,1
CART003161,CUST00452,PROD0087,2025-07-07 09:26:00,Purchased,1
CART003162,CUST00199,PROD0002,2024-10-15 09:10:00,Abandoned,2
CART003163,CUST00199,PROD0084,2024-12-12 20:23:00,Abandoned,1
CART003164,CUST00233,PROD0068,2025-07-15 20:52:00,Purchased,1
CART003165,CUST00414,PROD0128,2024-09-12 19:06:00,Abandoned,2
CART003166,CUST00036,PROD0095,2024-09-28 15:38:00,Abandoned,1
CART003167,CUST00138,PROD0132,2025-07-26 12:31:00,Abandoned,2
CART003168,CUST00161,PROD0119,2025-07-06 22:04:00,Purchased,1
CART003169,CUST00051,PROD0031,2024-12-14 12:33:00,Active,2
CART003170,CUST00323,PROD0095,2025-04-14 07:25:00,Abandoned,1
CART003171,CUST00303,PROD0048,2024-10-20 11:44:00,Purchased,1
CART003172,CUST00397,PROD0138,2024-10-03 09:48:00,Purchased,1
CART003173,CUST00379,PROD0081,2024-09-17 06:31:00,Purchased,1
CART003174,CUST00007,PROD0085,2024-10-27 19:31:00,Abandoned,1
CART003175,CUST00494,PROD0048,2024-10-01 12:50:00,Active,1
CART003176,CUST00218,PROD0130,2024-10-31 11:07:00,Abandoned,1
CART003177,CUST00356,PROD0146,2024-10-02 13:51:00,Active,1
CART003178,CUST00249,PROD0050,2024-11-06 12:26:00,Purchased,2
CART003179,CUST00105,PROD0152,2025-03-12 13:04:00,Abandoned,1
CART003180,CUST00249,PROD0119,2024-09-05 22:21:00,Abandoned,1
CART003181,CUST00251,PROD0128,2024-12-01 07:48:00,Purchased,1
CART003182,CUST00462,PROD0129,2025-02-08 15:44:00,Abandoned,1
CART003183,CUST00182,PROD0193,2024-07-28 07:15:00,Abandoned,2
CART003184,CUST00196,PROD0166,2025-04-07 11:38:00,Abandoned,1
CART003185,CUST00471,PROD0172,2024-06-23 15:23:00,Abandoned,1
CART003186,CUST00331,PROD0173,2024-11-21 16:32:00,Purchased,1
CART003187,CUST00315,PROD0047,2025-01-09 16:44:00,Abandoned,1
CART003188,CUST00267,PROD0173,2024-12-10 13:43:00,Abandoned,1
CART003189,CUST00279,PROD0066,2025-05-14 23:48:00,Purchased,1
CART003190,CUST00365,PROD0172,2024-11-02 10:30:00,Abandoned,3
CART003191,CUST00065,PROD0121,2024-06-15 12:38:00,Abandoned,1
CART003192,CUST00306,PROD0020,2024-07-14 10:09:00,Abandoned,1
CART003193,CUST00278,PROD0004,2024-12-09 16:06:00,Abandoned,1
CART003194,CUST00186,PROD0024,2025-02-02 14:04:00,Abandoned,1
CART003195,CUST00243,PROD0128,2024-09-09 11:20:00,Abandoned,1
CART003196,CUST00073,PROD0076,2024-06-30 08:40:00,Active,2
CART003197,CUST00255,PROD0190,2025-07-29 14:53:00,Abandoned,3
CART003198,CUST00044,PROD0119,2024-11-15 19:57:00,Purchased,1
CART003199,CUST00140,PROD0020,2025-04-01 09:52:00,Active,3
CART003200,CUST00252,PROD0066,2025-07-27 11:45:00,Purchased,1
CART003201,CUST00456,PROD0166,2024-12-30 18:51:00,Purchased,1
CART003202,CUST00346,PROD0121,2024-08-12 09:44:00,Abandoned,1
CART003203,CUST00002,PROD0131,2025-01-10 18:14:00,Abandoned,1
CART003204,CUST00396,PROD0079,2024-12-10 14:22:00,Abandoned,1
CART003205,CUST00184,PROD0046,2024-10-10 09:52:00,Purchased,1
CART003206,CUST00018,PROD0095,2024-12-27 23:16:00,Abandoned,1
CART003207,CUST00217,PROD0166,2024-06-17 13:06:00,Abandoned,1
CART003208,CUST00435,PROD0017,2024-12-15 18:13:00,Active,1
CART003209,CUST00092,PROD0063,2025-05-18 07:38:00,Abandoned,1
CART003210,CUST00143,PROD0135,2025-04-25 06:57:00,Active,1
CART003211,CUST00231,PROD0127,2024-10-28 21:38:00,Abandoned,1
CART003212,CUST00120,PROD0065,2024-10-19 22:42:00,Active,3
CART003213,CUST00413,PROD0119,2025-01-13 16:49:00,Abandoned,1
CART003214,CUST00320,PROD0066,2025-02-03 07:41:00,Abandoned,2
CART003215,CUST00018,PROD0119,2025-01-14 19:44:00,Abandoned,1
CART003216,CUST00317,PROD0118,2025-05-07 15:23:00,Abandoned,1
CART003217,CUST00207,PROD0200,2025-03-21 23:29:00,Purchased,1
CART003218,CUST00144,PROD0029,2025-08-01 14:58:00,Active,1
CART003219,CUST00497,PROD0031,2024-08-18 07:35:00,Active,1
CART003220,CUST00244,PROD0145,2025-08-14 11:44:00,Purchased,1
CART003221,CUST00010,PROD0119,2025-04-03 20:30:00,Abandoned,1
CART003222,CUST00086,PROD0066,2025-03-01 12:21:00,Abandoned,1
CART003223,CUST00367,PROD0050,2025-06-15 08:26:00,Abandoned,1
CART003224,CUST00148,PROD0119,2025-04-19 22:04:00,Purchased,1
CART003225,CUST00478,PROD0131,2024-09-15 12:13:00,Abandoned,2
CART003226,CUST00344,PROD0135,2025-07-17 21:12:00,Abandoned,2
CART003227,CUST00159,PROD0145,2025-03-25 20:01:00,Abandoned,1
CART003228,CUST00160,PROD0173,2024-12-23 10:07:00,Abandoned,1
CART003229,CUST00191,PROD0140,2024-10-27 13:45:00,Abandoned,2
CART003230,CUST00046,PROD0131,2024-12-06 06:45:00,Purchased,1
CART003231,CUST00251,PROD0031,2024-12-06 15:08:00,Abandoned,3
CART003232,CUST00370,PROD0066,2025-07-30 11:41:00,Purchased,2
CART003233,CUST00166,PROD0119,2024-11-20 14:06:00,Active,1
CART003234,CUST00396,PROD0047,2024-11-29 22:56:00,Active,2
CART003235,CUST00467,PROD0024,2024-11-11 13:51:00,Purchased,1
CART003236,CUST00385,PROD0173,2024-06-01 19:43:00,Abandoned,1
CART003237,CUST00004,PROD0143,2024-08-05 11:46:00,Abandoned,2
CART003238,CUST00069,PROD0135,2024-10-13 19:20:00,Abandoned,1
CART003239,CUST00293,PROD0048,2024-10-16 06:06:00,Abandoned,1
CART003240,CUST00004,PROD0059,2024-12-24 09:41:00,Abandoned,2
CART003241,CUST00392,PROD0024,2024-10-09 15:17:00,Purchased,2
CART003242,CUST00228,PROD0047,2024-11-10 15:48:00,Abandoned,1
CART003243,CUST00020,PROD0135,2024-10-14 14:09:00,Active,3
CART003244,CUST00447,PROD0132,2024-10-24 06:10:00,Active,1
CART003245,CUST00225,PROD0067,2025-07-11 14:15:00,Active,1
CART003246,CUST00355,PROD0119,2025-05-31 17:00:00,Active,1
CART003247,CUST00304,PROD0183,2024-07-10 15:28:00,Abandoned,1
CART003248,CUST00179,PROD0102,2024-09-05 17:44:00,Purchased,1
CART003249,CUST00012,PROD0135,2024-12-10 09:42:00,Active,2
CART003250,CUST00162,PROD0131,2024-12-12 22:27:00,Abandoned,1
CART003251,CUST00169,PROD0025,2025-07-31 08:21:00,Abandoned,2
CART003252,CUST00142,PROD0183,2024-10-16 14:00:00,Abandoned,1
CART003253,CUST00370,PROD0066,2024-10-23 15:06:00,Abandoned,1
CART003254,CUST00220,PROD0031,2024-06-08 21:22:00,Purchased,2
CART003255,CUST00159,PROD0030,2025-05-03 23:39:00,Active,1
CART003256,CUST00086,PROD0183,2025-07-19 08:57:00,Purchased,1
CART003257,CUST00450,PROD0166,2025-02-16 20:02:00,Abandoned,1
CART003258,CUST00104,PROD0031,2025-01-31 15:53:00,Abandoned,2
CART003259,CUST00340,PROD0047,2024-10-13 10:19:00,Abandoned,1
CART003260,CUST00301,PROD0024,2025-02-04 08:43:00,Abandoned,2
CART003261,CUST00086,PROD0060,2024-10-05 07:32:00,Purchased,3
CART003262,CUST00189,PROD0116,2025-04-12 18:55:00,Purchased,1
CART003263,CUST00045,PROD0121,2025-03-08 08:01:00,Abandoned,1
CART003264,CUST00016,PROD0127,2025-03-30 12:20:00,Abandoned,1
CART003265,CUST00343,PROD0176,2024-08-23 16:39:00,Abandoned,1
CART003266,CUST00345,PROD0052,2025-04-28 11:47:00,Abandoned,2
CART003267,CUST00401,PROD0063,2025-05-30 11:02:00,Abandoned,1
CART003268,CUST00128,PROD0046,2025-07-14 11:15:00,Abandoned,1
CART003269,CUST00435,PROD0040,2025-05-07 18:45:00,Abandoned,1
CART003270,CUST00008,PROD0200,2024-07-02 19:37:00,Abandoned,1
CART003271,CUST00443,PROD0160,2024-12-03 19:38:00,Purchased,1
CART003272,CUST00304,PROD0031,2024-10-12 11:36:00,Abandoned,1
CART003273,CUST00172,PROD0064,2024-10-03 13:14:00,Abandoned,1
CART003274,CUST00173,PROD0111,2024-08-20 18:05:00,Abandoned,2
CART003275,CUST00431,PROD0061,2024-07-24 14:05:00,Purchased,2
CART003276,CUST00462,PROD0012,2024-06-07 23:50:00,Active,1
CART003277,CUST00338,PROD0183,2025-04-27 12:38:00,Active,1
CART003278,CUST00346,PROD0052,2025-03-21 06:53:00,Abandoned,1
CART003279,CUST00105,PROD0055,2025-03-08 13:50:00,Abandoned,2
CART003280,CUST00279,PROD0024,2024-06-17 10:17:00,Abandoned,1
CART003281,CUST00134,PROD0079,2024-07-03 10:18:00,Purchased,2
CART003282,CUST00351,PROD0066,2025-01-13 18:27:00,Active,1
CART003283,CUST00191,PROD0166,2025-03-04 11:32:00,Active,1
CART003284,CUST00424,PROD0128,2024-11-27 12:17:00,Abandoned,1
CART003285,CUST00081,PROD0118,2025-02-06 12:12:00,Abandoned,3
CART003286,CUST00027,PROD0068,2025-07-26 22:34:00,Abandoned,1
CART003287,CUST00400,PROD0001,2024-06-12 13:15:00,Abandoned,1
CART003288,CUST00379,PROD0031,2024-11-08 12:30:00,Abandoned,1
CART003289,CUST00106,PROD0112,2024-10-21 09:47:00,Abandoned,1
CART003290,CUST00179,PROD0131,2024-07-22 18:27:00,Abandoned,1
CART003291,CUST00129,PROD0070,2025-06-07 14:46:00,Purchased,3
CART003292,CUST00114,PROD0121,2025-03-14 22:27:00,Active,2
CART003293,CUST00450,PROD0099,2025-08-21 17:51:00,Abandoned,3
CART003294,CUST00243,PROD0116,2025-03-08 11:18:00,Abandoned,1
CART003295,CUST00326,PROD0112,2024-06-16 23:11:00,Abandoned,2
CART003296,CUST00473,PROD0010,2025-05-21 10:35:00,Abandoned,1
CART003297,CUST00282,PROD0112,2025-01-09 16:01:00,Abandoned,1
CART003298,CUST00428,PROD0128,2024-11-16 14:13:00,Abandoned,1
CART003299,CUST00487,PROD0025,2024-11-09 06:36:00,Abandoned,2
CART003300,CUST00363,PROD0173,2024-06-18 11:48:00,Abandoned,2
CART003301,CUST00391,PROD0156,2025-01-27 22:51:00,Abandoned,1
CART003302,CUST00255,PROD0081,2024-12-29 17:38:00,Abandoned,2
CART003303,CUST00288,PROD0065,2025-01-28 21:53:00,Abandoned,1
CART003304,CUST00004,PROD0078,2025-05-01 06:15:00,Abandoned,2
CART003305,CUST00262,PROD0166,2024-07-25 19:51:00,Abandoned,3
CART003306,CUST00460,PROD0119,2024-06-26 19:18:00,Abandoned,1
CART003307,CUST00085,PROD0121,2024-08-30 12:20:00,Abandoned,1
CART003308,CUST00100,PROD0047,2024-10-02 09:53:00,Abandoned,1
CART003309,CUST00353,PROD0066,2025-03-27 18:21:00,Purchased,1
CART003310,CUST00027,PROD0066,2025-01-15 14:29:00,Purchased,2
CART003311,CUST00184,PROD0112,2025-04-27 23:33:00,Purchased,2
CART003312,CUST00461,PROD0112,2024-09-01 06:02:00,Active,2
CART003313,CUST00052,PROD0084,2025-02-12 16:17:00,Purchased,1
CART003314,CUST00358,PROD0047,2025-08-21 23:32:00,Abandoned,1
CART003315,CUST00044,PROD0127,2025-07-15 12:59:00,Abandoned,1
CART003316,CUST00287,PROD0116,2024-06-19 15:47:00,Active,1
CART003317,CUST00161,PROD0174,2024-08-28 18:42:00,Abandoned,1
CART003318,CUST00243,PROD0104,2024-11-13 22:27:00,Abandoned,1
CART003319,CUST00062,PROD0161,2024-11-26 20:37:00,Abandoned,1
CART003320,CUST00260,PROD0119,2025-03-31 14:29:00,Purchased,1
CART003321,CUST00129,PROD0118,2024-10-01 19:44:00,Purchased,1
CART003322,CUST00201,PROD0017,2025-04-17 20:44:00,Abandoned,1
CART003323,CUST00458,PROD0064,2025-08-30 06:55:00,Abandoned,1
CART003324,CUST00012,PROD0024,2024-07-06 07:05:00,Abandoned,1
CART003325,CUST00128,PROD0066,2024-07-18 20:58:00,Purchased,1
CART003326,CUST00166,PROD0121,2024-09-02 08:01:00,Active,2
CART003327,CUST00246,PROD0120,2024-06-17 12:51:00,Abandoned,1
CART003328,CUST00167,PROD0173,2025-07-04 14:50:00,Active,1
CART003329,CUST00379,PROD0121,2024-06-08 20:06:00,Abandoned,2
CART003330,CUST00084,PROD0128,2024-06-05 18:30:00,Abandoned,1
CART003331,CUST00246,PROD0066,2025-03-24 19:27:00,Active,1
CART003332,CUST00486,PROD0068,2025-04-10 16:00:00,Abandoned,2
CART003333,CUST00121,PROD0135,2024-11-11 16:04:00,Abandoned,1
CART003334,CUST00002,PROD0134,2024-08-27 22:27:00,Purchased,1
CART003335,CUST00239,PROD0066,2025-03-23 09:24:00,Abandoned,1
CART003336,CUST00055,PROD0079,2024-12-26 15:16:00,Abandoned,2
CART003337,CUST00282,PROD0171,2024-09-15 11:13:00,Abandoned,1
CART003338,CUST00322,PROD0133,2025-08-25 12:23:00,Abandoned,1
CART003339,CUST00168,PROD0166,2024-08-22 19:36:00,Abandoned,1
CART003340,CUST00207,PROD0061,2024-11-12 16:01:00,Abandoned,3
CART003341,CUST00156,PROD0131,2024-10-03 16:48:00,Purchased,1
CART003342,CUST00115,PROD0119,2024-09-21 16:50:00,Abandoned,2
CART003343,CUST00334,PROD0084,2024-06-11 19:54:00,Active,1
CART003344,CUST00253,PROD0166,2025-01-28 13:31:00,Abandoned,1
CART003345,CUST00444,PROD0047,2024-11-02 15:02:00,Purchased,1
CART003346,CUST00136,PROD0200,2024-11-27 14:57:00,Purchased,1
CART003347,CUST00083,PROD0116,2025-01-08 23:27:00,Purchased,3
CART003348,CUST00290,PROD0128,2024-09-13 21:53:00,Active,1
CART003349,CUST00291,PROD0166,2025-01-23 23:37:00,Purchased,1
CART003350,CUST00278,PROD0099,2024-08-01 16:51:00,Abandoned,2
CART003351,CUST00253,PROD0078,2025-01-12 09:19:00,Purchased,1
CART003352,CUST00199,PROD0119,2024-09-21 10:21:00,Purchased,2
CART003353,CUST00247,PROD0166,2025-06-18 13:34:00,Abandoned,1
CART003354,CUST00095,PROD0133,2024-11-18 21:27:00,Active,1
CART003355,CUST00046,PROD0121,2024-11-05 11:48:00,Abandoned,1
CART003356,CUST00494,PROD0087,2025-03-15 15:32:00,Purchased,1
CART003357,CUST00045,PROD0135,2024-10-23 19:48:00,Active,2
CART003358,CUST00293,PROD0066,2024-11-01 13:33:00,Abandoned,2
CART003359,CUST00262,PROD0128,2024-08-11 15:36:00,Abandoned,2
CART003360,CUST00145,PROD0119,2024-07-20 19:55:00,Abandoned,1
CART003361,CUST00320,PROD0064,2025-07-02 07:42:00,Abandoned,1
CART003362,CUST00439,PROD0078,2024-06-15 12:20:00,Abandoned,1
CART003363,CUST00150,PROD0095,2025-03-16 17:14:00,Purchased,2
CART003364,CUST00013,PROD0135,2024-12-14 08:01:00,Active,1
CART003365,CUST00138,PROD0084,2025-04-03 08:54:00,Active,2
CART003366,CUST00175,PROD0128,2024-10-05 10:28:00,Abandoned,2
CART003367,CUST00293,PROD0138,2024-12-06 18:38:00,Abandoned,1
CART003368,CUST00199,PROD0072,2024-10-25 08:51:00,Abandoned,1
CART003369,CUST00373,PROD0027,2025-07-05 12:00:00,Active,1
CART003370,CUST00494,PROD0196,2024-11-12 15:41:00,Abandoned,3
CART003371,CUST00438,PROD0026,2025-07-31 17:09:00,Active,1
CART003372,CUST00086,PROD0119,2024-07-05 21:29:00,Abandoned,1
CART003373,CUST00483,PROD0200,2025-05-26 22:24:00,Active,1
CART003374,CUST00451,PROD0031,2025-07-29 21:03:00,Purchased,1
CART003375,CUST00431,PROD0128,2025-08-08 18:20:00,Abandoned,2
CART003376,CUST00447,PROD0121,2025-06-12 10:03:00,Purchased,2
CART003377,CUST00073,PROD0121,2024-08-04 19:13:00,Abandoned,2
CART003378,CUST00027,PROD0195,2024-11-13 15:43:00,Abandoned,1
CART003379,CUST00470,PROD0019,2024-12-03 12:40:00,Abandoned,2
CART003380,CUST00144,PROD0116,2025-03-28 14:25:00,Abandoned,3
CART003381,CUST00045,PROD0040,2024-12-21 18:47:00,Active,1
CART003382,CUST00189,PROD0066,2025-01-12 13:14:00,Purchased,2
CART003383,CUST00073,PROD0050,2025-03-10 23:04:00,Active,1
CART003384,CUST00331,PROD0066,2024-11-01 10:12:00,Purchased,1
CART003385,CUST00157,PROD0166,2025-07-30 17:28:00,Active,1
CART003386,CUST00279,PROD0024,2025-04-05 19:05:00,Abandoned,1
CART003387,CUST00020,PROD0047,2024-09-06 07:28:00,Purchased,1
CART003388,CUST00323,PROD0173,2025-05-05 09:56:00,Abandoned,1
CART003389,CUST00187,PROD0075,2025-01-29 15:17:00,Abandoned,1
CART003390,CUST00108,PROD0119,2024-11-10 20:29:00,Abandoned,1
CART003391,CUST00012,PROD0064,2024-12-23 11:43:00,Abandoned,1
CART003392,CUST00012,PROD0051,2024-07-12 10:24:00,Abandoned,3
CART003393,CUST00143,PROD0004,2025-03-04 18:28:00,Abandoned,1
CART003394,CUST00273,PROD0037,2025-08-22 16:44:00,Purchased,3
CART003395,CUST00323,PROD0131,2024-11-20 22:39:00,Abandoned,3
CART003396,CUST00197,PROD0059,2024-07-20 21:52:00,Abandoned,1
CART003397,CUST00277,PROD0060,2025-02-28 14:50:00,Abandoned,1
CART003398,CUST00447,PROD0118,2025-02-09 17:39:00,Abandoned,1
CART003399,CUST00446,PROD0024,2024-06-29 15:41:00,Abandoned,2
CART003400,CUST00379,PROD0087,2024-10-31 15:53:00,Abandoned,1
CART003401,CUST00112,PROD0172,2024-10-15 16:08:00,Abandoned,1
CART003402,CUST00388,PROD0006,2024-06-15 17:54:00,Purchased,1
CART003403,CUST00344,PROD0063,2024-06-01 20:47:00,Abandoned,1
CART003404,CUST00038,PROD0050,2024-10-25 14:56:00,Purchased,1
CART003405,CUST00348,PROD0063,2025-03-04 13:30:00,Abandoned,1
CART003406,CUST00450,PROD0028,2024-09-14 20:26:00,Abandoned,2
CART003407,CUST00406,PROD0047,2024-07-17 21:18:00,Purchased,2
CART003408,CUST00084,PROD0166,2025-08-08 14:55:00,Purchased,1
CART003409,CUST00418,PROD0084,2025-05-20 06:55:00,Abandoned,1
CART003410,CUST00029,PROD0132,2024-08-06 19:29:00,Abandoned,3
CART003411,CUST00195,PROD0026,2024-09-22 08:19:00,Abandoned,2
CART003412,CUST00146,PROD0166,2024-08-19 20:22:00,Purchased,1
CART003413,CUST00443,PROD0021,2024-10-18 15:05:00,Purchased,2
CART003414,CUST00288,PROD0132,2025-06-15 16:48:00,Abandoned,1
CART003415,CUST00423,PROD0121,2025-03-19 12:41:00,Active,1
CART003416,CUST00472,PROD0150,2024-10-04 12:03:00,Abandoned,1
CART003417,CUST00172,PROD0125,2025-08-28 07:50:00,Purchased,1
CART003418,CUST00481,PROD0024,2024-11-30 07:36:00,Abandoned,1
CART003419,CUST00128,PROD0119,2025-06-12 07:50:00,Abandoned,1
CART003420,CUST00029,PROD0121,2025-04-28 17:25:00,Abandoned,3
CART003421,CUST00073,PROD0170,2024-12-08 22:09:00,Abandoned,1
CART003422,CUST00487,PROD0058,2025-04-17 15:46:00,Abandoned,2
CART003423,CUST00200,PROD0128,2025-01-17 16:15:00,Abandoned,1
CART003424,CUST00374,PROD0173,2024-12-12 16:41:00,Abandoned,3
CART003425,CUST00199,PROD0105,2025-03-12 19:23:00,Abandoned,1
CART003426,CUST00451,PROD0150,2025-06-29 16:11:00,Purchased,1
CART003427,CUST00445,PROD0128,2024-12-22 10:26:00,Abandoned,3
CART003428,CUST00204,PROD0112,2024-08-17 07:40:00,Active,3
CART003429,CUST00105,PROD0048,2024-07-14 06:55:00,Purchased,1
CART003430,CUST00129,PROD0133,2024-10-18 14:29:00,Purchased,2
CART003431,CUST00095,PROD0052,2025-05-31 08:04:00,Purchased,1
CART003432,CUST00049,PROD0183,2024-08-22 13:52:00,Abandoned,1
CART003433,CUST00161,PROD0029,2024-08-09 17:52:00,Abandoned,2
CART003434,CUST00080,PROD0031,2025-07-02 08:05:00,Abandoned,1
CART003435,CUST00072,PROD0119,2024-06-18 22:36:00,Abandoned,1
CART003436,CUST00285,PROD0183,2024-10-24 18:53:00,Abandoned,2
CART003437,CUST00055,PROD0087,2024-09-19 08:05:00,Abandoned,1
CART003438,CUST00194,PROD0192,2025-07-18 09:43:00,Abandoned,1
CART003439,CUST00084,PROD0118,2025-05-22 22:13:00,Active,1
CART003440,CUST00202,PROD0018,2024-10-01 20:50:00,Abandoned,1
CART003441,CUST00487,PROD0046,2024-08-06 18:27:00,Purchased,3
CART003442,CUST00246,PROD0135,2024-10-24 15:46:00,Abandoned,1
CART003443,CUST00004,PROD0081,2025-01-10 21:28:00,Abandoned,1
CART003444,CUST00189,PROD0144,2024-12-18 08:32:00,Abandoned,1
CART003445,CUST00087,PROD0166,2024-11-03 19:32:00,Abandoned,1
CART003446,CUST00159,PROD0166,2025-07-11 06:17:00,Active,1
CART003447,CUST00370,PROD0031,2024-06-13 20:46:00,Abandoned,2
CART003448,CUST00054,PROD0040,2025-01-31 19:25:00,Active,2
CART003449,CUST00090,PROD0031,2024-07-04 18:35:00,Purchased,1
CART003450,CUST00051,PROD0176,2024-07-12 06:47:00,Abandoned,1
CART003451,CUST00459,PROD0121,2024-06-15 10:23:00,Abandoned,1
CART003452,CUST00451,PROD0066,2024-10-20 16:38:00,Abandoned,1
CART003453,CUST00243,PROD0057,2025-04-11 17:01:00,Abandoned,1
CART003454,CUST00184,PROD0132,2024-07-13 08:17:00,Active,2
CART003455,CUST00291,PROD0121,2024-06-28 11:44:00,Purchased,1
CART003456,CUST00237,PROD0111,2024-10-22 13:00:00,Active,1
CART003457,CUST00197,PROD0078,2024-11-19 11:36:00,Active,1
CART003458,CUST00138,PROD0063,2024-12-16 11:31:00,Abandoned,1
CART003459,CUST00273,PROD0166,2025-05-09 15:54:00,Purchased,1
CART003460,CUST00272,PROD0084,2024-11-02 16:17:00,Abandoned,3
CART003461,CUST00214,PROD0132,2025-08-12 13:39:00,Abandoned,1
CART003462,CUST00021,PROD0066,2024-06-20 19:11:00,Purchased,1
CART003463,CUST00497,PROD0183,2025-03-23 08:16:00,Purchased,2
CART003464,CUST00058,PROD0119,2024-08-08 17:04:00,Purchased,1
CART003465,CUST00154,PROD0119,2024-07-05 08:34:00,Abandoned,1
CART003466,CUST00293,PROD0121,2024-10-27 18:02:00,Abandoned,1
CART003467,CUST00446,PROD0023,2025-04-07 21:19:00,Abandoned,1
CART003468,CUST00310,PROD0127,2025-05-30 13:13:00,Abandoned,1
CART003469,CUST00011,PROD0155,2024-11-25 08:16:00,Abandoned,2
CART003470,CUST00383,PROD0112,2025-08-31 22:21:00,Purchased,1
CART003471,CUST00345,PROD0128,2024-12-25 14:29:00,Abandoned,1
CART003472,CUST00395,PROD0119,2024-11-26 15:52:00,Purchased,1
CART003473,CUST00017,PROD0031,2024-07-25 06:12:00,Abandoned,1
CART003474,CUST00439,PROD0121,2025-08-15 14:18:00,Purchased,1
CART003475,CUST00354,PROD0066,2024-06-10 06:59:00,Active,2
CART003476,CUST00074,PROD0050,2024-10-27 11:58:00,Active,2
CART003477,CUST00301,PROD0063,2024-08-17 13:50:00,Abandoned,1
CART003478,CUST00065,PROD0166,2025-07-20 21:41:00,Purchased,3
CART003479,CUST00414,PROD0166,2025-06-04 17:05:00,Abandoned,3
CART003480,CUST00423,PROD0095,2024-10-23 19:26:00,Abandoned,1
CART003481,CUST00293,PROD0119,2025-04-01 21:30:00,Abandoned,1
CART003482,CUST00036,PROD0064,2025-07-06 09:13:00,Purchased,1
CART003483,CUST00148,PROD0166,2024-10-02 12:58:00,Abandoned,1
CART003484,CUST00129,PROD0166,2025-04-14 08:32:00,Active,1
CART003485,CUST00467,PROD0173,2025-04-04 12:00:00,Purchased,2
CART003486,CUST00353,PROD0121,2024-11-18 17:32:00,Abandoned,1
CART003487,CUST00025,PROD0150,2024-07-23 12:17:00,Abandoned,1
CART003488,CUST00112,PROD0095,2024-10-20 16:34:00,Purchased,2
CART003489,CUST00494,PROD0176,2025-02-09 17:13:00,Abandoned,3
CART003490,CUST00184,PROD0114,2024-10-05 22:49:00,Abandoned,2
CART003491,CUST00085,PROD0119,2025-05-27 17:40:00,Purchased,1
CART003492,CUST00030,PROD0119,2025-05-07 09:31:00,Abandoned,1
CART003493,CUST00363,PROD0166,2025-08-23 16:21:00,Abandoned,1
CART003494,CUST00012,PROD0084,2025-03-04 07:51:00,Abandoned,2
CART003495,CUST00472,PROD0172,2025-03-02 22:19:00,Active,1
CART003496,CUST00002,PROD0068,2025-07-13 08:58:00,Purchased,1
CART003497,CUST00220,PROD0031,2024-10-02 23:24:00,Abandoned,1
CART003498,CUST00450,PROD0029,2024-08-08 17:51:00,Abandoned,1
CART003499,CUST00136,PROD0046,2024-08-23 09:24:00,Abandoned,1
CART003500,CUST00281,PROD0171,2024-12-31 17:48:00,Abandoned,1
CART003501,CUST00085,PROD0132,2025-02-25 11:13:00,Abandoned,1
CART003502,CUST00329,PROD0050,2025-01-25 12:54:00,Purchased,1
CART003503,CUST00343,PROD0172,2025-07-31 13:19:00,Abandoned,2
CART003504,CUST00443,PROD0005,2024-11-02 08:35:00,Active,1
CART003505,CUST00106,PROD0073,2025-06-27 07:46:00,Purchased,1
CART003506,CUST00320,PROD0068,2025-01-29 12:34:00,Purchased,2
CART003507,CUST00138,PROD0173,2024-09-13 14:55:00,Abandoned,2
CART003508,CUST00013,PROD0116,2025-08-23 12:16:00,Purchased,1
CART003509,CUST00267,PROD0128,2024-10-13 11:19:00,Purchased,1
CART003510,CUST00120,PROD0047,2025-07-21 09:44:00,Abandoned,2
CART003511,CUST00144,PROD0166,2024-09-12 17:36:00,Abandoned,1
CART003512,CUST00379,PROD0066,2024-06-28 13:48:00,Purchased,2
CART003513,CUST00495,PROD0119,2024-10-06 09:11:00,Purchased,1
CART003514,CUST00320,PROD0131,2025-07-05 22:20:00,Purchased,2
CART003515,CUST00431,PROD0121,2024-11-26 21:57:00,Purchased,1
CART003516,CUST00329,PROD0050,2024-12-20 15:05:00,Purchased,1
CART003517,CUST00450,PROD0066,2025-05-31 15:46:00,Abandoned,1
CART003518,CUST00376,PROD0051,2025-05-05 08:12:00,Abandoned,1
CART003519,CUST00232,PROD0031,2024-12-30 08:21:00,Abandoned,2
CART003520,CUST00371,PROD0021,2024-12-13 17:23:00,Purchased,2
CART003521,CUST00321,PROD0024,2024-10-23 07:04:00,Abandoned,1
CART003522,CUST00081,PROD0128,2025-02-16 13:02:00,Purchased,1
CART003523,CUST00263,PROD0155,2024-11-06 07:51:00,Abandoned,1
CART003524,CUST00346,PROD0024,2025-06-12 15:00:00,Abandoned,3
CART003525,CUST00487,PROD0087,2025-02-09 20:34:00,Purchased,2
CART003526,CUST00106,PROD0011,2024-11-09 09:57:00,Purchased,2
CART003527,CUST00243,PROD0116,2025-03-23 19:23:00,Abandoned,1
CART003528,CUST00021,PROD0119,2025-02-24 23:19:00,Abandoned,1
CART003529,CUST00356,PROD0113,2025-07-11 16:20:00,Abandoned,1
CART003530,CUST00247,PROD0140,2025-06-12 19:47:00,Active,1
CART003531,CUST00052,PROD0066,2024-06-09 19:15:00,Active,1
CART003532,CUST00277,PROD0151,2025-01-22 15:20:00,Abandoned,1
CART003533,CUST00122,PROD0119,2025-04-02 09:50:00,Abandoned,2
CART003534,CUST00490,PROD0166,2024-12-02 11:38:00,Abandoned,2
CART003535,CUST00113,PROD0024,2024-06-24 09:09:00,Abandoned,1
CART003536,CUST00017,PROD0166,2024-12-12 14:21:00,Purchased,2
CART003537,CUST00473,PROD0199,2025-07-27 07:26:00,Abandoned,2
CART003538,CUST00207,PROD0119,2025-06-05 08:59:00,Abandoned,2
CART003539,CUST00484,PROD0133,2025-01-04 09:01:00,Abandoned,3
CART003540,CUST00485,PROD0104,2025-02-25 09:58:00,Active,2
CART003541,CUST00201,PROD0165,2024-07-19 18:41:00,Abandoned,1
CART003542,CUST00228,PROD0128,2024-07-21 08:01:00,Purchased,1
CART003543,CUST00451,PROD0066,2024-10-24 22:40:00,Purchased,2
CART003544,CUST00191,PROD0165,2024-11-13 11:42:00,Abandoned,2
CART003545,CUST00249,PROD0174,2024-10-24 10:51:00,Active,1
CART003546,CUST00492,PROD0133,2025-05-11 09:25:00,Abandoned,1
CART003547,CUST00252,PROD0066,2024-10-05 10:26:00,Abandoned,1
CART003548,CUST00495,PROD0050,2024-09-30 10:09:00,Active,1
CART003549,CUST00391,PROD0112,2024-11-09 08:40:00,Abandoned,2
CART003550,CUST00138,PROD0076,2024-07-02 17:59:00,Abandoned,1
CART003551,CUST00055,PROD0066,2024-12-28 18:10:00,Abandoned,1
CART003552,CUST00090,PROD0047,2024-10-04 18:53:00,Abandoned,1
CART003553,CUST00094,PROD0192,2025-01-26 18:09:00,Purchased,2
CART003554,CUST00405,PROD0128,2025-03-30 22:12:00,Abandoned,1
CART003555,CUST00320,PROD0173,2024-08-27 14:31:00,Abandoned,1
CART003556,CUST00042,PROD0166,2024-11-26 08:47:00,Purchased,2
CART003557,CUST00189,PROD0092,2024-11-26 06:22:00,Abandoned,1
CART003558,CUST00378,PROD0066,2025-02-14 13:08:00,Abandoned,1
CART003559,CUST00267,PROD0118,2025-07-06 17:31:00,Purchased,2
CART003560,CUST00230,PROD0009,2025-06-17 10:35:00,Abandoned,1
CART003561,CUST00228,PROD0005,2024-10-31 20:03:00,Active,1
CART003562,CUST00170,PROD0173,2025-02-20 12:10:00,Purchased,1
CART003563,CUST00172,PROD0015,2025-04-20 06:02:00,Abandoned,2
CART003564,CUST00251,PROD0084,2025-01-03 20:58:00,Abandoned,2
CART003565,CUST00351,PROD0123,2025-07-12 23:21:00,Abandoned,1
CART003566,CUST00007,PROD0119,2025-02-03 21:47:00,Purchased,1
CART003567,CUST00199,PROD0121,2025-03-30 14:51:00,Purchased,2
CART003568,CUST00420,PROD0031,2025-02-01 23:29:00,Purchased,1
CART003569,CUST00138,PROD0047,2024-09-04 10:39:00,Abandoned,1
CART003570,CUST00396,PROD0035,2024-10-06 08:18:00,Abandoned,1
CART003571,CUST00351,PROD0040,2024-06-11 11:57:00,Active,1
CART003572,CUST00138,PROD0078,2025-04-29 07:21:00,Active,1
CART003573,CUST00017,PROD0063,2025-07-06 22:56:00,Abandoned,1
CART003574,CUST00498,PROD0152,2024-11-28 06:45:00,Purchased,2
CART003575,CUST00247,PROD0119,2025-01-20 22:25:00,Purchased,1
CART003576,CUST00025,PROD0119,2025-04-07 18:02:00,Abandoned,1
CART003577,CUST00494,PROD0035,2025-07-15 23:01:00,Purchased,1
CART003578,CUST00327,PROD0166,2025-06-11 11:16:00,Purchased,1
CART003579,CUST00348,PROD0021,2024-11-30 19:50:00,Abandoned,3
CART003580,CUST00129,PROD0021,2025-01-21 15:56:00,Abandoned,1
CART003581,CUST00173,PROD0119,2025-02-08 14:28:00,Abandoned,1
CART003582,CUST00243,PROD0198,2025-08-06 16:02:00,Active,2
CART003583,CUST00073,PROD0068,2025-07-03 06:16:00,Purchased,1
CART003584,CUST00483,PROD0111,2025-06-24 22:46:00,Abandoned,1
CART003585,CUST00202,PROD0131,2025-06-25 22:21:00,Abandoned,1
CART003586,CUST00081,PROD0166,2025-01-18 18:44:00,Abandoned,1
CART003587,CUST00218,PROD0130,2024-11-27 12:02:00,Purchased,2
CART003588,CUST00197,PROD0119,2024-09-12 18:21:00,Abandoned,1
CART003589,CUST00106,PROD0051,2024-10-11 17:27:00,Purchased,1
CART003590,CUST00074,PROD0084,2024-07-27 13:32:00,Abandoned,1
CART003591,CUST00490,PROD0084,2024-11-14 21:33:00,Abandoned,1
CART003592,CUST00244,PROD0119,2024-11-18 22:28:00,Active,1
CART003593,CUST00346,PROD0180,2025-07-01 18:22:00,Abandoned,1
CART003594,CUST00321,PROD0003,2025-02-15 13:04:00,Purchased,1
CART003595,CUST00233,PROD0119,2025-04-23 18:42:00,Purchased,2
CART003596,CUST00018,PROD0133,2025-06-10 19:41:00,Purchased,1
CART003597,CUST00146,PROD0145,2024-12-14 10:53:00,Abandoned,1
CART003598,CUST00242,PROD0192,2025-07-26 06:56:00,Purchased,1
CART003599,CUST00175,PROD0087,2024-07-15 09:51:00,Active,1
CART003600,CUST00382,PROD0166,2025-07-05 12:35:00,Abandoned,1
CART003601,CUST00388,PROD0112,2024-09-08 06:59:00,Abandoned,1
CART003602,CUST00423,PROD0087,2025-08-26 21:53:00,Abandoned,1
CART003603,CUST00232,PROD0066,2024-06-05 14:42:00,Active,1
CART003604,CUST00278,PROD0113,2025-01-03 20:57:00,Purchased,2
CART003605,CUST00144,PROD0118,2025-03-16 06:13:00,Abandoned,1
CART003606,CUST00462,PROD0133,2024-06-23 06:13:00,Abandoned,2
CART003607,CUST00465,PROD0146,2024-11-20 09:48:00,Active,3
CART003608,CUST00052,PROD0116,2024-08-18 14:54:00,Abandoned,1
CART003609,CUST00464,PROD0146,2025-05-16 16:46:00,Abandoned,1
CART003610,CUST00469,PROD0068,2024-06-18 23:10:00,Active,1
CART003611,CUST00163,PROD0040,2025-07-26 15:19:00,Purchased,1
CART003612,CUST00473,PROD0119,2024-06-28 09:16:00,Abandoned,1
CART003613,CUST00451,PROD0015,2025-02-05 07:23:00,Purchased,1
CART003614,CUST00340,PROD0064,2024-06-16 15:28:00,Purchased,2
CART003615,CUST00141,PROD0118,2025-05-11 23:15:00,Abandoned,2
CART003616,CUST00156,PROD0135,2025-07-22 17:56:00,Purchased,1
CART003617,CUST00347,PROD0166,2025-06-16 19:30:00,Purchased,1
CART003618,CUST00497,PROD0011,2025-08-24 07:52:00,Abandoned,1
CART003619,CUST00206,PROD0166,2024-10-01 16:46:00,Purchased,1
CART003620,CUST00314,PROD0131,2024-06-04 10:42:00,Active,1
CART003621,CUST00232,PROD0064,2025-01-06 18:31:00,Purchased,1
CART003622,CUST00146,PROD0132,2025-06-29 23:16:00,Abandoned,1
CART003623,CUST00029,PROD0128,2025-07-10 22:25:00,Abandoned,1
CART003624,CUST00237,PROD0197,2025-02-17 22:47:00,Active,2
CART003625,CUST00318,PROD0051,2024-10-12 19:53:00,Abandoned,1
CART003626,CUST00214,PROD0079,2024-06-10 18:44:00,Abandoned,2
CART003627,CUST00445,PROD0095,2025-03-28 10:37:00,Purchased,1
CART003628,CUST00242,PROD0088,2025-03-02 17:49:00,Abandoned,1
CART003629,CUST00239,PROD0066,2024-06-21 23:42:00,Purchased,2
CART003630,CUST00007,PROD0064,2024-11-26 11:33:00,Purchased,1
CART003631,CUST00265,PROD0095,2024-10-04 23:57:00,Purchased,1
CART003632,CUST00055,PROD0111,2025-06-17 09:33:00,Purchased,1
CART003633,CUST00332,PROD0145,2024-10-10 10:15:00,Abandoned,1
CART003634,CUST00340,PROD0131,2025-07-06 12:02:00,Abandoned,1
CART003635,CUST00116,PROD0116,2024-06-27 22:32:00,Abandoned,1
CART003636,CUST00444,PROD0116,2024-11-23 19:34:00,Active,1
CART003637,CUST00120,PROD0055,2025-06-10 15:43:00,Abandoned,3
CART003638,CUST00253,PROD0025,2025-04-28 21:58:00,Abandoned,2
CART003639,CUST00466,PROD0121,2024-12-20 21:32:00,Purchased,1
CART003640,CUST00007,PROD0121,2025-04-03 18:17:00,Abandoned,2
CART003641,CUST00271,PROD0130,2025-02-19 23:14:00,Abandoned,1
CART003642,CUST00450,PROD0119,2025-04-13 14:46:00,Abandoned,1
CART003643,CUST00458,PROD0112,2025-03-15 16:53:00,Abandoned,3
CART003644,CUST00456,PROD0121,2024-08-15 21:21:00,Purchased,3
CART003645,CUST00494,PROD0031,2024-11-27 08:14:00,Abandoned,1
CART003646,CUST00040,PROD0047,2025-01-03 12:05:00,Abandoned,3
CART003647,CUST00013,PROD0172,2025-07-10 16:57:00,Abandoned,2
CART003648,CUST00172,PROD0112,2024-11-14 16:38:00,Abandoned,3
CART003649,CUST00247,PROD0025,2024-10-09 11:59:00,Abandoned,1
CART003650,CUST00483,PROD0119,2025-03-25 21:17:00,Abandoned,1
CART003651,CUST00441,PROD0116,2025-07-20 20:17:00,Purchased,1
CART003652,CUST00336,PROD0102,2024-08-01 08:45:00,Abandoned,1
CART003653,CUST00027,PROD0088,2025-02-25 15:33:00,Abandoned,1
CART003654,CUST00232,PROD0095,2025-01-01 11:27:00,Abandoned,1
CART003655,CUST00253,PROD0068,2024-10-12 16:48:00,Purchased,1
CART003656,CUST00062,PROD0170,2025-07-26 09:50:00,Abandoned,1
CART003657,CUST00138,PROD0120,2025-01-29 21:27:00,Abandoned,1
CART003658,CUST00134,PROD0046,2024-09-15 16:14:00,Abandoned,1
CART003659,CUST00446,PROD0074,2024-07-23 19:22:00,Abandoned,1
CART003660,CUST00189,PROD0053,2024-10-22 08:49:00,Abandoned,1
CART003661,CUST00327,PROD0121,2025-07-16 19:19:00,Purchased,1
CART003662,CUST00074,PROD0135,2024-08-24 18:28:00,Abandoned,1
CART003663,CUST00030,PROD0020,2024-11-30 19:15:00,Active,1
CART003664,CUST00139,PROD0066,2025-05-09 06:58:00,Purchased,1
CART003665,CUST00237,PROD0136,2024-09-08 12:22:00,Active,2
CART003666,CUST00412,PROD0196,2024-11-25 22:52:00,Purchased,1
CART003667,CUST00347,PROD0024,2024-06-17 07:53:00,Purchased,1
CART003668,CUST00356,PROD0031,2025-02-17 18:50:00,Purchased,1
CART003669,CUST00321,PROD0095,2024-07-20 07:05:00,Active,1
CART003670,CUST00105,PROD0043,2024-12-02 16:36:00,Abandoned,3
CART003671,CUST00323,PROD0166,2025-08-20 10:11:00,Abandoned,1
CART003672,CUST00113,PROD0173,2025-03-27 10:08:00,Abandoned,3
CART003673,CUST00321,PROD0138,2025-07-06 14:48:00,Abandoned,2
CART003674,CUST00271,PROD0102,2025-06-08 12:19:00,Active,2
CART003675,CUST00167,PROD0112,2025-02-16 11:30:00,Abandoned,1
CART003676,CUST00119,PROD0063,2025-07-03 19:35:00,Purchased,1
CART003677,CUST00260,PROD0165,2024-10-05 22:49:00,Abandoned,1
CART003678,CUST00478,PROD0131,2024-08-22 19:41:00,Active,2
CART003679,CUST00388,PROD0166,2024-10-10 07:05:00,Abandoned,1
CART003680,CUST00343,PROD0075,2024-06-30 22:02:00,Abandoned,1
CART003681,CUST00289,PROD0068,2024-06-03 06:50:00,Purchased,2
CART003682,CUST00192,PROD0066,2025-04-05 12:58:00,Abandoned,1
CART003683,CUST00344,PROD0004,2024-06-04 23:00:00,Purchased,1
CART003684,CUST00494,PROD0064,2025-03-17 16:55:00,Purchased,1
CART003685,CUST00142,PROD0024,2025-07-02 20:47:00,Abandoned,1
CART003686,CUST00110,PROD0133,2024-09-04 17:50:00,Abandoned,1
CART003687,CUST00045,PROD0183,2024-10-02 18:25:00,Active,3
CART003688,CUST00083,PROD0006,2025-07-09 21:06:00,Abandoned,1
CART003689,CUST00159,PROD0112,2024-10-05 16:16:00,Abandoned,1
CART003690,CUST00296,PROD0025,2025-07-15 19:56:00,Purchased,1
CART003691,CUST00094,PROD0066,2025-06-26 17:15:00,Abandoned,1
CART003692,CUST00271,PROD0179,2025-02-27 10:57:00,Abandoned,1
CART003693,CUST00119,PROD0128,2024-11-11 07:39:00,Abandoned,2
CART003694,CUST00053,PROD0064,2024-06-29 21:54:00,Abandoned,1
CART003695,CUST00063,PROD0166,2025-07-21 18:40:00,Active,1
CART003696,CUST00045,PROD0066,2025-08-10 10:31:00,Purchased,1
CART003697,CUST00267,PROD0067,2025-08-31 07:40:00,Abandoned,1
CART003698,CUST00019,PROD0131,2024-10-24 12:25:00,Active,1
CART003699,CUST00045,PROD0114,2024-11-06 15:39:00,Abandoned,1
CART003700,CUST00428,PROD0190,2025-04-29 08:06:00,Abandoned,2
CART003701,CUST00249,PROD0029,2025-03-08 10:45:00,Abandoned,1
CART003702,CUST00118,PROD0131,2025-03-02 17:26:00,Abandoned,1
CART003703,CUST00380,PROD0176,2025-01-06 10:51:00,Abandoned,1
CART003704,CUST00129,PROD0190,2024-10-09 17:47:00,Purchased,2
CART003705,CUST00464,PROD0132,2025-06-02 11:05:00,Abandoned,1
CART003706,CUST00458,PROD0134,2024-10-24 16:46:00,Abandoned,1
CART003707,CUST00258,PROD0166,2025-06-24 12:35:00,Abandoned,2
CART003708,CUST00103,PROD0084,2025-02-04 06:43:00,Abandoned,1
CART003709,CUST00149,PROD0128,2025-01-25 20:21:00,Abandoned,1
CART003710,CUST00326,PROD0119,2024-08-16 23:08:00,Purchased,2
CART003711,CUST00113,PROD0135,2024-08-22 11:24:00,Purchased,1
CART003712,CUST00449,PROD0004,2025-08-19 19:16:00,Purchased,1
CART003713,CUST00006,PROD0166,2025-04-02 17:25:00,Abandoned,1
CART003714,CUST00471,PROD0128,2024-07-18 22:17:00,Abandoned,2
CART003715,CUST00228,PROD0064,2025-06-08 18:00:00,Abandoned,2
CART003716,CUST00301,PROD0168,2025-06-24 23:39:00,Active,1
CART003717,CUST00443,PROD0068,2024-11-22 06:53:00,Abandoned,3
CART003718,CUST00374,PROD0066,2025-02-24 16:05:00,Active,1
CART003719,CUST00051,PROD0166,2025-06-07 09:38:00,Abandoned,2
CART003720,CUST00268,PROD0051,2025-07-04 08:29:00,Abandoned,1
CART003721,CUST00010,PROD0192,2025-06-24 17:23:00,Purchased,1
CART003722,CUST00007,PROD0052,2024-11-27 10:36:00,Active,1
CART003723,CUST00351,PROD0144,2025-01-10 14:19:00,Purchased,1
CART003724,CUST00400,PROD0132,2025-08-04 15:38:00,Active,2
CART003725,CUST00080,PROD0178,2024-09-07 11:21:00,Purchased,3
CART003726,CUST00346,PROD0121,2024-10-23 09:27:00,Abandoned,1
CART003727,CUST00052,PROD0166,2024-11-22 23:11:00,Abandoned,1
CART003728,CUST00467,PROD0063,2025-05-05 13:33:00,Active,1
CART003729,CUST00102,PROD0166,2025-03-16 16:42:00,Abandoned,1
CART003730,CUST00259,PROD0166,2024-06-29 21:17:00,Abandoned,1
CART003731,CUST00396,PROD0166,2025-05-12 20:27:00,Abandoned,1
CART003732,CUST00243,PROD0133,2024-08-07 18:49:00,Abandoned,1
CART003733,CUST00354,PROD0166,2024-07-19 07:30:00,Purchased,1
CART003734,CUST00259,PROD0131,2025-04-15 17:20:00,Abandoned,1
CART003735,CUST00007,PROD0128,2025-07-14 14:41:00,Active,2
CART003736,CUST00301,PROD0192,2024-11-22 12:40:00,Abandoned,1
CART003737,CUST00007,PROD0178,2025-01-21 13:49:00,Abandoned,1
CART003738,CUST00018,PROD0068,2024-06-02 23:30:00,Abandoned,1
CART003739,CUST00480,PROD0040,2025-01-06 21:06:00,Abandoned,1
CART003740,CUST00386,PROD0119,2024-09-06 19:51:00,Abandoned,2
CART003741,CUST00387,PROD0180,2024-06-01 11:09:00,Active,1
CART003742,CUST00500,PROD0155,2025-06-11 06:53:00,Abandoned,1
CART003743,CUST00351,PROD0152,2024-07-10 14:49:00,Abandoned,1
CART003744,CUST00403,PROD0017,2024-10-15 07:31:00,Abandoned,1
CART003745,CUST00428,PROD0140,2025-03-01 13:19:00,Purchased,2
CART003746,CUST00213,PROD0166,2024-09-25 17:13:00,Abandoned,2
CART003747,CUST00113,PROD0017,2024-10-12 20:29:00,Purchased,1
CART003748,CUST00422,PROD0112,2024-08-23 07:42:00,Purchased,3
CART003749,CUST00129,PROD0193,2025-07-26 09:07:00,Abandoned,1
CART003750,CUST00040,PROD0130,2025-06-17 14:29:00,Abandoned,1
CART003751,CUST00113,PROD0150,2025-01-06 13:49:00,Abandoned,1
CART003752,CUST00480,PROD0179,2024-11-04 14:15:00,Abandoned,1
CART003753,CUST00305,PROD0066,2024-06-29 08:52:00,Abandoned,2
CART003754,CUST00498,PROD0066,2025-04-24 14:44:00,Abandoned,1
CART003755,CUST00168,PROD0031,2024-06-24 21:08:00,Purchased,1
CART003756,CUST00396,PROD0095,2024-12-28 17:23:00,Abandoned,1
CART003757,CUST00363,PROD0068,2024-06-30 22:21:00,Abandoned,1
CART003758,CUST00053,PROD0087,2024-06-29 14:06:00,Purchased,2
CART003759,CUST00455,PROD0061,2024-12-10 16:17:00,Abandoned,1
CART003760,CUST00494,PROD0024,2025-03-08 21:19:00,Purchased,1
CART003761,CUST00241,PROD0050,2024-08-12 18:34:00,Abandoned,1
CART003762,CUST00029,PROD0064,2025-03-22 17:29:00,Purchased,1
CART003763,CUST00267,PROD0001,2024-07-25 16:09:00,Abandoned,2
CART003764,CUST00129,PROD0172,2025-06-29 10:34:00,Abandoned,1
CART003765,CUST00450,PROD0121,2025-02-14 17:22:00,Abandoned,2
CART003766,CUST00188,PROD0133,2025-03-08 06:53:00,Active,2
CART003767,CUST00323,PROD0025,2024-10-14 17:31:00,Active,3
CART003768,CUST00106,PROD0102,2024-11-01 15:53:00,Abandoned,1
CART003769,CUST00086,PROD0064,2024-11-30 17:59:00,Abandoned,2
CART003770,CUST00246,PROD0121,2024-11-20 09:41:00,Abandoned,2
CART003771,CUST00326,PROD0028,2024-12-07 18:02:00,Purchased,2
CART003772,CUST00360,PROD0171,2024-09-21 22:49:00,Abandoned,3
CART003773,CUST00133,PROD0021,2024-12-15 09:49:00,Purchased,1
CART003774,CUST00335,PROD0170,2025-07-20 19:10:00,Abandoned,1
CART003775,CUST00253,PROD0199,2025-01-20 12:47:00,Active,3
CART003776,CUST00457,PROD0065,2024-06-06 15:28:00,Purchased,1
CART003777,CUST00431,PROD0166,2025-01-30 15:01:00,Abandoned,1
CART003778,CUST00046,PROD0183,2024-11-19 09:16:00,Abandoned,1
CART003779,CUST00452,PROD0166,2025-01-15 20:40:00,Active,1
CART003780,CUST00361,PROD0066,2025-02-11 09:16:00,Active,1
CART003781,CUST00408,PROD0200,2025-08-04 21:42:00,Abandoned,1
CART003782,CUST00251,PROD0055,2024-10-17 21:46:00,Active,1
CART003783,CUST00369,PROD0004,2024-11-11 13:18:00,Purchased,1
CART003784,CUST00103,PROD0024,2025-01-04 23:22:00,Active,1
CART003785,CUST00311,PROD0068,2024-09-27 16:36:00,Abandoned,1
CART003786,CUST00018,PROD0047,2025-06-06 07:33:00,Active,1
CART003787,CUST00018,PROD0031,2024-11-18 12:31:00,Abandoned,1
CART003788,CUST00084,PROD0031,2025-07-27 17:45:00,Active,2
CART003789,CUST00380,PROD0063,2024-10-23 18:02:00,Purchased,1
CART003790,CUST00136,PROD0116,2025-02-26 20:01:00,Purchased,1
CART003791,CUST00190,PROD0066,2025-05-14 18:06:00,Purchased,2
CART003792,CUST00344,PROD0068,2025-05-12 08:29:00,Abandoned,3
CART003793,CUST00340,PROD0081,2025-05-25 06:42:00,Purchased,1
CART003794,CUST00441,PROD0132,2025-05-09 09:28:00,Active,1
CART003795,CUST00040,PROD0111,2024-06-25 07:24:00,Abandoned,1
CART003796,CUST00353,PROD0084,2024-06-01 14:36:00,Purchased,1
CART003797,CUST00027,PROD0140,2025-05-17 21:34:00,Abandoned,2
CART003798,CUST00014,PROD0011,2025-07-12 11:33:00,Abandoned,1
CART003799,CUST00330,PROD0149,2024-11-26 16:43:00,Purchased,1
CART003800,CUST00109,PROD0173,2024-10-17 18:57:00,Active,1
CART003801,CUST00249,PROD0047,2025-03-20 10:07:00,Active,1
CART003802,CUST00062,PROD0024,2024-07-29 17:37:00,Active,1
CART003803,CUST00143,PROD0165,2024-06-25 13:42:00,Abandoned,1
CART003804,CUST00138,PROD0118,2025-05-05 19:28:00,Abandoned,3
CART003805,CUST00189,PROD0031,2024-09-13 13:22:00,Purchased,1
CART003806,CUST00388,PROD0128,2024-09-10 19:31:00,Abandoned,2
CART003807,CUST00430,PROD0166,2024-10-09 17:56:00,Active,1
CART003808,CUST00045,PROD0078,2024-11-21 17:45:00,Abandoned,2
CART003809,CUST00128,PROD0121,2025-05-20 19:02:00,Abandoned,1
CART003810,CUST00128,PROD0128,2025-04-13 07:29:00,Purchased,3
CART003811,CUST00426,PROD0162,2025-03-23 10:34:00,Abandoned,1
CART003812,CUST00398,PROD0174,2024-11-10 12:17:00,Active,1
CART003813,CUST00248,PROD0183,2024-06-22 08:13:00,Purchased,2
CART003814,CUST00401,PROD0144,2025-01-15 17:52:00,Purchased,3
CART003815,CUST00055,PROD0060,2024-10-18 12:39:00,Purchased,1
CART003816,CUST00169,PROD0041,2025-04-12 08:17:00,Purchased,1
CART003817,CUST00347,PROD0065,2024-07-27 07:38:00,Abandoned,1
CART003818,CUST00099,PROD0031,2024-09-17 15:10:00,Abandoned,1
CART003819,CUST00121,PROD0066,2024-06-23 15:39:00,Purchased,2
CART003820,CUST00055,PROD0066,2024-11-07 19:25:00,Active,2
CART003821,CUST00228,PROD0074,2025-03-25 13:20:00,Abandoned,1
CART003822,CUST00030,PROD0066,2025-08-19 19:28:00,Active,1
CART003823,CUST00197,PROD0035,2025-06-14 08:44:00,Abandoned,1
CART003824,CUST00045,PROD0088,2024-11-23 22:01:00,Purchased,3
CART003825,CUST00052,PROD0111,2024-09-06 06:42:00,Purchased,2
CART003826,CUST00177,PROD0121,2024-10-27 20:43:00,Active,1
CART003827,CUST00220,PROD0068,2025-01-03 13:51:00,Abandoned,1
CART003828,CUST00396,PROD0112,2025-07-12 19:53:00,Abandoned,1
CART003829,CUST00049,PROD0072,2024-08-26 23:52:00,Purchased,1
CART003830,CUST00100,PROD0166,2025-01-15 18:52:00,Purchased,1
CART003831,CUST00388,PROD0031,2025-06-22 22:11:00,Abandoned,1
CART003832,CUST00055,PROD0160,2024-11-30 11:42:00,Abandoned,1
CART003833,CUST00448,PROD0166,2025-07-07 13:57:00,Active,1
CART003834,CUST00370,PROD0053,2025-06-11 21:51:00,Abandoned,1
CART003835,CUST00218,PROD0166,2025-05-31 14:45:00,Active,3
CART003836,CUST00164,PROD0037,2025-07-15 08:09:00,Abandoned,1
CART003837,CUST00447,PROD0133,2025-06-30 22:24:00,Abandoned,1
CART003838,CUST00400,PROD0031,2025-08-12 09:05:00,Purchased,1
CART003839,CUST00012,PROD0116,2025-04-04 10:12:00,Purchased,2
CART003840,CUST00150,PROD0135,2025-06-16 08:16:00,Abandoned,1
CART003841,CUST00175,PROD0119,2025-06-24 11:20:00,Purchased,2
CART003842,CUST00014,PROD0031,2024-06-02 18:05:00,Purchased,1
CART003843,CUST00202,PROD0118,2025-03-18 21:50:00,Abandoned,1
CART003844,CUST00101,PROD0077,2024-06-04 23:36:00,Purchased,2
CART003845,CUST00173,PROD0119,2024-10-23 16:51:00,Abandoned,1
CART003846,CUST00256,PROD0050,2025-02-11 15:25:00,Active,1
CART003847,CUST00228,PROD0132,2025-01-08 16:28:00,Abandoned,2
CART003848,CUST00129,PROD0021,2024-06-24 14:24:00,Abandoned,1
CART003849,CUST00189,PROD0116,2025-05-02 12:11:00,Abandoned,2
CART003850,CUST00343,PROD0096,2024-10-06 16:17:00,Abandoned,1
CART003851,CUST00129,PROD0120,2025-06-05 08:07:00,Abandoned,1
CART003852,CUST00018,PROD0176,2024-10-15 09:51:00,Active,2
CART003853,CUST00400,PROD0083,2024-06-25 23:42:00,Active,3
CART003854,CUST00323,PROD0063,2025-01-01 16:05:00,Purchased,1
CART003855,CUST00108,PROD0028,2024-10-07 18:58:00,Abandoned,1
CART003856,CUST00029,PROD0040,2024-08-11 12:32:00,Purchased,1
CART003857,CUST00471,PROD0119,2024-11-19 16:09:00,Purchased,1
CART003858,CUST00004,PROD0168,2025-01-01 12:35:00,Abandoned,1
CART003859,CUST00474,PROD0133,2024-10-27 23:06:00,Active,3
CART003860,CUST00427,PROD0183,2024-07-12 12:28:00,Active,3
CART003861,CUST00259,PROD0128,2024-09-12 19:32:00,Abandoned,1
CART003862,CUST00032,PROD0084,2024-09-18 09:34:00,Active,1
CART003863,CUST00483,PROD0133,2024-12-25 14:55:00,Abandoned,2
CART003864,CUST00293,PROD0047,2025-02-16 08:16:00,Abandoned,1
CART003865,CUST00113,PROD0066,2024-11-08 10:10:00,Purchased,1
CART003866,CUST00052,PROD0134,2024-10-29 08:16:00,Abandoned,1
CART003867,CUST00468,PROD0166,2025-04-20 22:15:00,Purchased,1
CART003868,CUST00356,PROD0121,2025-05-11 13:20:00,Abandoned,2
CART003869,CUST00142,PROD0121,2024-10-09 07:57:00,Purchased,1
CART003870,CUST00247,PROD0087,2025-01-28 09:11:00,Abandoned,2
CART003871,CUST00292,PROD0190,2025-04-20 11:34:00,Purchased,3
CART003872,CUST00367,PROD0112,2024-11-16 18:00:00,Purchased,2
CART003873,CUST00340,PROD0128,2025-04-10 06:32:00,Abandoned,2
CART003874,CUST00109,PROD0119,2025-01-29 18:58:00,Abandoned,1
CART003875,CUST00495,PROD0142,2024-10-22 20:58:00,Abandoned,1
CART003876,CUST00353,PROD0004,2024-11-30 07:46:00,Abandoned,1
CART003877,CUST00428,PROD0145,2024-10-25 06:26:00,Abandoned,2
CART003878,CUST00456,PROD0118,2024-08-11 21:27:00,Purchased,2
CART003879,CUST00145,PROD0115,2024-06-20 23:15:00,Active,1
CART003880,CUST00173,PROD0128,2024-06-18 20:24:00,Purchased,1
CART003881,CUST00380,PROD0004,2025-04-27 17:00:00,Abandoned,1
CART003882,CUST00345,PROD0095,2025-01-09 19:41:00,Abandoned,1
CART003883,CUST00118,PROD0024,2025-06-25 08:40:00,Abandoned,1
CART003884,CUST00494,PROD0166,2025-06-28 11:06:00,Abandoned,1
CART003885,CUST00032,PROD0172,2024-07-21 10:02:00,Abandoned,1
CART003886,CUST00428,PROD0102,2024-08-15 23:33:00,Abandoned,1
CART003887,CUST00495,PROD0200,2025-04-03 18:35:00,Purchased,2
CART003888,CUST00018,PROD0064,2024-11-04 15:06:00,Abandoned,1
CART003889,CUST00172,PROD0028,2024-12-25 18:52:00,Abandoned,1
CART003890,CUST00129,PROD0166,2024-09-13 13:02:00,Purchased,1
CART003891,CUST00120,PROD0165,2025-01-23 11:24:00,Abandoned,1
CART003892,CUST00001,PROD0102,2024-10-07 16:50:00,Abandoned,1
CART003893,CUST00289,PROD0166,2024-08-25 14:39:00,Abandoned,2
CART003894,CUST00019,PROD0066,2024-09-16 20:19:00,Purchased,2
CART003895,CUST00084,PROD0119,2024-08-14 08:25:00,Purchased,1
CART003896,CUST00190,PROD0018,2025-06-08 16:45:00,Active,2
CART003897,CUST00129,PROD0119,2024-11-02 13:38:00,Active,2
CART003898,CUST00343,PROD0028,2025-06-16 06:24:00,Abandoned,1
CART003899,CUST00081,PROD0133,2024-08-26 07:36:00,Active,1
CART003900,CUST00149,PROD0166,2024-08-22 21:41:00,Purchased,1
CART003901,CUST00134,PROD0068,2025-04-05 13:19:00,Purchased,1
CART003902,CUST00374,PROD0121,2024-11-02 16:52:00,Abandoned,1
CART003903,CUST00347,PROD0116,2025-06-27 09:45:00,Abandoned,3
CART003904,CUST00353,PROD0196,2025-01-27 20:43:00,Purchased,1
CART003905,CUST00243,PROD0052,2024-10-26 09:35:00,Purchased,1
CART003906,CUST00136,PROD0066,2024-11-13 17:35:00,Abandoned,1
CART003907,CUST00080,PROD0135,2024-11-11 09:12:00,Abandoned,2
CART003908,CUST00444,PROD0135,2024-11-12 23:09:00,Abandoned,2
CART003909,CUST00069,PROD0125,2024-11-14 18:29:00,Purchased,1
CART003910,CUST00370,PROD0119,2025-02-21 20:17:00,Purchased,1
CART003911,CUST00286,PROD0095,2024-11-20 09:21:00,Abandoned,1
CART003912,CUST00141,PROD0066,2025-03-28 08:38:00,Abandoned,1
CART003913,CUST00014,PROD0021,2025-01-16 18:46:00,Purchased,2
CART003914,CUST00018,PROD0112,2025-06-20 16:10:00,Abandoned,1
CART003915,CUST00129,PROD0173,2024-07-06 06:08:00,Purchased,1
CART003916,CUST00243,PROD0037,2024-06-19 09:27:00,Abandoned,1
CART003917,CUST00361,PROD0047,2025-03-23 06:35:00,Active,1
CART003918,CUST00161,PROD0127,2024-08-31 22:29:00,Abandoned,1
CART003919,CUST00262,PROD0095,2024-11-12 14:32:00,Purchased,2
CART003920,CUST00323,PROD0121,2025-07-07 10:55:00,Abandoned,3
CART003921,CUST00273,PROD0066,2025-05-14 13:12:00,Active,1
CART003922,CUST00245,PROD0114,2025-08-22 17:34:00,Purchased,3
CART003923,CUST00395,PROD0102,2025-01-07 22:52:00,Abandoned,1
CART003924,CUST00410,PROD0135,2025-05-10 12:43:00,Abandoned,1
CART003925,CUST00182,PROD0116,2024-07-24 08:00:00,Abandoned,1
CART003926,CUST00036,PROD0183,2025-04-28 17:28:00,Abandoned,1
CART003927,CUST00100,PROD0066,2024-08-02 16:54:00,Purchased,1
CART003928,CUST00405,PROD0004,2024-07-15 21:19:00,Abandoned,1
CART003929,CUST00351,PROD0167,2025-04-29 14:24:00,Abandoned,1
CART003930,CUST00045,PROD0135,2024-07-16 12:49:00,Active,1
CART003931,CUST00140,PROD0068,2024-10-24 17:07:00,Purchased,2
CART003932,CUST00080,PROD0166,2025-06-22 11:47:00,Purchased,1
CART003933,CUST00045,PROD0119,2025-06-07 15:03:00,Active,1
CART003934,CUST00416,PROD0128,2025-08-24 08:09:00,Abandoned,2
CART003935,CUST00096,PROD0095,2024-07-15 13:12:00,Purchased,1
CART003936,CUST00348,PROD0172,2025-08-16 16:23:00,Abandoned,1
CART003937,CUST00096,PROD0118,2024-09-05 21:36:00,Abandoned,1
CART003938,CUST00416,PROD0155,2025-07-08 06:59:00,Purchased,1
CART003939,CUST00272,PROD0136,2024-09-28 16:51:00,Active,2
CART003940,CUST00008,PROD0150,2025-05-13 20:06:00,Abandoned,1
CART003941,CUST00356,PROD0050,2025-01-19 21:05:00,Abandoned,2
CART003942,CUST00352,PROD0192,2024-08-25 06:12:00,Purchased,1
CART003943,CUST00443,PROD0119,2025-06-30 17:26:00,Abandoned,1
CART003944,CUST00393,PROD0166,2025-06-17 20:58:00,Purchased,2
CART003945,CUST00105,PROD0088,2024-08-20 15:04:00,Purchased,1
CART003946,CUST00231,PROD0183,2025-01-25 14:58:00,Active,2
CART003947,CUST00470,PROD0027,2024-08-13 18:00:00,Abandoned,1
CART003948,CUST00296,PROD0024,2025-05-19 08:25:00,Abandoned,1
CART003949,CUST00073,PROD0073,2025-01-11 23:51:00,Purchased,2
CART003950,CUST00487,PROD0166,2024-07-17 23:37:00,Abandoned,1
CART003951,CUST00207,PROD0031,2025-01-10 12:15:00,Abandoned,1
CART003952,CUST00154,PROD0029,2025-08-19 18:35:00,Abandoned,2
CART003953,CUST00132,PROD0172,2025-07-31 09:48:00,Abandoned,2
CART003954,CUST00323,PROD0068,2024-11-22 20:48:00,Abandoned,1
CART003955,CUST00479,PROD0135,2024-10-14 20:29:00,Active,1
CART003956,CUST00287,PROD0155,2024-07-12 19:54:00,Purchased,2
CART003957,CUST00148,PROD0031,2025-04-16 06:24:00,Abandoned,1
CART003958,CUST00356,PROD0042,2025-08-23 13:19:00,Abandoned,2
CART003959,CUST00135,PROD0133,2024-07-29 20:43:00,Abandoned,1
CART003960,CUST00024,PROD0066,2025-08-19 13:53:00,Purchased,1
CART003961,CUST00289,PROD0024,2025-03-09 21:48:00,Abandoned,1
CART003962,CUST00140,PROD0066,2024-09-08 07:14:00,Purchased,3
CART003963,CUST00452,PROD0166,2024-07-16 11:16:00,Abandoned,1
CART003964,CUST00294,PROD0190,2025-01-30 19:47:00,Active,1
CART003965,CUST00405,PROD0031,2025-07-03 20:21:00,Active,3
CART003966,CUST00490,PROD0035,2025-01-08 21:57:00,Abandoned,1
CART003967,CUST00094,PROD0118,2025-02-23 16:07:00,Active,1
CART003968,CUST00143,PROD0024,2025-08-06 06:19:00,Abandoned,2
CART003969,CUST00374,PROD0006,2025-02-10 14:57:00,Abandoned,1
CART003970,CUST00326,PROD0119,2025-06-20 07:37:00,Abandoned,1
CART003971,CUST00013,PROD0172,2025-07-14 20:46:00,Purchased,1
CART003972,CUST00030,PROD0112,2024-12-28 09:34:00,Purchased,2
CART003973,CUST00353,PROD0024,2025-03-31 17:24:00,Purchased,1
CART003974,CUST00038,PROD0078,2024-07-04 16:54:00,Abandoned,2
CART003975,CUST00218,PROD0119,2025-01-19 11:30:00,Purchased,3
CART003976,CUST00456,PROD0166,2024-11-08 20:38:00,Active,1
CART003977,CUST00286,PROD0088,2024-09-20 17:52:00,Abandoned,1
CART003978,CUST00202,PROD0121,2025-02-11 15:51:00,Abandoned,2
CART003979,CUST00219,PROD0066,2025-01-04 19:53:00,Purchased,3
CART003980,CUST00018,PROD0116,2024-10-24 09:06:00,Purchased,1
CART003981,CUST00202,PROD0121,2024-12-30 21:36:00,Abandoned,1
CART003982,CUST00279,PROD0052,2024-10-28 18:19:00,Abandoned,1
CART003983,CUST00429,PROD0020,2024-10-29 17:18:00,Active,1
CART003984,CUST00300,PROD0144,2025-04-13 17:26:00,Abandoned,2
CART003985,CUST00093,PROD0172,2024-11-17 20:09:00,Abandoned,1
CART003986,CUST00329,PROD0119,2024-07-25 20:09:00,Purchased,3
CART003987,CUST00271,PROD0099,2024-11-12 18:43:00,Abandoned,1
CART003988,CUST00482,PROD0131,2025-01-15 12:18:00,Abandoned,1
CART003989,CUST00418,PROD0121,2024-07-20 16:17:00,Active,1
CART003990,CUST00273,PROD0185,2025-04-17 06:48:00,Purchased,1
CART003991,CUST00055,PROD0108,2025-03-15 06:38:00,Abandoned,1
CART003992,CUST00320,PROD0165,2024-08-10 14:43:00,Abandoned,2
CART003993,CUST00027,PROD0004,2024-06-15 22:54:00,Abandoned,1
CART003994,CUST00492,PROD0136,2024-10-04 19:00:00,Abandoned,1
CART003995,CUST00296,PROD0002,2025-05-23 18:46:00,Abandoned,1
CART003996,CUST00138,PROD0066,2025-05-05 11:59:00,Abandoned,1
CART003997,CUST00133,PROD0116,2024-11-30 19:04:00,Purchased,3
CART003998,CUST00126,PROD0028,2025-01-04 22:08:00,Abandoned,1
CART003999,CUST00190,PROD0047,2025-07-02 23:30:00,Purchased,1
CART004000,CUST00382,PROD0179,2025-07-28 20:56:00,Abandoned,1
CART004001,CUST00494,PROD0122,2024-07-26 20:28:00,Abandoned,2
CART004002,CUST00220,PROD0039,2025-05-22 17:29:00,Purchased,1
CART004003,CUST00444,PROD0165,2024-10-22 12:36:00,Abandoned,1
CART004004,CUST00360,PROD0119,2024-06-30 19:09:00,Abandoned,1
CART004005,CUST00066,PROD0119,2024-07-07 13:31:00,Abandoned,1
CART004006,CUST00260,PROD0031,2024-10-02 11:56:00,Active,2
CART004007,CUST00345,PROD0066,2025-07-01 20:04:00,Active,1
CART004008,CUST00283,PROD0068,2025-04-28 08:03:00,Abandoned,1
CART004009,CUST00120,PROD0119,2025-04-24 13:22:00,Purchased,1
CART004010,CUST00353,PROD0084,2025-05-24 10:35:00,Abandoned,1
CART004011,CUST00095,PROD0166,2025-06-13 19:11:00,Purchased,3
CART004012,CUST00276,PROD0128,2025-06-25 07:26:00,Abandoned,1
CART004013,CUST00456,PROD0064,2024-06-25 11:18:00,Purchased,1
CART004014,CUST00282,PROD0020,2024-06-01 11:14:00,Purchased,1
CART004015,CUST00213,PROD0166,2024-10-05 13:03:00,Purchased,1
CART004016,CUST00030,PROD0116,2024-11-03 12:39:00,Abandoned,1
CART004017,CUST00214,PROD0166,2024-07-16 13:16:00,Abandoned,1
CART004018,CUST00095,PROD0050,2024-10-05 18:01:00,Abandoned,1
CART004019,CUST00237,PROD0166,2025-07-07 06:53:00,Abandoned,1
CART004020,CUST00132,PROD0160,2025-05-23 14:45:00,Purchased,2
CART004021,CUST00008,PROD0135,2025-06-20 06:25:00,Abandoned,1
CART004022,CUST00370,PROD0138,2024-12-20 17:41:00,Purchased,2
CART004023,CUST00392,PROD0172,2025-07-20 12:21:00,Abandoned,1
CART004024,CUST00014,PROD0004,2025-07-27 23:56:00,Abandoned,1
CART004025,CUST00172,PROD0101,2024-10-07 16:49:00,Purchased,1
CART004026,CUST00387,PROD0063,2025-04-23 15:05:00,Purchased,1
CART004027,CUST00249,PROD0066,2025-06-29 22:21:00,Abandoned,1
CART004028,CUST00172,PROD0121,2025-07-19 21:45:00,Purchased,1
CART004029,CUST00354,PROD0095,2024-09-16 07:50:00,Abandoned,1
CART004030,CUST00055,PROD0006,2025-01-09 14:16:00,Abandoned,1
CART004031,CUST00435,PROD0192,2024-12-15 23:21:00,Abandoned,1
CART004032,CUST00156,PROD0121,2025-01-31 23:30:00,Active,1
CART004033,CUST00153,PROD0121,2025-01-10 16:15:00,Purchased,2
CART004034,CUST00474,PROD0139,2024-10-18 09:37:00,Abandoned,2
CART004035,CUST00211,PROD0139,2025-07-05 22:50:00,Purchased,1
CART004036,CUST00113,PROD0087,2024-06-23 14:10:00,Abandoned,1
CART004037,CUST00370,PROD0066,2024-12-01 17:19:00,Purchased,1
CART004038,CUST00029,PROD0132,2024-12-29 22:51:00,Purchased,1
CART004039,CUST00355,PROD0128,2024-07-12 16:15:00,Abandoned,2
CART004040,CUST00293,PROD0132,2024-10-06 19:48:00,Abandoned,1
CART004041,CUST00408,PROD0075,2025-01-18 10:23:00,Abandoned,1
CART004042,CUST00282,PROD0024,2024-10-17 06:30:00,Abandoned,1
CART004043,CUST00228,PROD0171,2024-11-10 19:35:00,Abandoned,2
CART004044,CUST00134,PROD0166,2024-11-18 20:34:00,Abandoned,1
CART004045,CUST00345,PROD0112,2024-10-27 06:43:00,Purchased,1
CART004046,CUST00077,PROD0136,2025-07-20 07:14:00,Active,1
CART004047,CUST00276,PROD0011,2024-10-14 10:10:00,Purchased,1
CART004048,CUST00362,PROD0019,2025-05-16 13:56:00,Purchased,1
CART004049,CUST00374,PROD0120,2024-10-27 21:02:00,Purchased,2
CART004050,CUST00113,PROD0050,2024-06-27 16:35:00,Abandoned,1
CART004051,CUST00044,PROD0084,2024-06-05 19:59:00,Purchased,1
CART004052,CUST00467,PROD0149,2024-09-27 10:34:00,Abandoned,2
CART004053,CUST00329,PROD0047,2024-11-05 22:49:00,Abandoned,2
CART004054,CUST00363,PROD0135,2025-01-13 11:58:00,Abandoned,1
CART004055,CUST00243,PROD0133,2025-04-17 21:12:00,Active,1
CART004056,CUST00306,PROD0121,2024-06-29 08:16:00,Purchased,1
CART004057,CUST00450,PROD0182,2025-05-17 15:36:00,Abandoned,1
CART004058,CUST00172,PROD0047,2025-02-27 19:11:00,Abandoned,2
CART004059,CUST00445,PROD0166,2024-07-13 09:30:00,Active,1
CART004060,CUST00456,PROD0166,2024-11-29 18:19:00,Abandoned,1
CART004061,CUST00267,PROD0119,2024-10-04 09:27:00,Purchased,1
CART004062,CUST00301,PROD0048,2025-08-31 13:12:00,Active,1
CART004063,CUST00266,PROD0118,2024-11-27 11:34:00,Abandoned,1
CART004064,CUST00273,PROD0028,2024-11-09 22:00:00,Abandoned,1
CART004065,CUST00052,PROD0173,2025-03-28 06:01:00,Abandoned,1
CART004066,CUST00480,PROD0050,2024-09-26 08:44:00,Purchased,1
CART004067,CUST00356,PROD0119,2024-06-26 11:33:00,Abandoned,1
CART004068,CUST00252,PROD0121,2025-06-07 15:21:00,Active,1
CART004069,CUST00331,PROD0133,2025-02-03 08:09:00,Purchased,1
CART004070,CUST00054,PROD0121,2025-05-08 10:43:00,Purchased,1
CART004071,CUST00237,PROD0078,2024-09-08 06:05:00,Active,1
CART004072,CUST00113,PROD0084,2024-11-10 21:23:00,Abandoned,1
CART004073,CUST00042,PROD0119,2024-06-10 17:17:00,Purchased,1
CART004074,CUST00241,PROD0128,2025-05-10 18:17:00,Abandoned,1
CART004075,CUST00254,PROD0067,2025-03-25 21:39:00,Purchased,1
CART004076,CUST00367,PROD0119,2025-05-21 08:03:00,Abandoned,3
CART004077,CUST00455,PROD0119,2025-07-08 18:26:00,Purchased,1
CART004078,CUST00018,PROD0116,2025-08-16 20:20:00,Abandoned,2
CART004079,CUST00138,PROD0128,2024-06-18 06:49:00,Purchased,1
CART004080,CUST00113,PROD0021,2024-10-03 17:10:00,Abandoned,2
CART004081,CUST00264,PROD0009,2024-11-15 20:16:00,Abandoned,2
CART004082,CUST00483,PROD0166,2024-06-01 11:52:00,Purchased,1
CART004083,CUST00100,PROD0083,2025-02-23 13:55:00,Active,1
CART004084,CUST00456,PROD0139,2024-11-18 18:03:00,Abandoned,1
CART004085,CUST00259,PROD0119,2025-06-23 23:58:00,Active,1
CART004086,CUST00337,PROD0031,2024-11-29 16:18:00,Active,1
CART004087,CUST00007,PROD0031,2024-07-10 23:59:00,Purchased,1
CART004088,CUST00301,PROD0200,2024-10-04 12:00:00,Abandoned,1
CART004089,CUST00191,PROD0035,2024-06-11 17:32:00,Abandoned,1
CART004090,CUST00443,PROD0166,2024-07-14 10:57:00,Abandoned,1
CART004091,CUST00233,PROD0068,2025-03-30 23:13:00,Abandoned,1
CART004092,CUST00010,PROD0064,2025-07-11 23:45:00,Abandoned,1
CART004093,CUST00395,PROD0079,2025-03-14 06:27:00,Purchased,1
CART004094,CUST00363,PROD0142,2024-07-09 08:55:00,Abandoned,1
CART004095,CUST00218,PROD0121,2025-02-18 16:28:00,Abandoned,1
CART004096,CUST00351,PROD0112,2025-01-18 10:14:00,Purchased,1
CART004097,CUST00077,PROD0112,2025-04-24 18:31:00,Purchased,2
CART004098,CUST00356,PROD0111,2024-10-11 14:47:00,Abandoned,1
CART004099,CUST00005,PROD0119,2024-07-03 23:21:00,Abandoned,1
CART004100,CUST00302,PROD0004,2025-01-18 09:39:00,Abandoned,1
CART004101,CUST00388,PROD0024,2024-06-02 20:00:00,Purchased,2
CART004102,CUST00136,PROD0166,2024-08-27 17:02:00,Active,1
CART004103,CUST00048,PROD0079,2025-07-03 09:36:00,Abandoned,1
CART004104,CUST00341,PROD0052,2025-07-20 21:38:00,Abandoned,1
CART004105,CUST00045,PROD0004,2024-06-07 10:01:00,Abandoned,1
CART004106,CUST00456,PROD0068,2024-10-16 10:22:00,Purchased,1
CART004107,CUST00189,PROD0058,2024-07-10 10:02:00,Purchased,1
CART004108,CUST00290,PROD0078,2025-07-12 23:09:00,Abandoned,1
CART004109,CUST00242,PROD0173,2024-12-18 17:08:00,Abandoned,1
CART004110,CUST00163,PROD0132,2024-11-10 13:45:00,Purchased,1
CART004111,CUST00209,PROD0116,2025-06-09 20:53:00,Purchased,1
CART004112,CUST00109,PROD0119,2025-07-27 14:36:00,Abandoned,1
CART004113,CUST00140,PROD0183,2024-10-28 12:48:00,Abandoned,3
CART004114,CUST00092,PROD0200,2024-07-03 16:32:00,Purchased,2
CART004115,CUST00364,PROD0128,2025-05-14 09:21:00,Abandoned,1
CART004116,CUST00021,PROD0068,2025-02-21 17:58:00,Abandoned,1
CART004117,CUST00094,PROD0063,2024-12-11 09:04:00,Abandoned,2
CART004118,CUST00427,PROD0027,2025-07-22 12:51:00,Abandoned,3
CART004119,CUST00005,PROD0112,2025-01-23 20:05:00,Abandoned,1
CART004120,CUST00295,PROD0112,2024-10-15 11:01:00,Abandoned,1
CART004121,CUST00101,PROD0133,2024-09-29 16:53:00,Abandoned,2
CART004122,CUST00187,PROD0084,2025-06-27 15:44:00,Purchased,1
CART004123,CUST00090,PROD0193,2025-01-04 15:58:00,Purchased,1
CART004124,CUST00074,PROD0166,2025-01-28 15:35:00,Abandoned,1
CART004125,CUST00447,PROD0092,2025-08-25 13:37:00,Abandoned,1
CART004126,CUST00249,PROD0047,2024-11-24 11:24:00,Purchased,1
CART004127,CUST00139,PROD0063,2024-10-12 17:38:00,Purchased,3
CART004128,CUST00017,PROD0112,2025-02-13 22:59:00,Abandoned,1
CART004129,CUST00370,PROD0135,2025-08-05 13:44:00,Purchased,2
CART004130,CUST00408,PROD0116,2025-03-02 11:19:00,Abandoned,1
CART004131,CUST00129,PROD0066,2024-11-02 21:46:00,Abandoned,1
CART004132,CUST00253,PROD0061,2024-12-25 13:48:00,Abandoned,2
CART004133,CUST00189,PROD0051,2024-10-29 19:45:00,Abandoned,2
CART004134,CUST00474,PROD0166,2024-10-13 21:10:00,Active,1
CART004135,CUST00492,PROD0066,2024-07-30 14:19:00,Purchased,1
CART004136,CUST00487,PROD0084,2025-07-25 15:12:00,Abandoned,1
CART004137,CUST00378,PROD0028,2024-09-03 16:55:00,Abandoned,1
CART004138,CUST00202,PROD0128,2025-08-16 20:33:00,Abandoned,1
CART004139,CUST00092,PROD0121,2025-07-09 11:38:00,Abandoned,2
CART004140,CUST00218,PROD0135,2024-09-10 17:30:00,Purchased,1
CART004141,CUST00277,PROD0155,2024-11-22 16:57:00,Abandoned,1
CART004142,CUST00197,PROD0112,2025-07-04 15:14:00,Abandoned,1
CART004143,CUST00005,PROD0150,2025-02-06 07:53:00,Purchased,2
CART004144,CUST00451,PROD0064,2024-12-18 07:48:00,Purchased,1
CART004145,CUST00154,PROD0166,2025-03-26 14:59:00,Abandoned,2
CART004146,CUST00397,PROD0063,2025-04-24 06:41:00,Abandoned,2
CART004147,CUST00421,PROD0111,2024-12-19 10:18:00,Abandoned,1
CART004148,CUST00427,PROD0116,2025-01-26 19:03:00,Abandoned,1
CART004149,CUST00291,PROD0018,2025-07-20 06:46:00,Purchased,2
CART004150,CUST00094,PROD0119,2025-01-29 15:00:00,Abandoned,2
CART004151,CUST00371,PROD0198,2024-10-30 08:26:00,Active,1
CART004152,CUST00277,PROD0135,2024-10-12 17:30:00,Purchased,1
CART004153,CUST00396,PROD0135,2024-09-07 21:26:00,Purchased,2
CART004154,CUST00055,PROD0031,2024-10-30 15:56:00,Purchased,2
CART004155,CUST00344,PROD0077,2024-08-10 18:24:00,Active,2
CART004156,CUST00290,PROD0195,2025-05-06 10:08:00,Abandoned,1
CART004157,CUST00356,PROD0063,2025-08-09 14:38:00,Purchased,1
CART004158,CUST00113,PROD0112,2024-07-05 07:14:00,Abandoned,1
CART004159,CUST00239,PROD0095,2024-11-29 13:03:00,Abandoned,2
CART004160,CUST00243,PROD0176,2024-08-04 08:45:00,Abandoned,1
CART004161,CUST00323,PROD0064,2024-10-29 07:58:00,Purchased,2
CART004162,CUST00255,PROD0066,2025-05-13 16:09:00,Abandoned,1
CART004163,CUST00272,PROD0029,2024-08-22 13:06:00,Active,1
CART004164,CUST00451,PROD0021,2024-12-24 09:48:00,Abandoned,1
CART004165,CUST00173,PROD0112,2024-11-26 11:52:00,Purchased,2
CART004166,CUST00456,PROD0066,2024-06-11 18:19:00,Purchased,2
CART004167,CUST00494,PROD0087,2024-11-28 14:31:00,Abandoned,1
CART004168,CUST00226,PROD0066,2025-08-28 19:36:00,Purchased,1
CART004169,CUST00172,PROD0119,2024-10-29 06:40:00,Purchased,1
CART004170,CUST00492,PROD0112,2025-07-15 22:17:00,Purchased,1
CART004171,CUST00051,PROD0177,2024-07-26 13:13:00,Abandoned,2
CART004172,CUST00208,PROD0080,2025-03-03 22:47:00,Abandoned,2
CART004173,CUST00467,PROD0063,2025-03-27 20:51:00,Abandoned,1
CART004174,CUST00353,PROD0034,2024-11-29 11:10:00,Abandoned,1
CART004175,CUST00149,PROD0132,2024-09-25 23:40:00,Abandoned,1
CART004176,CUST00238,PROD0028,2024-11-09 16:39:00,Abandoned,2
CART004177,CUST00495,PROD0068,2024-06-24 19:58:00,Active,1
CART004178,CUST00388,PROD0122,2024-10-12 21:50:00,Abandoned,1
CART004179,CUST00399,PROD0083,2025-05-01 08:22:00,Abandoned,1
CART004180,CUST00355,PROD0098,2025-01-06 06:50:00,Purchased,1
CART004181,CUST00211,PROD0098,2024-10-07 11:27:00,Active,3
CART004182,CUST00452,PROD0115,2024-06-15 11:47:00,Abandoned,1
CART004183,CUST00428,PROD0173,2024-08-12 20:46:00,Active,2
CART004184,CUST00301,PROD0066,2024-11-23 13:25:00,Abandoned,1
CART004185,CUST00045,PROD0047,2024-06-15 06:02:00,Active,2
CART004186,CUST00278,PROD0114,2025-04-01 12:09:00,Abandoned,3
CART004187,CUST00081,PROD0031,2024-10-15 06:36:00,Purchased,2
CART004188,CUST00189,PROD0146,2024-09-07 07:27:00,Abandoned,1
CART004189,CUST00052,PROD0083,2024-10-06 20:26:00,Purchased,1
CART004190,CUST00385,PROD0175,2024-10-12 15:19:00,Purchased,2
CART004191,CUST00446,PROD0031,2025-01-22 20:32:00,Abandoned,1
CART004192,CUST00129,PROD0008,2024-10-04 13:53:00,Active,1
CART004193,CUST00095,PROD0064,2025-04-02 16:20:00,Abandoned,1
CART004194,CUST00027,PROD0078,2025-08-31 07:45:00,Abandoned,1
CART004195,CUST00127,PROD0046,2024-10-08 11:41:00,Abandoned,1
CART004196,CUST00487,PROD0119,2024-11-16 09:25:00,Abandoned,1
CART004197,CUST00012,PROD0002,2025-05-25 21:38:00,Purchased,1
CART004198,CUST00016,PROD0064,2024-11-01 07:47:00,Abandoned,2
CART004199,CUST00202,PROD0144,2025-02-16 20:23:00,Abandoned,1
CART004200,CUST00491,PROD0047,2024-10-10 13:39:00,Purchased,2
