order_item_id,order_id,product_id,quantity,unit_price,discount_percent
OITEM000001,ORD000170,PROD0041,1,5370.16,8.4
OITEM000002,ORD000016,PROD0120,2,3054.29,28.8
OITEM000003,ORD000016,PROD0047,1,2998.76,32.5
OITEM000004,ORD001992,PROD0128,5,1034.95,47.7
OITEM000005,ORD001992,PROD0024,4,20903.18,21.3
OITEM000006,ORD001992,PROD0095,1,7236.1,24.8
OITEM000007,ORD001992,PROD0166,3,110.93,6.5
OITEM000008,ORD002533,PROD0047,1,2984.36,20.0
OITEM000009,ORD002533,PROD0066,1,761.69,6.5
OITEM000010,ORD000918,PROD0183,2,1011.52,33.7
OITEM000011,ORD000918,PROD0031,3,5423.54,9.8
OITEM000012,ORD002344,PROD0130,1,3916.2,36.1
OITEM000013,ORD002344,PROD0119,1,1808.32,20.3
OITEM000014,ORD002270,PROD0166,1,113.01,9.6
OITEM000015,ORD002270,PROD0112,1,6004.77,22.1
OITEM000016,ORD002375,PROD0132,1,211.18,15.0
OITEM000017,ORD000365,PROD0118,1,546.21,47.5
OITEM000018,ORD002895,PROD0047,1,3118.62,10.8
OITEM000019,ORD002895,PROD0080,1,5328.29,16.8
OITEM000020,ORD002895,PROD0068,1,3491.42,20.4
OITEM000021,ORD001863,PROD0078,3,4592.82,12.7
OITEM000022,ORD002669,PROD0121,3,3335.21,27.2
OITEM000023,ORD001567,PROD0133,1,3291.18,45.7
OITEM000024,ORD002704,PROD0192,2,916.13,47.2
OITEM000025,ORD000788,PROD0047,1,2900.58,38.4
OITEM000026,ORD000788,PROD0092,1,5677.09,31.8
OITEM000027,ORD002559,PROD0020,1,19936.73,34.9
OITEM000028,ORD002559,PROD0074,1,568.6,47.1
OITEM000029,ORD002559,PROD0040,1,2727.17,6.0
OITEM000030,ORD001783,PROD0112,1,6049.14,35.3
OITEM000031,ORD001783,PROD0066,1,815.21,31.5
OITEM000032,ORD003190,PROD0064,1,556.57,15.1
OITEM000033,ORD000915,PROD0119,2,1747.33,41.8
OITEM000034,ORD000915,PROD0177,1,1239.18,16.8
OITEM000035,ORD000977,PROD0066,1,812.21,14.9
OITEM000036,ORD001482,PROD0141,1,579.93,12.2
OITEM000037,ORD001482,PROD0095,2,6923.74,47.7
OITEM000038,ORD000502,PROD0112,1,6172.71,6.1
OITEM000039,ORD001966,PROD0161,1,15831.92,17.8
OITEM000040,ORD002339,PROD0074,5,600.52,24.7
OITEM000041,ORD001209,PROD0166,2,108.66,15.4
OITEM000042,ORD003147,PROD0116,1,12495.64,37.2
OITEM000043,ORD003147,PROD0155,1,12365.05,12.8
OITEM000044,ORD002757,PROD0095,2,6891.76,13.5
OITEM000045,ORD001440,PROD0063,1,2114.44,17.2
OITEM000046,ORD001440,PROD0052,2,2684.37,39.7
OITEM000047,ORD001440,PROD0107,2,2628.01,38.1
OITEM000048,ORD002407,PROD0185,1,7970.25,13.4
OITEM000049,ORD002037,PROD0034,1,20409.95,40.2
OITEM000050,ORD001765,PROD0119,1,1715.39,33.7
OITEM000051,ORD001765,PROD0128,1,1025.76,43.3
OITEM000052,ORD000113,PROD0063,1,2176.53,6.6
OITEM000053,ORD000113,PROD0128,1,1125.37,9.8
OITEM000054,ORD002677,PROD0135,1,2878.67,49.6
OITEM000055,ORD002677,PROD0051,2,4898.12,46.6
OITEM000056,ORD001751,PROD0190,3,5284.94,14.7
OITEM000057,ORD000908,PROD0135,2,2852.42,20.2
OITEM000058,ORD000908,PROD0194,1,8874.7,40.7
OITEM000059,ORD001742,PROD0116,2,12031.8,21.4
OITEM000060,ORD001742,PROD0200,2,3762.97,47.2
OITEM000061,ORD000053,PROD0135,1,2861.48,5.9
OITEM000062,ORD000053,PROD0028,1,50342.68,5.7
OITEM000063,ORD001170,PROD0112,4,6326.09,34.0
OITEM000064,ORD000406,PROD0173,1,172.37,10.9
OITEM000065,ORD000527,PROD0118,2,579.86,49.4
OITEM000066,ORD000527,PROD0144,1,1125.1,42.3
OITEM000067,ORD000440,PROD0139,2,1636.7,31.8
OITEM000068,ORD002594,PROD0068,2,3583.65,35.5
OITEM000069,ORD002594,PROD0067,1,2068.34,40.6
OITEM000070,ORD002905,PROD0116,1,12350.44,45.3
OITEM000071,ORD002905,PROD0136,5,2925.06,10.3
OITEM000072,ORD002369,PROD0166,2,106.67,41.5
OITEM000073,ORD003139,PROD0197,1,7499.97,43.2
OITEM000074,ORD003139,PROD0065,2,3631.01,27.7
OITEM000075,ORD003139,PROD0132,5,209.18,7.5
OITEM000076,ORD000590,PROD0166,2,104.85,19.9
OITEM000077,ORD000590,PROD0108,3,14744.77,28.5
OITEM000078,ORD002401,PROD0152,4,8787.37,12.9
OITEM000079,ORD002401,PROD0128,1,1055.61,16.9
OITEM000080,ORD002401,PROD0002,2,35418.98,9.0
OITEM000081,ORD002401,PROD0085,1,2635.33,37.4
OITEM000082,ORD002891,PROD0084,4,2208.21,7.5
OITEM000083,ORD002891,PROD0119,3,1833.44,41.2
OITEM000084,ORD002218,PROD0066,1,810.03,41.5
OITEM000085,ORD000809,PROD0133,2,3297.01,42.4
OITEM000086,ORD000809,PROD0030,1,4530.83,21.8
OITEM000087,ORD002807,PROD0118,1,589.98,43.0
OITEM000088,ORD001088,PROD0046,1,2437.22,45.9
OITEM000089,ORD000097,PROD0119,4,1793.45,10.5
OITEM000090,ORD000571,PROD0011,1,15721.24,44.1
OITEM000091,ORD001401,PROD0119,1,1728.63,50.0
OITEM000092,ORD001401,PROD0116,3,12561.88,42.0
OITEM000093,ORD001329,PROD0052,1,2638.12,9.9
OITEM000094,ORD002728,PROD0128,4,1105.57,7.4
OITEM000095,ORD002728,PROD0166,2,104.12,18.0
OITEM000096,ORD002611,PROD0066,1,774.57,24.8
OITEM000097,ORD001107,PROD0128,1,1051.86,20.7
OITEM000098,ORD001107,PROD0075,2,2381.89,35.0
OITEM000099,ORD001721,PROD0119,1,1814.93,29.7
OITEM000100,ORD000173,PROD0119,2,1731.84,11.1
OITEM000101,ORD000173,PROD0132,5,197.24,48.1
OITEM000102,ORD001964,PROD0092,1,5562.13,42.4
OITEM000103,ORD002011,PROD0121,3,3379.32,30.1
OITEM000104,ORD002011,PROD0067,1,2095.3,6.5
OITEM000105,ORD002011,PROD0119,1,1859.11,19.6
OITEM000106,ORD002011,PROD0066,3,790.53,10.6
OITEM000107,ORD002840,PROD0168,1,662.5,20.0
OITEM000108,ORD002840,PROD0178,2,1222.11,26.4
OITEM000109,ORD002840,PROD0078,1,5001.25,34.0
OITEM000110,ORD001438,PROD0135,4,3014.08,20.0
OITEM000111,ORD001438,PROD0166,1,109.5,5.3
OITEM000112,ORD003178,PROD0030,1,4634.64,6.3
OITEM000113,ORD000703,PROD0004,3,29107.45,34.4
OITEM000114,ORD000703,PROD0133,1,3282.32,49.3
OITEM000115,ORD000703,PROD0039,3,21347.16,34.7
OITEM000116,ORD002725,PROD0166,2,107.18,9.5
OITEM000117,ORD001166,PROD0034,2,20441.68,15.4
OITEM000118,ORD001166,PROD0051,2,4798.89,49.3
OITEM000119,ORD001166,PROD0118,1,583.89,45.7
OITEM000120,ORD000143,PROD0114,1,14524.69,39.9
OITEM000121,ORD000796,PROD0066,2,756.17,15.3
OITEM000122,ORD000796,PROD0063,2,2040.27,35.7
OITEM000123,ORD002120,PROD0112,3,6554.18,33.6
OITEM000124,ORD002120,PROD0167,5,425.2,17.3
OITEM000125,ORD002197,PROD0092,5,5487.82,31.5
OITEM000126,ORD003059,PROD0122,2,1902.95,37.2
OITEM000127,ORD003059,PROD0112,2,6227.87,15.2
OITEM000128,ORD000790,PROD0041,3,5277.91,42.3
OITEM000129,ORD000052,PROD0119,1,1841.99,12.6
OITEM000130,ORD001294,PROD0119,1,1752.2,28.0
OITEM000131,ORD001294,PROD0192,1,868.32,16.8
OITEM000132,ORD001294,PROD0066,2,756.01,27.1
OITEM000133,ORD001294,PROD0131,1,2852.43,9.6
OITEM000134,ORD000747,PROD0029,1,2315.3,45.1
OITEM000135,ORD000747,PROD0135,1,3010.98,42.0
OITEM000136,ORD000639,PROD0166,5,111.45,15.5
OITEM000137,ORD000639,PROD0119,1,1824.53,6.8
OITEM000138,ORD000385,PROD0031,2,5425.58,29.9
OITEM000139,ORD002589,PROD0099,1,1028.35,33.1
OITEM000140,ORD002365,PROD0141,3,562.49,15.8
OITEM000141,ORD002365,PROD0113,1,7796.73,40.8
OITEM000142,ORD002365,PROD0166,1,108.55,15.4
OITEM000143,ORD001762,PROD0165,1,215.05,46.2
OITEM000144,ORD001762,PROD0118,1,545.14,20.5
OITEM000145,ORD001762,PROD0119,1,1801.86,28.4
OITEM000146,ORD000508,PROD0112,1,6118.39,7.9
OITEM000147,ORD003090,PROD0085,2,2819.9,26.2
OITEM000148,ORD003090,PROD0120,1,3029.31,33.8
OITEM000149,ORD000520,PROD0166,2,105.48,18.6
OITEM000150,ORD000520,PROD0041,3,5088.96,15.2
OITEM000151,ORD001169,PROD0132,1,200.69,12.7
OITEM000152,ORD001169,PROD0135,1,2889.26,12.2
OITEM000153,ORD001169,PROD0048,3,596.46,12.5
OITEM000154,ORD001333,PROD0121,1,3400.8,10.3
OITEM000155,ORD002607,PROD0171,1,38.72,29.4
OITEM000156,ORD002607,PROD0142,2,3115.66,37.6
OITEM000157,ORD001396,PROD0063,1,2176.09,16.8
OITEM000158,ORD001396,PROD0004,1,27990.26,43.7
OITEM000159,ORD001396,PROD0118,3,564.85,31.1
OITEM000160,ORD001396,PROD0131,1,3054.25,42.4
OITEM000161,ORD002885,PROD0118,1,550.14,19.3
OITEM000162,ORD001662,PROD0185,3,7459.84,49.3
OITEM000163,ORD000526,PROD0130,1,3696.42,23.1
OITEM000164,ORD002331,PROD0004,2,26792.13,35.6
OITEM000165,ORD002331,PROD0119,4,1832.66,42.0
OITEM000166,ORD002331,PROD0112,1,5992.5,22.9
OITEM000167,ORD002331,PROD0166,1,107.38,22.3
OITEM000168,ORD000446,PROD0192,4,847.89,26.6
OITEM000169,ORD002368,PROD0165,1,214.1,21.9
OITEM000170,ORD002368,PROD0068,3,3685.88,9.9
OITEM000171,ORD000378,PROD0085,2,2646.49,11.5
OITEM000172,ORD000248,PROD0003,1,33680.32,49.0
OITEM000173,ORD000248,PROD0066,1,822.48,7.0
OITEM000174,ORD000549,PROD0172,1,1052.57,37.6
OITEM000175,ORD000549,PROD0161,1,16389.51,45.9
OITEM000176,ORD000549,PROD0031,5,5244.03,17.7
OITEM000177,ORD001347,PROD0023,2,8431.99,13.6
OITEM000178,ORD001347,PROD0131,1,2988.77,48.0
OITEM000179,ORD001347,PROD0116,1,11581.51,15.9
OITEM000180,ORD001347,PROD0104,1,11596.61,27.1
OITEM000181,ORD001722,PROD0132,1,210.17,40.4
OITEM000182,ORD001722,PROD0119,1,1757.15,20.8
OITEM000183,ORD001722,PROD0028,1,53470.54,30.5
OITEM000184,ORD002777,PROD0131,1,3093.49,27.0
OITEM000185,ORD001583,PROD0114,1,14833.46,41.9
OITEM000186,ORD001583,PROD0111,1,3597.87,40.4
OITEM000187,ORD001583,PROD0119,1,1780.01,33.5
OITEM000188,ORD002899,PROD0166,3,108.15,21.5
OITEM000189,ORD002899,PROD0183,2,978.14,21.4
OITEM000190,ORD002899,PROD0002,1,37952.73,25.9
OITEM000191,ORD002641,PROD0112,2,6461.38,16.4
OITEM000192,ORD002641,PROD0047,3,3140.16,13.7
OITEM000193,ORD002641,PROD0156,5,16608.74,44.1
OITEM000194,ORD002641,PROD0142,3,3376.18,29.4
OITEM000195,ORD000469,PROD0118,1,580.24,34.1
OITEM000196,ORD000469,PROD0021,1,45907.68,12.7
OITEM000197,ORD001057,PROD0040,5,2777.92,11.9
OITEM000198,ORD002309,PROD0119,1,1822.05,40.7
OITEM000199,ORD000501,PROD0057,2,2699.21,8.7
OITEM000200,ORD000501,PROD0065,2,3649.63,13.4
OITEM000201,ORD000501,PROD0175,2,463.49,19.7
OITEM000202,ORD001941,PROD0166,1,113.16,8.7
OITEM000203,ORD001941,PROD0066,1,804.06,45.9
OITEM000204,ORD001941,PROD0028,1,50912.2,27.5
OITEM000205,ORD002918,PROD0066,3,813.4,48.8
OITEM000206,ORD002918,PROD0128,2,1053.52,22.7
OITEM000207,ORD002141,PROD0103,4,13142.28,42.6
OITEM000208,ORD002141,PROD0199,3,7956.14,25.7
OITEM000209,ORD001689,PROD0068,1,3365.82,27.7
OITEM000210,ORD002215,PROD0192,1,854.36,24.1
OITEM000211,ORD002215,PROD0172,3,988.67,28.6
OITEM000212,ORD001139,PROD0166,2,105.43,24.6
OITEM000213,ORD001139,PROD0152,1,8875.41,26.9
OITEM000214,ORD001016,PROD0063,2,2155.85,16.0
OITEM000215,ORD002264,PROD0166,4,104.1,33.2
OITEM000216,ORD002558,PROD0060,1,3773.01,11.2
OITEM000217,ORD002494,PROD0046,1,2580.35,6.6
OITEM000218,ORD002494,PROD0116,1,11591.99,38.3
OITEM000219,ORD001034,PROD0150,1,17648.19,28.1
OITEM000220,ORD001072,PROD0064,1,579.28,24.9
OITEM000221,ORD001072,PROD0031,1,5424.44,32.9
OITEM000222,ORD002980,PROD0133,2,3237.77,44.3
OITEM000223,ORD002980,PROD0131,1,2952.92,39.4
OITEM000224,ORD000261,PROD0024,2,20799.53,39.1
OITEM000225,ORD000261,PROD0166,1,114.42,31.9
OITEM000226,ORD000572,PROD0066,2,760.34,26.6
OITEM000227,ORD002877,PROD0119,2,1845.07,45.7
OITEM000228,ORD002135,PROD0182,1,272.25,12.2
OITEM000229,ORD003076,PROD0078,2,4861.34,38.7
OITEM000230,ORD002113,PROD0031,5,5244.18,10.3
OITEM000231,ORD002113,PROD0166,1,114.48,15.4
OITEM000232,ORD002157,PROD0131,1,3077.21,46.8
OITEM000233,ORD000587,PROD0121,1,3180.32,45.8
OITEM000234,ORD000587,PROD0166,5,113.85,45.6
OITEM000235,ORD001485,PROD0164,5,9424.91,26.3
OITEM000236,ORD003171,PROD0116,3,11637.89,41.1
OITEM000237,ORD003171,PROD0066,3,764.24,33.2
OITEM000238,ORD001706,PROD0063,2,2190.75,29.6
OITEM000239,ORD001961,PROD0028,1,50037.33,34.8
OITEM000240,ORD001961,PROD0102,1,11902.38,14.3
OITEM000241,ORD002673,PROD0166,1,113.5,38.8
OITEM000242,ORD002673,PROD0135,1,2840.53,22.5
OITEM000243,ORD002107,PROD0173,1,161.47,21.1
OITEM000244,ORD002107,PROD0166,2,107.17,45.6
OITEM000245,ORD002523,PROD0121,2,3254.29,38.4
OITEM000246,ORD002523,PROD0166,1,106.39,21.4
OITEM000247,ORD002523,PROD0114,1,15226.83,39.0
OITEM000248,ORD002523,PROD0050,1,4496.21,30.7
OITEM000249,ORD002252,PROD0102,3,10945.39,43.1
OITEM000250,ORD002252,PROD0177,2,1292.44,47.2
OITEM000251,ORD002252,PROD0050,3,4529.61,30.6
OITEM000252,ORD000871,PROD0173,1,166.46,25.1
OITEM000253,ORD001163,PROD0101,1,16612.43,31.5
OITEM000254,ORD001163,PROD0020,1,18849.16,16.0
OITEM000255,ORD001608,PROD0029,1,2362.61,13.2
OITEM000256,ORD001608,PROD0172,3,953.92,44.4
OITEM000257,ORD000817,PROD0047,4,3023.13,16.1
OITEM000258,ORD000817,PROD0064,1,589.39,18.4
OITEM000259,ORD000725,PROD0024,2,21263.32,8.1
OITEM000260,ORD000725,PROD0150,1,18578.19,44.7
OITEM000261,ORD003135,PROD0188,1,4428.58,24.9
OITEM000262,ORD003135,PROD0104,5,11306.15,9.3
OITEM000263,ORD003135,PROD0133,2,3255.53,29.2
OITEM000264,ORD001224,PROD0031,4,5232.13,39.3
OITEM000265,ORD001224,PROD0118,1,593.1,17.8
OITEM000266,ORD001791,PROD0004,2,27234.73,15.4
OITEM000267,ORD002879,PROD0166,1,108.31,25.5
OITEM000268,ORD002879,PROD0128,2,1043.85,21.4
OITEM000269,ORD001285,PROD0135,3,2861.12,26.9
OITEM000270,ORD001285,PROD0119,1,1752.58,12.4
OITEM000271,ORD001285,PROD0068,1,3633.43,28.7
OITEM000272,ORD000453,PROD0119,1,1868.47,5.7
OITEM000273,ORD000453,PROD0166,2,108.65,30.1
OITEM000274,ORD002432,PROD0040,2,2774.2,20.3
OITEM000275,ORD002432,PROD0121,1,3314.42,23.4
OITEM000276,ORD000524,PROD0052,2,2812.37,20.9
OITEM000277,ORD000524,PROD0149,2,5947.28,26.3
OITEM000278,ORD002643,PROD0087,1,12579.59,18.5
OITEM000279,ORD002643,PROD0048,3,629.88,14.1
OITEM000280,ORD001263,PROD0112,1,6019.55,5.4
OITEM000281,ORD001263,PROD0172,1,1024.32,40.4
OITEM000282,ORD001263,PROD0131,3,2925.17,10.9
OITEM000283,ORD001263,PROD0132,1,199.44,23.4
OITEM000284,ORD002150,PROD0135,1,2827.83,42.7
OITEM000285,ORD001496,PROD0176,1,1274.35,18.1
OITEM000286,ORD000382,PROD0138,2,1756.27,39.1
OITEM000287,ORD001590,PROD0165,2,220.03,45.0
OITEM000288,ORD002646,PROD0048,1,614.21,48.0
OITEM000289,ORD002646,PROD0086,2,8643.6,27.8
OITEM000290,ORD001566,PROD0173,1,173.5,15.3
OITEM000291,ORD001754,PROD0068,1,3448.97,48.5
OITEM000292,ORD001068,PROD0166,3,109.19,26.2
OITEM000293,ORD001068,PROD0121,1,3365.95,10.8
OITEM000294,ORD001667,PROD0119,1,1721.75,21.9
OITEM000295,ORD001667,PROD0166,3,110.84,17.6
OITEM000296,ORD001667,PROD0175,2,468.55,11.0
OITEM000297,ORD002124,PROD0119,1,1731.57,8.9
OITEM000298,ORD002124,PROD0180,1,585.19,38.9
OITEM000299,ORD002124,PROD0066,1,794.81,8.0
OITEM000300,ORD001039,PROD0119,1,1876.12,25.2
OITEM000301,ORD001039,PROD0064,1,578.57,46.9
OITEM000302,ORD001002,PROD0025,2,23515.98,28.1
OITEM000303,ORD002068,PROD0024,1,22520.2,43.5
OITEM000304,ORD002068,PROD0064,3,552.54,21.2
OITEM000305,ORD000859,PROD0039,1,19985.65,19.1
OITEM000306,ORD000859,PROD0024,2,21854.92,40.5
OITEM000307,ORD002552,PROD0119,1,1797.47,42.9
OITEM000308,ORD002552,PROD0082,1,2048.87,34.3
OITEM000309,ORD001899,PROD0166,1,113.39,9.8
OITEM000310,ORD000298,PROD0119,2,1841.26,19.6
OITEM000311,ORD000298,PROD0064,2,548.71,14.7
OITEM000312,ORD002961,PROD0084,1,2319.72,14.4
OITEM000313,ORD002961,PROD0119,1,1851.78,13.6
OITEM000314,ORD002961,PROD0166,1,113.89,6.2
OITEM000315,ORD002516,PROD0119,1,1831.33,19.4
OITEM000316,ORD001589,PROD0128,4,1031.03,15.0
OITEM000317,ORD001591,PROD0047,3,3144.05,23.2
OITEM000318,ORD001591,PROD0136,2,3088.48,43.4
OITEM000319,ORD001591,PROD0051,1,4957.55,26.8
OITEM000320,ORD001591,PROD0025,3,23436.58,12.5
OITEM000321,ORD002416,PROD0119,1,1830.57,22.6
OITEM000322,ORD000903,PROD0060,2,4141.43,25.6
OITEM000323,ORD000903,PROD0128,2,1086.17,31.6
OITEM000324,ORD000903,PROD0133,1,3348.94,18.5
OITEM000325,ORD000903,PROD0095,1,6794.81,6.9
OITEM000326,ORD001883,PROD0128,1,1116.36,44.2
OITEM000327,ORD001883,PROD0125,4,2754.92,36.4
OITEM000328,ORD001883,PROD0119,2,1758.43,29.0
OITEM000329,ORD000973,PROD0119,1,1768.81,47.7
OITEM000330,ORD002263,PROD0166,1,107.89,35.4
OITEM000331,ORD002263,PROD0128,1,1128.34,44.4
OITEM000332,ORD001181,PROD0128,2,1127.56,6.9
OITEM000333,ORD001181,PROD0173,1,174.42,25.7
OITEM000334,ORD001181,PROD0078,1,4856.88,26.1
OITEM000335,ORD001733,PROD0004,2,27719.43,40.9
OITEM000336,ORD001733,PROD0064,2,601.7,16.5
OITEM000337,ORD001733,PROD0002,3,38024.5,30.8
OITEM000338,ORD002406,PROD0173,2,165.39,6.8
OITEM000339,ORD002406,PROD0132,1,203.83,12.5
OITEM000340,ORD002239,PROD0031,3,5428.54,49.5
OITEM000341,ORD001712,PROD0119,1,1880.97,37.3
OITEM000342,ORD000076,PROD0028,1,53234.6,9.1
OITEM000343,ORD000076,PROD0166,1,104.52,27.9
OITEM000344,ORD002855,PROD0063,1,2086.82,18.5
OITEM000345,ORD002855,PROD0172,1,1005.77,17.3
OITEM000346,ORD000645,PROD0160,1,15274.41,22.2
OITEM000347,ORD002298,PROD0132,2,214.52,25.3
OITEM000348,ORD002298,PROD0076,4,583.81,40.8
OITEM000349,ORD000765,PROD0066,1,790.48,36.5
OITEM000350,ORD000719,PROD0133,2,3347.74,21.3
OITEM000351,ORD000719,PROD0196,1,9711.82,40.5
OITEM000352,ORD000719,PROD0064,1,577.91,34.5
OITEM000353,ORD000926,PROD0050,2,4357.09,44.4
OITEM000354,ORD000926,PROD0011,1,16503.48,38.9
OITEM000355,ORD001703,PROD0135,1,2859.61,33.5
OITEM000356,ORD001975,PROD0132,1,213.09,25.2
OITEM000357,ORD000840,PROD0138,2,1770.7,12.3
OITEM000358,ORD000840,PROD0065,3,3609.77,36.0
OITEM000359,ORD000840,PROD0066,2,831.35,47.4
OITEM000360,ORD002751,PROD0136,2,2881.97,26.1
OITEM000361,ORD000729,PROD0166,1,113.34,32.4
OITEM000362,ORD002250,PROD0084,1,2312.65,47.4
OITEM000363,ORD000666,PROD0126,1,612.56,19.6
OITEM000364,ORD000141,PROD0135,1,2817.44,26.9
OITEM000365,ORD000141,PROD0066,3,760.0,37.3
OITEM000366,ORD000141,PROD0116,2,12693.64,47.3
OITEM000367,ORD003058,PROD0119,1,1827.8,37.6
OITEM000368,ORD003058,PROD0192,3,920.12,31.3
OITEM000369,ORD001233,PROD0197,1,7930.41,33.8
OITEM000370,ORD001233,PROD0028,1,52173.94,14.3
OITEM000371,ORD001682,PROD0031,1,5525.1,27.0
OITEM000372,ORD001682,PROD0063,1,2207.97,22.5
OITEM000373,ORD001582,PROD0135,3,3069.01,15.3
OITEM000374,ORD001582,PROD0170,1,116.23,11.4
OITEM000375,ORD002538,PROD0125,1,2888.24,24.5
OITEM000376,ORD002538,PROD0019,1,32310.68,24.9
OITEM000377,ORD002039,PROD0078,4,4952.59,23.6
OITEM000378,ORD001639,PROD0131,1,3104.7,24.8
OITEM000379,ORD001297,PROD0119,1,1745.74,28.8
OITEM000380,ORD001297,PROD0031,1,5546.99,17.6
OITEM000381,ORD001297,PROD0121,3,3158.94,12.7
OITEM000382,ORD000395,PROD0047,1,3113.25,20.8
OITEM000383,ORD002140,PROD0166,2,110.05,45.4
OITEM000384,ORD002045,PROD0066,3,783.06,17.4
OITEM000385,ORD002045,PROD0181,1,901.31,32.6
OITEM000386,ORD002045,PROD0009,2,18696.56,45.3
OITEM000387,ORD001307,PROD0048,1,600.11,9.0
OITEM000388,ORD001307,PROD0173,1,168.66,11.2
OITEM000389,ORD001761,PROD0064,3,582.05,39.3
OITEM000390,ORD000204,PROD0060,1,4152.65,44.6
OITEM000391,ORD002180,PROD0178,1,1243.09,36.8
OITEM000392,ORD002740,PROD0066,1,811.11,5.5
OITEM000393,ORD002740,PROD0118,1,563.97,34.9
OITEM000394,ORD002560,PROD0087,1,12558.53,10.2
OITEM000395,ORD002144,PROD0021,1,47980.4,36.9
OITEM000396,ORD000083,PROD0031,1,5350.63,47.8
OITEM000397,ORD000133,PROD0139,2,1635.14,31.1
OITEM000398,ORD000133,PROD0119,1,1753.87,47.5
OITEM000399,ORD000133,PROD0095,1,6864.69,10.2
OITEM000400,ORD000133,PROD0068,1,3654.56,42.5
OITEM000401,ORD001023,PROD0166,1,111.98,30.5
OITEM000402,ORD000007,PROD0047,1,3139.28,22.9
OITEM000403,ORD000073,PROD0074,1,602.61,47.8
OITEM000404,ORD000598,PROD0035,1,22639.78,31.9
OITEM000405,ORD000598,PROD0047,1,3121.12,10.0
OITEM000406,ORD000598,PROD0166,2,114.08,31.5
OITEM000407,ORD000598,PROD0076,1,590.86,39.1
OITEM000408,ORD000920,PROD0060,1,4058.7,49.2
OITEM000409,ORD001148,PROD0173,1,174.86,40.9
OITEM000410,ORD002749,PROD0172,2,997.65,26.0
OITEM000411,ORD002604,PROD0047,2,3007.83,32.2
OITEM000412,ORD000212,PROD0064,3,549.8,49.5
OITEM000413,ORD000212,PROD0108,1,15129.52,12.6
OITEM000414,ORD000959,PROD0119,2,1757.84,36.0
OITEM000415,ORD000959,PROD0144,1,1101.46,11.6
OITEM000416,ORD001734,PROD0166,2,113.18,13.6
OITEM000417,ORD001734,PROD0084,1,2256.48,22.9
OITEM000418,ORD001416,PROD0084,1,2142.7,23.7
OITEM000419,ORD000482,PROD0173,2,165.52,28.9
OITEM000420,ORD001915,PROD0063,3,2121.04,21.4
OITEM000421,ORD001915,PROD0176,2,1166.67,5.3
OITEM000422,ORD000930,PROD0047,1,3175.71,41.8
OITEM000423,ORD000930,PROD0121,1,3248.81,46.9
OITEM000424,ORD000313,PROD0142,1,3158.75,26.8
OITEM000425,ORD000313,PROD0066,3,819.11,23.7
OITEM000426,ORD000313,PROD0118,3,539.03,12.8
OITEM000427,ORD002304,PROD0009,1,19726.79,24.1
OITEM000428,ORD002304,PROD0078,4,4731.76,44.1
OITEM000429,ORD002999,PROD0025,1,24086.44,35.2
OITEM000430,ORD002962,PROD0031,1,5445.51,43.6
OITEM000431,ORD002324,PROD0050,1,4604.88,36.6
OITEM000432,ORD002318,PROD0119,1,1842.94,42.3
OITEM000433,ORD001675,PROD0075,1,2343.5,23.1
OITEM000434,ORD001675,PROD0118,1,557.47,39.2
OITEM000435,ORD002305,PROD0176,3,1205.01,29.6
OITEM000436,ORD002305,PROD0065,1,3697.01,22.9
OITEM000437,ORD002871,PROD0200,3,3730.85,35.4
OITEM000438,ORD001868,PROD0116,3,12568.33,12.2
OITEM000439,ORD001511,PROD0066,2,756.51,43.5
OITEM000440,ORD003136,PROD0133,1,3267.95,11.3
OITEM000441,ORD001284,PROD0166,1,104.18,8.1
OITEM000442,ORD001284,PROD0128,2,1086.28,10.0
OITEM000443,ORD001063,PROD0118,4,542.76,10.7
OITEM000444,ORD001063,PROD0128,3,1067.14,45.8
OITEM000445,ORD001063,PROD0190,2,5061.8,36.9
OITEM000446,ORD002907,PROD0031,1,5319.48,27.9
OITEM000447,ORD002907,PROD0155,1,12539.12,47.9
OITEM000448,ORD002907,PROD0108,2,14783.48,41.6
OITEM000449,ORD003039,PROD0119,1,1860.16,43.2
OITEM000450,ORD003039,PROD0166,1,108.52,44.1
OITEM000451,ORD000093,PROD0154,1,11321.95,27.3
OITEM000452,ORD002168,PROD0135,1,2880.61,8.9
OITEM000453,ORD000235,PROD0141,2,548.86,46.3
OITEM000454,ORD002129,PROD0155,3,11705.6,37.2
OITEM000455,ORD002129,PROD0031,2,5420.48,23.6
OITEM000456,ORD001922,PROD0142,1,3306.49,45.5
OITEM000457,ORD000031,PROD0066,3,822.38,28.2
OITEM000458,ORD000744,PROD0050,1,4454.72,42.6
OITEM000459,ORD002227,PROD0152,1,8759.83,22.4
OITEM000460,ORD002227,PROD0068,1,3678.12,14.3
OITEM000461,ORD002227,PROD0144,1,1174.01,40.4
OITEM000462,ORD002227,PROD0066,1,778.66,46.3
OITEM000463,ORD000475,PROD0118,1,553.54,7.2
OITEM000464,ORD001997,PROD0024,1,22392.16,20.4
OITEM000465,ORD002437,PROD0173,2,174.48,44.8
OITEM000466,ORD001750,PROD0072,2,579.76,26.7
OITEM000467,ORD001090,PROD0194,1,9466.76,37.7
OITEM000468,ORD000690,PROD0030,1,4678.43,5.7
OITEM000469,ORD000722,PROD0068,3,3420.54,32.4
OITEM000470,ORD000722,PROD0119,5,1883.34,21.7
OITEM000471,ORD000722,PROD0024,3,21384.45,49.9
OITEM000472,ORD000327,PROD0149,2,5871.55,42.5
OITEM000473,ORD000327,PROD0141,1,579.37,20.2
OITEM000474,ORD001182,PROD0053,1,1889.2,14.9
OITEM000475,ORD001985,PROD0119,1,1808.34,12.4
OITEM000476,ORD000127,PROD0112,4,6136.45,25.9
OITEM000477,ORD000805,PROD0133,2,3171.51,17.6
OITEM000478,ORD000539,PROD0136,1,2954.9,25.9
OITEM000479,ORD000539,PROD0173,4,174.76,9.0
OITEM000480,ORD001651,PROD0112,1,6033.1,11.7
OITEM000481,ORD000560,PROD0180,2,551.98,43.5
OITEM000482,ORD000560,PROD0200,2,3658.24,23.4
OITEM000483,ORD001816,PROD0079,2,5064.85,16.4
OITEM000484,ORD002189,PROD0031,1,5540.82,30.7
OITEM000485,ORD000622,PROD0081,1,5320.04,9.7
OITEM000486,ORD000622,PROD0047,1,3094.11,18.8
OITEM000487,ORD002702,PROD0095,2,7081.32,37.1
OITEM000488,ORD002702,PROD0131,1,2911.4,24.7
OITEM000489,ORD001051,PROD0193,1,5209.05,5.3
OITEM000490,ORD000312,PROD0060,1,3814.79,43.6
OITEM000491,ORD001466,PROD0050,3,4389.66,42.8
OITEM000492,ORD001466,PROD0078,1,5022.49,36.2
OITEM000493,ORD003002,PROD0119,1,1756.9,33.5
OITEM000494,ORD000704,PROD0023,1,8247.06,5.4
OITEM000495,ORD002598,PROD0059,5,3622.5,18.8
OITEM000496,ORD000516,PROD0118,2,586.61,18.3
OITEM000497,ORD000461,PROD0132,3,209.6,44.2
OITEM000498,ORD000461,PROD0133,1,3252.21,33.9
OITEM000499,ORD003092,PROD0002,3,36368.8,15.1
OITEM000500,ORD003092,PROD0197,1,7781.86,22.8
OITEM000501,ORD003092,PROD0047,1,2932.59,21.8
OITEM000502,ORD000246,PROD0200,1,3625.05,48.4
OITEM000503,ORD000246,PROD0031,1,5581.56,12.3
OITEM000504,ORD000246,PROD0133,1,3143.02,30.6
OITEM000505,ORD000246,PROD0023,2,8430.34,18.9
OITEM000506,ORD000946,PROD0122,1,2059.84,20.3
OITEM000507,ORD000946,PROD0087,1,13514.61,6.9
OITEM000508,ORD000946,PROD0144,3,1116.18,39.7
OITEM000509,ORD002345,PROD0116,1,12492.8,12.8
OITEM000510,ORD002345,PROD0030,2,4516.91,44.9
OITEM000511,ORD002345,PROD0119,5,1832.95,7.8
OITEM000512,ORD001696,PROD0156,3,16880.34,44.6
OITEM000513,ORD001696,PROD0066,2,813.25,10.4
OITEM000514,ORD001696,PROD0191,1,4239.71,40.6
OITEM000515,ORD001185,PROD0172,4,1033.64,40.5
OITEM000516,ORD001185,PROD0004,1,26921.27,5.9
OITEM000517,ORD001871,PROD0121,1,3213.18,33.1
OITEM000518,ORD001871,PROD0195,4,7670.66,41.1
OITEM000519,ORD001789,PROD0121,1,3361.94,14.8
OITEM000520,ORD002358,PROD0001,1,21940.6,16.0
OITEM000521,ORD002804,PROD0118,2,560.56,7.5
OITEM000522,ORD002829,PROD0112,1,6177.76,8.0
OITEM000523,ORD002662,PROD0128,2,1129.91,23.8
OITEM000524,ORD002662,PROD0031,2,5453.72,40.1
OITEM000525,ORD002662,PROD0024,1,21775.25,5.5
OITEM000526,ORD001517,PROD0119,5,1876.97,44.3
OITEM000527,ORD001517,PROD0048,1,645.17,42.9
OITEM000528,ORD001517,PROD0173,1,173.01,9.4
OITEM000529,ORD001822,PROD0066,1,790.11,36.0
OITEM000530,ORD001822,PROD0166,1,110.18,12.3
OITEM000531,ORD001822,PROD0002,1,36068.95,40.7
OITEM000532,ORD001822,PROD0006,1,20140.8,26.8
OITEM000533,ORD001232,PROD0031,3,5206.68,46.6
OITEM000534,ORD000976,PROD0066,5,810.41,10.9
OITEM000535,ORD000976,PROD0064,2,550.09,42.5
OITEM000536,ORD000976,PROD0118,2,585.96,47.9
OITEM000537,ORD002170,PROD0172,1,1037.46,13.8
OITEM000538,ORD002170,PROD0188,1,4508.18,44.5
OITEM000539,ORD001853,PROD0063,1,2167.93,19.4
OITEM000540,ORD001606,PROD0119,3,1740.58,25.1
OITEM000541,ORD001907,PROD0099,1,937.51,9.8
OITEM000542,ORD001907,PROD0064,2,569.81,17.4
OITEM000543,ORD001907,PROD0034,3,19268.91,47.6
OITEM000544,ORD001325,PROD0040,1,2996.92,49.0
OITEM000545,ORD000114,PROD0166,4,107.35,19.3
OITEM000546,ORD000414,PROD0025,1,24434.97,46.8
OITEM000547,ORD000414,PROD0060,3,3939.56,25.2
OITEM000548,ORD002032,PROD0183,1,980.35,42.7
OITEM000549,ORD002032,PROD0066,1,767.02,23.0
OITEM000550,ORD002032,PROD0166,3,110.3,48.8
OITEM000551,ORD002032,PROD0047,1,3012.09,38.7
OITEM000552,ORD002784,PROD0095,1,6996.66,39.1
OITEM000553,ORD002784,PROD0066,3,796.3,29.5
OITEM000554,ORD000257,PROD0166,1,110.09,33.1
OITEM000555,ORD002321,PROD0166,2,108.95,9.3
OITEM000556,ORD002391,PROD0192,1,911.55,17.5
OITEM000557,ORD000613,PROD0121,2,3329.71,27.9
OITEM000558,ORD003062,PROD0087,3,13535.78,31.0
OITEM000559,ORD003062,PROD0031,4,5424.36,24.3
OITEM000560,ORD003062,PROD0119,5,1771.8,43.9
OITEM000561,ORD002173,PROD0096,1,13921.96,48.1
OITEM000562,ORD001624,PROD0166,1,106.06,6.1
OITEM000563,ORD002122,PROD0119,1,1721.4,8.3
OITEM000564,ORD002122,PROD0120,2,2998.98,30.5
OITEM000565,ORD001430,PROD0118,1,551.87,43.2
OITEM000566,ORD001430,PROD0064,1,582.76,13.0
OITEM000567,ORD000625,PROD0134,5,665.03,40.9
OITEM000568,ORD000625,PROD0124,3,1856.38,39.2
OITEM000569,ORD000625,PROD0080,1,5098.32,13.4
OITEM000570,ORD000626,PROD0132,3,201.38,49.8
OITEM000571,ORD000752,PROD0102,3,11777.54,39.2
OITEM000572,ORD002341,PROD0095,5,7061.41,19.7
OITEM000573,ORD002475,PROD0063,2,2106.96,17.3
OITEM000574,ORD002475,PROD0196,1,9275.34,10.1
OITEM000575,ORD002475,PROD0128,2,1062.26,32.4
OITEM000576,ORD000537,PROD0166,5,110.57,35.2
OITEM000577,ORD002585,PROD0102,1,11601.99,5.7
OITEM000578,ORD001850,PROD0063,1,2099.78,11.2
OITEM000579,ORD000733,PROD0119,1,1714.54,22.6
OITEM000580,ORD000733,PROD0066,1,765.39,33.3
OITEM000581,ORD001373,PROD0052,3,2807.72,38.9
OITEM000582,ORD001373,PROD0066,1,797.05,21.4
OITEM000583,ORD001461,PROD0016,1,31453.83,32.2
OITEM000584,ORD001461,PROD0195,1,7417.46,17.5
OITEM000585,ORD001461,PROD0127,1,1548.67,23.6
OITEM000586,ORD001519,PROD0132,2,210.35,28.0
OITEM000587,ORD002770,PROD0119,4,1754.14,31.5
OITEM000588,ORD003191,PROD0095,1,7208.81,18.2
OITEM000589,ORD002579,PROD0066,2,763.52,8.1
OITEM000590,ORD002579,PROD0145,3,9785.01,31.2
OITEM000591,ORD001076,PROD0053,1,1836.8,49.6
OITEM000592,ORD002167,PROD0121,1,3116.94,8.4
OITEM000593,ORD002167,PROD0092,1,5497.31,26.8
OITEM000594,ORD002167,PROD0112,1,6458.99,20.1
OITEM000595,ORD002167,PROD0128,2,1033.64,17.2
OITEM000596,ORD002193,PROD0192,1,858.81,48.6
OITEM000597,ORD002193,PROD0031,3,5491.19,20.0
OITEM000598,ORD000517,PROD0031,1,5127.01,6.5
OITEM000599,ORD000517,PROD0023,1,8328.81,48.7
OITEM000600,ORD000517,PROD0166,3,111.3,39.9
OITEM000601,ORD000517,PROD0173,3,168.19,31.8
OITEM000602,ORD001573,PROD0119,3,1808.23,49.2
OITEM000603,ORD001804,PROD0135,3,2828.66,21.7
OITEM000604,ORD001522,PROD0068,1,3574.56,46.6
OITEM000605,ORD003070,PROD0173,1,171.07,22.6
OITEM000606,ORD001363,PROD0119,1,1782.22,49.5
OITEM000607,ORD001363,PROD0128,1,1047.83,18.1
OITEM000608,ORD002418,PROD0135,1,2823.24,24.2
OITEM000609,ORD002418,PROD0065,5,3646.72,26.1
OITEM000610,ORD000615,PROD0166,2,109.36,9.3
OITEM000611,ORD000161,PROD0176,1,1226.13,33.2
OITEM000612,ORD002383,PROD0064,2,557.18,32.7
OITEM000613,ORD002383,PROD0112,1,6392.99,19.1
OITEM000614,ORD002383,PROD0183,1,986.15,23.9
OITEM000615,ORD003169,PROD0004,1,29269.11,48.6
OITEM000616,ORD001075,PROD0119,3,1748.3,40.3
OITEM000617,ORD002768,PROD0172,2,972.03,49.4
OITEM000618,ORD000146,PROD0183,1,938.13,40.7
OITEM000619,ORD000146,PROD0066,2,765.08,19.6
OITEM000620,ORD000146,PROD0031,2,5260.99,26.0
OITEM000621,ORD000925,PROD0040,2,2777.46,43.5
OITEM000622,ORD000925,PROD0145,1,10031.98,29.2
OITEM000623,ORD000925,PROD0024,3,21194.08,39.8
OITEM000624,ORD001541,PROD0096,1,14427.09,33.5
OITEM000625,ORD000643,PROD0119,3,1739.59,21.0
OITEM000626,ORD000841,PROD0166,1,104.54,21.7
OITEM000627,ORD001894,PROD0172,1,1027.81,37.2
OITEM000628,ORD002098,PROD0170,1,122.93,27.0
OITEM000629,ORD002098,PROD0066,1,789.34,39.0
OITEM000630,ORD000152,PROD0183,4,986.01,34.9
OITEM000631,ORD000152,PROD0063,3,2193.19,21.2
OITEM000632,ORD000901,PROD0040,2,2787.88,28.8
OITEM000633,ORD000901,PROD0116,1,12046.53,49.9
OITEM000634,ORD002896,PROD0018,5,20579.34,49.1
OITEM000635,ORD003187,PROD0166,1,114.63,9.6
OITEM000636,ORD003187,PROD0050,2,4216.11,40.1
OITEM000637,ORD001807,PROD0192,1,878.47,26.0
OITEM000638,ORD000085,PROD0165,1,217.62,34.1
OITEM000639,ORD000085,PROD0095,1,7334.92,44.9
OITEM000640,ORD002236,PROD0063,1,2111.16,13.2
OITEM000641,ORD002236,PROD0183,3,943.57,32.6
OITEM000642,ORD001865,PROD0052,5,2778.24,36.3
OITEM000643,ORD001865,PROD0031,3,5243.45,40.2
OITEM000644,ORD001865,PROD0002,3,34709.68,18.5
OITEM000645,ORD000670,PROD0052,1,2767.34,18.0
OITEM000646,ORD002968,PROD0135,3,3091.01,18.3
OITEM000647,ORD000186,PROD0050,2,4226.85,32.2
OITEM000648,ORD003043,PROD0128,2,1060.39,20.7
OITEM000649,ORD003043,PROD0065,1,3573.96,17.2
OITEM000650,ORD002690,PROD0165,1,223.21,7.9
OITEM000651,ORD000187,PROD0050,1,4195.02,40.7
OITEM000652,ORD000187,PROD0076,1,592.88,20.1
OITEM000653,ORD002941,PROD0024,2,22897.62,29.4
OITEM000654,ORD001069,PROD0166,1,104.17,34.5
OITEM000655,ORD001069,PROD0152,5,8948.91,34.9
OITEM000656,ORD000443,PROD0048,1,593.54,40.7
OITEM000657,ORD000443,PROD0166,1,108.72,49.4
OITEM000658,ORD000443,PROD0066,2,786.9,7.5
OITEM000659,ORD000443,PROD0196,2,9814.39,23.2
OITEM000660,ORD000473,PROD0119,1,1714.36,32.7
OITEM000661,ORD002276,PROD0047,1,3076.88,19.1
OITEM000662,ORD001739,PROD0119,2,1831.34,16.5
OITEM000663,ORD000617,PROD0024,4,21662.37,14.8
OITEM000664,ORD000467,PROD0030,2,4798.63,33.9
OITEM000665,ORD000510,PROD0111,2,3680.05,28.9
OITEM000666,ORD000510,PROD0031,2,5443.69,44.7
OITEM000667,ORD000510,PROD0065,3,3711.36,16.2
OITEM000668,ORD000664,PROD0171,2,39.32,7.7
OITEM000669,ORD000664,PROD0075,1,2344.61,48.5
OITEM000670,ORD001417,PROD0031,1,5097.25,22.5
OITEM000671,ORD001417,PROD0119,3,1730.3,46.2
OITEM000672,ORD001417,PROD0066,3,813.16,14.7
OITEM000673,ORD001633,PROD0050,4,4502.46,37.3
OITEM000674,ORD000896,PROD0121,1,3108.42,36.3
OITEM000675,ORD000896,PROD0075,2,2311.33,30.1
OITEM000676,ORD000896,PROD0084,1,2188.5,26.2
OITEM000677,ORD002245,PROD0161,2,15670.08,45.3
OITEM000678,ORD002015,PROD0166,1,106.84,45.9
OITEM000679,ORD002015,PROD0063,1,2146.24,11.1
OITEM000680,ORD002015,PROD0011,2,15280.87,38.1
OITEM000681,ORD001024,PROD0176,1,1183.69,46.2
OITEM000682,ORD001024,PROD0048,2,619.2,27.1
OITEM000683,ORD001024,PROD0066,1,755.47,29.2
OITEM000684,ORD002864,PROD0050,1,4522.46,38.6
OITEM000685,ORD002864,PROD0132,2,204.19,39.4
OITEM000686,ORD000929,PROD0066,4,808.15,22.8
OITEM000687,ORD000929,PROD0081,1,5026.5,25.5
OITEM000688,ORD000929,PROD0045,1,1053.57,38.1
OITEM000689,ORD000929,PROD0048,1,584.33,40.7
OITEM000690,ORD002378,PROD0119,2,1832.63,25.1
OITEM000691,ORD002047,PROD0166,1,112.29,9.6
OITEM000692,ORD001912,PROD0029,1,2452.06,20.2
OITEM000693,ORD001040,PROD0066,1,812.28,37.8
OITEM000694,ORD001040,PROD0135,1,3019.6,14.5
OITEM000695,ORD002434,PROD0173,2,162.12,24.2
OITEM000696,ORD002434,PROD0121,2,3275.99,28.2
OITEM000697,ORD003067,PROD0132,4,213.1,11.2
OITEM000698,ORD003067,PROD0119,1,1800.07,39.0
OITEM000699,ORD003067,PROD0037,1,21394.53,44.5
OITEM000700,ORD002834,PROD0150,1,17693.06,12.1
OITEM000701,ORD000978,PROD0125,1,2808.28,10.1
OITEM000702,ORD000739,PROD0134,1,695.68,30.2
OITEM000703,ORD000696,PROD0171,2,39.81,46.7
OITEM000704,ORD001609,PROD0165,1,209.52,33.3
OITEM000705,ORD001609,PROD0119,1,1743.2,26.1
OITEM000706,ORD001609,PROD0066,2,771.66,46.5
OITEM000707,ORD003030,PROD0128,1,1077.39,45.3
OITEM000708,ORD003030,PROD0119,1,1756.87,38.8
OITEM000709,ORD002056,PROD0068,1,3368.67,12.8
OITEM000710,ORD001528,PROD0122,1,2063.65,44.4
OITEM000711,ORD002550,PROD0066,2,765.13,23.9
OITEM000712,ORD000642,PROD0135,4,2984.2,18.5
OITEM000713,ORD000642,PROD0118,2,558.36,32.5
OITEM000714,ORD001337,PROD0068,1,3524.07,13.0
OITEM000715,ORD001092,PROD0135,1,3063.65,16.3
OITEM000716,ORD001092,PROD0108,3,15336.94,6.6
OITEM000717,ORD001092,PROD0128,1,1130.9,21.2
OITEM000718,ORD001740,PROD0047,4,3118.79,23.6
OITEM000719,ORD002572,PROD0164,1,9566.51,36.3
OITEM000720,ORD002572,PROD0107,3,2519.99,42.1
OITEM000721,ORD002572,PROD0128,1,1050.33,26.7
OITEM000722,ORD002572,PROD0087,1,13075.23,31.7
OITEM000723,ORD002498,PROD0024,1,20737.87,40.7
OITEM000724,ORD001720,PROD0084,2,2158.79,47.0
OITEM000725,ORD001720,PROD0112,2,6089.04,6.1
OITEM000726,ORD001720,PROD0035,1,23523.81,20.9
OITEM000727,ORD001720,PROD0118,1,547.85,23.8
OITEM000728,ORD000679,PROD0122,1,2079.99,13.7
OITEM000729,ORD001558,PROD0166,1,110.24,11.7
OITEM000730,ORD000576,PROD0064,3,601.58,8.8
OITEM000731,ORD000015,PROD0051,1,5241.3,20.0
OITEM000732,ORD000015,PROD0081,3,5041.06,33.1
OITEM000733,ORD001460,PROD0050,1,4587.9,23.0
OITEM000734,ORD001460,PROD0066,3,794.52,20.3
OITEM000735,ORD002133,PROD0119,2,1831.96,44.7
OITEM000736,ORD001800,PROD0024,1,22823.81,33.0
OITEM000737,ORD002231,PROD0118,3,580.79,29.9
OITEM000738,ORD002231,PROD0048,1,613.88,8.8
OITEM000739,ORD001956,PROD0066,3,828.79,34.7
OITEM000740,ORD001521,PROD0046,1,2525.34,27.2
OITEM000741,ORD001521,PROD0192,3,917.34,5.5
OITEM000742,ORD001299,PROD0064,2,597.01,30.8
OITEM000743,ORD001299,PROD0016,3,31861.58,45.1
OITEM000744,ORD001299,PROD0166,5,110.04,49.8
OITEM000745,ORD002456,PROD0166,1,109.46,32.6
OITEM000746,ORD001901,PROD0112,1,6513.07,24.2
OITEM000747,ORD002680,PROD0086,3,9095.52,25.3
OITEM000748,ORD002680,PROD0068,1,3647.68,20.2
OITEM000749,ORD002680,PROD0088,2,4879.67,30.1
OITEM000750,ORD002680,PROD0113,1,7618.48,17.8
OITEM000751,ORD002988,PROD0128,2,1026.73,16.9
OITEM000752,ORD001833,PROD0116,3,11809.15,8.8
OITEM000753,ORD000705,PROD0166,1,110.73,23.9
OITEM000754,ORD002083,PROD0190,5,4978.87,5.2
OITEM000755,ORD002083,PROD0166,3,104.29,14.0
OITEM000756,ORD000856,PROD0056,2,5271.49,33.1
OITEM000757,ORD000262,PROD0112,3,6547.82,19.5
OITEM000758,ORD000785,PROD0131,1,3040.8,28.0
OITEM000759,ORD000785,PROD0024,4,20935.88,20.5
OITEM000760,ORD000785,PROD0012,4,27737.55,5.3
OITEM000761,ORD000785,PROD0046,1,2548.13,45.9
OITEM000762,ORD000770,PROD0024,4,21569.31,36.2
OITEM000763,ORD000770,PROD0031,1,5542.4,6.9
OITEM000764,ORD001167,PROD0004,5,29298.41,12.2
OITEM000765,ORD001167,PROD0179,2,919.64,33.7
OITEM000766,ORD001167,PROD0068,1,3620.08,48.2
OITEM000767,ORD001167,PROD0130,3,3842.65,29.3
OITEM000768,ORD002201,PROD0192,3,891.53,47.9
OITEM000769,ORD001407,PROD0118,1,540.29,13.4
OITEM000770,ORD001407,PROD0002,1,35582.75,21.2
OITEM000771,ORD002796,PROD0029,2,2320.62,29.2
OITEM000772,ORD000329,PROD0121,1,3352.65,33.9
OITEM000773,ORD001286,PROD0166,5,110.12,28.3
OITEM000774,ORD001286,PROD0084,1,2334.05,49.9
OITEM000775,ORD001286,PROD0121,1,3272.0,31.4
OITEM000776,ORD001286,PROD0047,1,2962.12,41.9
OITEM000777,ORD002405,PROD0150,1,17393.17,48.8
OITEM000778,ORD002996,PROD0119,2,1822.01,46.2
OITEM000779,ORD000876,PROD0079,1,5120.44,47.8
OITEM000780,ORD000876,PROD0166,3,110.83,34.4
OITEM000781,ORD002220,PROD0177,2,1229.79,15.2
OITEM000782,ORD002220,PROD0064,1,547.48,48.6
OITEM000783,ORD002220,PROD0046,1,2607.16,13.7
OITEM000784,ORD000882,PROD0046,4,2456.62,49.9
OITEM000785,ORD001371,PROD0024,1,21451.94,14.2
OITEM000786,ORD000766,PROD0048,2,631.44,33.6
OITEM000787,ORD001500,PROD0172,1,1049.73,5.6
OITEM000788,ORD000188,PROD0028,1,52040.59,8.3
OITEM000789,ORD000188,PROD0087,4,13005.02,5.2
OITEM000790,ORD002692,PROD0018,1,21287.9,0.6
OITEM000791,ORD002692,PROD0024,2,21106.66,17.6
OITEM000792,ORD001178,PROD0128,2,1044.44,10.3
OITEM000793,ORD001437,PROD0200,3,3615.19,1.7
OITEM000794,ORD001437,PROD0175,1,487.01,9.6
OITEM000795,ORD000688,PROD0031,4,5467.09,15.3
OITEM000796,ORD002800,PROD0135,1,2812.59,8.8
OITEM000797,ORD002800,PROD0063,1,2060.01,4.5
OITEM000798,ORD001369,PROD0172,1,966.58,14.8
OITEM000799,ORD000601,PROD0029,1,2322.78,4.7
OITEM000800,ORD000601,PROD0066,2,797.71,13.3
OITEM000801,ORD001772,PROD0075,1,2405.12,18.4
OITEM000802,ORD003006,PROD0084,1,2231.74,1.1
OITEM000803,ORD003006,PROD0066,1,762.03,12.6
OITEM000804,ORD001599,PROD0054,3,4752.85,9.1
OITEM000805,ORD001599,PROD0174,2,391.61,14.0
OITEM000806,ORD001599,PROD0183,5,1002.2,12.7
OITEM000807,ORD000728,PROD0047,1,2880.36,13.9
OITEM000808,ORD000956,PROD0112,1,6493.89,21.4
OITEM000809,ORD000956,PROD0172,1,1020.21,4.7
OITEM000810,ORD000956,PROD0121,1,3384.73,11.6
OITEM000811,ORD003174,PROD0127,1,1541.11,10.7
OITEM000812,ORD003085,PROD0141,2,563.66,2.7
OITEM000813,ORD003085,PROD0168,1,666.14,10.8
OITEM000814,ORD003085,PROD0088,1,4961.09,16.9
OITEM000815,ORD003085,PROD0054,1,4740.85,17.3
OITEM000816,ORD000975,PROD0183,2,987.87,16.9
OITEM000817,ORD000975,PROD0054,1,4469.82,14.5
OITEM000818,ORD000975,PROD0030,2,4740.75,11.0
OITEM000819,ORD000975,PROD0035,1,23436.01,5.3
OITEM000820,ORD002092,PROD0029,1,2394.67,4.7
OITEM000821,ORD000325,PROD0066,2,810.02,24.0
OITEM000822,ORD000325,PROD0128,2,1027.07,24.0
OITEM000823,ORD001103,PROD0046,2,2583.21,7.9
OITEM000824,ORD001103,PROD0066,2,795.95,10.5
OITEM000825,ORD001103,PROD0047,3,3137.71,1.6
OITEM000826,ORD002675,PROD0054,3,4751.93,10.1
OITEM000827,ORD002675,PROD0118,1,554.53,13.3
OITEM000828,ORD001507,PROD0118,1,538.1,5.5
OITEM000829,ORD001934,PROD0133,1,3134.28,20.9
OITEM000830,ORD001934,PROD0066,2,802.0,13.5
OITEM000831,ORD001934,PROD0028,4,53823.88,12.8
OITEM000832,ORD001934,PROD0113,1,7817.09,4.7
OITEM000833,ORD002833,PROD0112,1,6090.27,22.2
OITEM000834,ORD002833,PROD0031,2,5381.37,8.5
OITEM000835,ORD000546,PROD0095,1,6680.61,7.4
OITEM000836,ORD000546,PROD0124,5,1861.0,4.6
OITEM000837,ORD000012,PROD0112,1,6508.14,18.6
OITEM000838,ORD002421,PROD0066,1,819.21,7.7
OITEM000839,ORD002421,PROD0076,2,585.69,10.9
OITEM000840,ORD002421,PROD0068,1,3549.56,10.8
OITEM000841,ORD001570,PROD0170,2,126.52,0.5
OITEM000842,ORD001570,PROD0063,1,2162.18,24.9
OITEM000843,ORD001613,PROD0066,1,781.42,8.0
OITEM000844,ORD001613,PROD0063,1,2140.3,21.1
OITEM000845,ORD001613,PROD0072,1,591.15,21.3
OITEM000846,ORD002454,PROD0004,1,28288.31,14.2
OITEM000847,ORD000676,PROD0190,1,4848.05,18.3
OITEM000848,ORD000676,PROD0121,1,3224.0,7.7
OITEM000849,ORD000676,PROD0135,1,2978.22,15.7
OITEM000850,ORD001830,PROD0024,1,21453.31,22.2
OITEM000851,ORD001019,PROD0047,1,3045.19,1.1
OITEM000852,ORD001134,PROD0195,1,7546.76,11.8
OITEM000853,ORD000367,PROD0066,3,804.64,4.6
OITEM000854,ORD002003,PROD0031,4,5153.86,11.5
OITEM000855,ORD002003,PROD0050,4,4200.96,22.0
OITEM000856,ORD002003,PROD0014,4,4084.77,5.5
OITEM000857,ORD002763,PROD0128,3,1062.13,6.6
OITEM000858,ORD002763,PROD0166,1,107.58,23.4
OITEM000859,ORD002763,PROD0150,1,17398.12,9.8
OITEM000860,ORD002715,PROD0066,2,783.16,22.8
OITEM000861,ORD002715,PROD0139,1,1605.06,22.2
OITEM000862,ORD002715,PROD0166,2,108.23,20.8
OITEM000863,ORD002715,PROD0087,3,12546.52,14.9
OITEM000864,ORD000812,PROD0047,1,2884.74,24.8
OITEM000865,ORD000812,PROD0084,5,2189.17,4.6
OITEM000866,ORD000812,PROD0165,2,212.61,16.4
OITEM000867,ORD002652,PROD0116,1,11832.28,3.9
OITEM000868,ORD002652,PROD0166,1,110.51,8.3
OITEM000869,ORD002021,PROD0011,1,16120.04,21.6
OITEM000870,ORD002021,PROD0028,1,52623.27,15.4
OITEM000871,ORD000561,PROD0140,1,389.65,17.1
OITEM000872,ORD000945,PROD0087,1,13411.2,6.6
OITEM000873,ORD001780,PROD0132,4,203.61,2.4
OITEM000874,ORD000285,PROD0131,2,2891.59,4.1
OITEM000875,ORD000103,PROD0031,2,5575.74,19.9
OITEM000876,ORD001634,PROD0119,4,1801.28,18.7
OITEM000877,ORD003154,PROD0020,4,19490.17,6.4
OITEM000878,ORD003154,PROD0118,1,553.3,6.1
OITEM000879,ORD001983,PROD0166,3,110.1,20.8
OITEM000880,ORD000229,PROD0118,4,542.74,10.1
OITEM000881,ORD001355,PROD0066,1,789.7,9.4
OITEM000882,ORD002290,PROD0165,1,223.66,22.2
OITEM000883,ORD002290,PROD0066,2,770.56,14.6
OITEM000884,ORD002290,PROD0099,3,991.68,2.5
OITEM000885,ORD002573,PROD0116,1,12532.78,20.1
OITEM000886,ORD001875,PROD0047,1,3108.91,12.9
OITEM000887,ORD001484,PROD0068,2,3571.18,10.1
OITEM000888,ORD001910,PROD0052,4,2763.81,21.3
OITEM000889,ORD002771,PROD0011,1,16511.88,13.4
OITEM000890,ORD001190,PROD0066,1,806.47,3.3
OITEM000891,ORD001190,PROD0108,2,14820.09,7.4
OITEM000892,ORD001190,PROD0190,4,4816.47,4.2
OITEM000893,ORD000172,PROD0056,1,5170.02,23.0
OITEM000894,ORD000167,PROD0095,1,6815.53,23.5
OITEM000895,ORD000167,PROD0081,1,5030.06,11.8
OITEM000896,ORD000167,PROD0118,1,565.87,3.7
OITEM000897,ORD000149,PROD0128,1,1049.39,13.9
OITEM000898,ORD000470,PROD0066,1,812.38,10.6
OITEM000899,ORD000470,PROD0031,1,5088.09,12.1
OITEM000900,ORD000470,PROD0111,3,3548.15,15.1
OITEM000901,ORD001529,PROD0081,3,4954.11,25.0
OITEM000902,ORD001529,PROD0112,1,6080.12,3.6
OITEM000903,ORD000680,PROD0125,1,2864.56,15.3
OITEM000904,ORD000680,PROD0166,1,111.52,11.9
OITEM000905,ORD000050,PROD0118,2,572.73,16.1
OITEM000906,ORD000050,PROD0121,2,3252.69,11.2
OITEM000907,ORD002461,PROD0001,2,21600.76,24.3
OITEM000908,ORD003128,PROD0076,1,558.21,19.3
OITEM000909,ORD000519,PROD0119,1,1836.03,21.9
OITEM000910,ORD002053,PROD0064,3,598.86,4.1
OITEM000911,ORD001434,PROD0028,5,50516.59,14.0
OITEM000912,ORD002178,PROD0166,1,108.95,23.5
OITEM000913,ORD000723,PROD0166,2,105.95,24.6
OITEM000914,ORD000723,PROD0112,3,6148.87,12.3
OITEM000915,ORD000723,PROD0144,2,1069.73,4.2
OITEM000916,ORD001685,PROD0026,1,37560.48,3.2
OITEM000917,ORD001685,PROD0178,2,1319.34,18.5
OITEM000918,ORD002842,PROD0102,1,11500.63,24.4
OITEM000919,ORD002842,PROD0031,1,5504.43,3.8
OITEM000920,ORD000928,PROD0031,3,5376.29,7.9
OITEM000921,ORD000928,PROD0047,1,2904.57,18.7
OITEM000922,ORD000928,PROD0050,1,4264.12,23.7
OITEM000923,ORD002301,PROD0197,1,7675.34,23.9
OITEM000924,ORD002301,PROD0153,2,13756.43,4.6
OITEM000925,ORD002301,PROD0047,3,3154.53,4.1
OITEM000926,ORD002301,PROD0050,1,4549.0,2.0
OITEM000927,ORD000433,PROD0121,5,3187.47,17.0
OITEM000928,ORD000433,PROD0029,1,2487.86,2.0
OITEM000929,ORD003104,PROD0062,1,1226.59,14.4
OITEM000930,ORD002376,PROD0161,1,15249.29,0.3
OITEM000931,ORD001279,PROD0024,1,22457.7,2.2
OITEM000932,ORD001279,PROD0192,2,892.44,4.8
OITEM000933,ORD002921,PROD0156,3,17768.6,23.4
OITEM000934,ORD002921,PROD0135,2,2918.75,19.8
OITEM000935,ORD000984,PROD0200,1,3748.65,6.6
OITEM000936,ORD000984,PROD0004,2,27179.39,2.1
OITEM000937,ORD001158,PROD0128,2,1052.03,19.1
OITEM000938,ORD001158,PROD0063,3,2194.29,24.1
OITEM000939,ORD001031,PROD0172,1,1042.22,24.1
OITEM000940,ORD001031,PROD0154,3,11565.61,3.2
OITEM000941,ORD000316,PROD0064,1,564.05,20.1
OITEM000942,ORD001348,PROD0066,2,767.01,6.4
OITEM000943,ORD003151,PROD0111,1,3676.52,4.4
OITEM000944,ORD001414,PROD0191,2,4182.73,6.0
OITEM000945,ORD002267,PROD0024,1,21755.3,3.4
OITEM000946,ORD002267,PROD0011,5,16122.68,9.9
OITEM000947,ORD001578,PROD0183,2,964.78,3.2
OITEM000948,ORD001578,PROD0165,1,215.86,4.0
OITEM000949,ORD001131,PROD0031,1,5452.26,13.3
OITEM000950,ORD001543,PROD0034,5,20081.85,2.4
OITEM000951,ORD000289,PROD0166,3,104.78,13.1
OITEM000952,ORD002712,PROD0066,1,776.74,22.1
OITEM000953,ORD001202,PROD0128,2,1052.49,11.5
OITEM000954,ORD001202,PROD0150,1,18271.38,16.1
OITEM000955,ORD002351,PROD0078,2,4750.49,23.8
OITEM000956,ORD002351,PROD0024,1,21792.12,16.4
OITEM000957,ORD002351,PROD0113,1,7655.85,23.0
OITEM000958,ORD001593,PROD0004,2,28466.18,21.0
OITEM000959,ORD001593,PROD0048,4,601.81,13.8
OITEM000960,ORD000514,PROD0119,1,1885.65,6.4
OITEM000961,ORD000514,PROD0031,2,5513.54,21.0
OITEM000962,ORD002655,PROD0068,3,3371.48,5.8
OITEM000963,ORD002655,PROD0173,1,173.44,14.5
OITEM000964,ORD000738,PROD0102,4,11702.59,11.2
OITEM000965,ORD000738,PROD0135,1,2850.27,6.2
OITEM000966,ORD000738,PROD0150,2,17135.48,4.6
OITEM000967,ORD002742,PROD0013,2,2710.74,9.0
OITEM000968,ORD000183,PROD0024,2,21132.74,19.1
OITEM000969,ORD000183,PROD0192,3,878.02,3.8
OITEM000970,ORD000183,PROD0119,1,1762.33,5.3
OITEM000971,ORD000806,PROD0172,1,960.35,13.3
OITEM000972,ORD001508,PROD0200,5,3912.96,17.7
OITEM000973,ORD001508,PROD0135,1,2822.76,16.2
OITEM000974,ORD001508,PROD0190,1,4983.06,14.4
OITEM000975,ORD003036,PROD0011,2,16507.42,13.0
OITEM000976,ORD003036,PROD0135,1,2859.45,19.1
OITEM000977,ORD003036,PROD0132,3,214.33,4.9
OITEM000978,ORD003036,PROD0183,1,977.96,0.2
OITEM000979,ORD000448,PROD0031,1,5529.09,7.1
OITEM000980,ORD002750,PROD0070,1,2798.66,14.8
OITEM000981,ORD002750,PROD0004,1,27086.63,21.6
OITEM000982,ORD002750,PROD0064,4,571.69,12.4
OITEM000983,ORD002750,PROD0031,2,5291.8,1.8
OITEM000984,ORD001620,PROD0121,3,3242.04,22.9
OITEM000985,ORD002171,PROD0119,5,1802.32,20.8
OITEM000986,ORD000389,PROD0063,1,2208.63,24.1
OITEM000987,ORD000389,PROD0136,3,2921.03,6.9
OITEM000988,ORD000389,PROD0048,1,605.4,14.6
OITEM000989,ORD001421,PROD0122,1,1899.68,2.5
OITEM000990,ORD000362,PROD0156,1,17915.51,14.4
OITEM000991,ORD001349,PROD0065,1,3688.53,0.6
OITEM000992,ORD001349,PROD0081,2,5012.46,1.8
OITEM000993,ORD002184,PROD0066,1,759.35,22.8
OITEM000994,ORD002825,PROD0121,2,3208.76,14.7
OITEM000995,ORD000349,PROD0166,3,109.37,10.2
OITEM000996,ORD000748,PROD0136,3,3104.54,24.1
OITEM000997,ORD000748,PROD0185,3,7586.85,5.3
OITEM000998,ORD000748,PROD0112,1,6308.77,8.7
OITEM000999,ORD000748,PROD0102,1,11925.36,15.8
OITEM001000,ORD002794,PROD0031,1,5379.55,20.0
OITEM001001,ORD002794,PROD0066,1,830.25,4.7
OITEM001002,ORD000084,PROD0135,1,2805.12,23.9
OITEM001003,ORD000084,PROD0064,1,569.79,24.2
OITEM001004,ORD000950,PROD0132,2,215.96,22.4
OITEM001005,ORD000950,PROD0119,2,1838.12,7.3
OITEM001006,ORD000168,PROD0141,2,557.11,6.2
OITEM001007,ORD002687,PROD0031,1,5178.51,7.1
OITEM001008,ORD002687,PROD0165,1,211.79,1.6
OITEM001009,ORD002687,PROD0119,1,1889.77,16.6
OITEM001010,ORD000969,PROD0121,2,3199.61,18.2
OITEM001011,ORD002547,PROD0031,1,5228.26,10.4
OITEM001012,ORD002547,PROD0122,1,1983.1,17.6
OITEM001013,ORD002772,PROD0066,2,757.98,14.2
OITEM001014,ORD000838,PROD0131,1,2984.17,12.8
OITEM001015,ORD001265,PROD0124,1,1825.88,16.0
OITEM001016,ORD001265,PROD0065,1,3816.92,4.2
OITEM001017,ORD001030,PROD0165,3,217.9,0.4
OITEM001018,ORD001030,PROD0166,1,105.16,17.8
OITEM001019,ORD003112,PROD0112,1,6263.01,21.8
OITEM001020,ORD000483,PROD0067,1,2191.13,16.8
OITEM001021,ORD000356,PROD0173,1,169.05,6.4
OITEM001022,ORD000356,PROD0166,1,105.02,21.9
OITEM001023,ORD000356,PROD0066,2,780.7,10.8
OITEM001024,ORD001779,PROD0190,1,5122.99,1.5
OITEM001025,ORD001779,PROD0066,3,791.97,2.5
OITEM001026,ORD001165,PROD0040,2,2940.87,14.1
OITEM001027,ORD001099,PROD0166,3,112.87,16.1
OITEM001028,ORD001099,PROD0135,3,2934.22,23.2
OITEM001029,ORD001340,PROD0022,1,41053.44,21.8
OITEM001030,ORD000734,PROD0031,1,5121.59,6.2
OITEM001031,ORD002710,PROD0131,1,2955.67,13.0
OITEM001032,ORD002710,PROD0194,1,9208.39,0.2
OITEM001033,ORD002282,PROD0029,2,2335.01,5.1
OITEM001034,ORD001989,PROD0173,1,163.78,4.4
OITEM001035,ORD001989,PROD0192,3,911.35,21.3
OITEM001036,ORD001989,PROD0176,2,1207.15,2.4
OITEM001037,ORD000863,PROD0135,5,2924.6,2.4
OITEM001038,ORD002805,PROD0105,1,12540.6,23.7
OITEM001039,ORD002805,PROD0165,1,208.09,10.8
OITEM001040,ORD002805,PROD0158,1,11881.41,20.7
OITEM001041,ORD002614,PROD0050,3,4193.55,7.6
OITEM001042,ORD002614,PROD0179,1,949.93,4.3
OITEM001043,ORD002146,PROD0047,1,2940.69,12.2
OITEM001044,ORD000111,PROD0119,2,1836.31,11.2
OITEM001045,ORD000111,PROD0166,1,111.53,21.5
OITEM001046,ORD000111,PROD0121,1,3336.47,19.2
OITEM001047,ORD001768,PROD0050,3,4195.46,18.9
OITEM001048,ORD001327,PROD0002,2,35220.32,2.1
OITEM001049,ORD001327,PROD0112,1,6080.02,16.3
OITEM001050,ORD001327,PROD0131,1,2867.77,5.1
OITEM001051,ORD003164,PROD0052,2,2746.95,11.0
OITEM001052,ORD000655,PROD0132,1,213.96,3.7
OITEM001053,ORD000655,PROD0031,2,5090.42,14.6
OITEM001054,ORD000655,PROD0021,3,48130.23,10.3
OITEM001055,ORD000427,PROD0066,1,765.26,3.3
OITEM001056,ORD001671,PROD0059,5,3654.34,14.5
OITEM001057,ORD002520,PROD0068,4,3409.28,24.7
OITEM001058,ORD002520,PROD0095,1,6676.65,10.6
OITEM001059,ORD002520,PROD0066,1,767.95,3.2
OITEM001060,ORD002520,PROD0047,1,3017.25,8.8
OITEM001061,ORD000931,PROD0085,1,2890.39,21.9
OITEM001062,ORD001320,PROD0180,1,578.88,11.6
OITEM001063,ORD001320,PROD0145,2,10789.65,24.1
OITEM001064,ORD001320,PROD0124,3,1946.88,17.7
OITEM001065,ORD002569,PROD0114,3,15031.17,16.8
OITEM001066,ORD002569,PROD0173,1,164.32,23.4
OITEM001067,ORD002274,PROD0066,3,818.95,20.4
OITEM001068,ORD002274,PROD0035,1,24165.97,7.6
OITEM001069,ORD001227,PROD0165,2,206.71,12.6
OITEM001070,ORD002043,PROD0173,1,172.18,1.0
OITEM001071,ORD002043,PROD0011,1,15714.72,19.7
OITEM001072,ORD001046,PROD0011,3,16004.1,10.9
OITEM001073,ORD001046,PROD0017,3,17813.39,15.3
OITEM001074,ORD001155,PROD0119,2,1825.31,15.5
OITEM001075,ORD001995,PROD0047,1,2909.05,19.2
OITEM001076,ORD001995,PROD0180,1,570.52,13.7
OITEM001077,ORD001995,PROD0116,5,11654.01,22.4
OITEM001078,ORD001995,PROD0128,3,1027.03,23.0
OITEM001079,ORD001928,PROD0132,2,204.98,8.5
OITEM001080,ORD001728,PROD0084,3,2159.0,8.7
OITEM001081,ORD000163,PROD0167,1,433.56,23.9
OITEM001082,ORD001979,PROD0046,1,2524.66,4.9
OITEM001083,ORD001979,PROD0102,2,10991.31,19.3
OITEM001084,ORD001979,PROD0190,3,5295.83,6.1
OITEM001085,ORD003131,PROD0193,1,4969.86,22.6
OITEM001086,ORD002196,PROD0050,1,4602.6,21.6
OITEM001087,ORD002196,PROD0166,1,108.26,22.9
OITEM001088,ORD001665,PROD0063,1,2011.82,1.8
OITEM001089,ORD001665,PROD0050,1,4344.63,20.9
OITEM001090,ORD001665,PROD0025,1,23093.69,21.8
OITEM001091,ORD001665,PROD0119,1,1846.57,1.8
OITEM001092,ORD002409,PROD0075,1,2312.93,11.3
OITEM001093,ORD002409,PROD0135,4,3019.83,1.2
OITEM001094,ORD001065,PROD0011,1,16435.53,23.3
OITEM001095,ORD001065,PROD0099,4,999.34,18.9
OITEM001096,ORD000224,PROD0052,1,2746.68,12.4
OITEM001097,ORD001560,PROD0183,4,995.97,21.9
OITEM001098,ORD001560,PROD0087,1,12572.77,8.7
OITEM001099,ORD002190,PROD0068,1,3650.82,13.1
OITEM001100,ORD000348,PROD0024,1,22066.93,21.7
OITEM001101,ORD000348,PROD0111,1,3558.62,15.0
OITEM001102,ORD000348,PROD0136,1,2931.42,10.4
OITEM001103,ORD000348,PROD0037,1,20624.29,15.0
OITEM001104,ORD000303,PROD0121,2,3125.01,21.3
OITEM001105,ORD000303,PROD0066,1,773.55,12.5
OITEM001106,ORD001033,PROD0124,1,1935.87,11.7
OITEM001107,ORD001033,PROD0018,1,21872.09,3.7
OITEM001108,ORD001905,PROD0166,1,114.29,21.3
OITEM001109,ORD001905,PROD0136,1,2979.41,24.6
OITEM001110,ORD001905,PROD0082,1,2110.32,5.5
OITEM001111,ORD001905,PROD0047,1,3024.96,11.6
OITEM001112,ORD002357,PROD0139,5,1542.46,4.5
OITEM001113,ORD000964,PROD0028,3,54172.24,13.9
OITEM001114,ORD000964,PROD0133,3,3221.82,23.4
OITEM001115,ORD003153,PROD0078,1,4626.52,19.2
OITEM001116,ORD003153,PROD0197,3,8075.24,15.8
OITEM001117,ORD003153,PROD0040,2,2869.12,9.8
OITEM001118,ORD003153,PROD0063,2,2186.86,17.4
OITEM001119,ORD001239,PROD0166,3,108.16,12.3
OITEM001120,ORD001239,PROD0063,1,2196.99,9.2
OITEM001121,ORD000835,PROD0097,2,9012.37,3.0
OITEM001122,ORD000835,PROD0113,3,8274.29,4.8
OITEM001123,ORD000835,PROD0066,2,808.2,4.6
OITEM001124,ORD001708,PROD0081,2,5296.21,13.3
OITEM001125,ORD000079,PROD0135,1,3031.15,22.0
OITEM001126,ORD000079,PROD0119,3,1822.9,13.7
OITEM001127,ORD001974,PROD0116,2,11997.77,11.9
OITEM001128,ORD000121,PROD0128,3,1115.55,8.3
OITEM001129,ORD000121,PROD0050,1,4401.83,13.5
OITEM001130,ORD000121,PROD0193,2,4871.6,16.2
OITEM001131,ORD000939,PROD0112,1,6516.07,19.8
OITEM001132,ORD001946,PROD0013,2,2541.24,10.1
OITEM001133,ORD001805,PROD0114,3,13990.56,4.2
OITEM001134,ORD001805,PROD0007,2,4357.38,23.9
OITEM001135,ORD001805,PROD0132,3,203.52,4.8
OITEM001136,ORD003040,PROD0122,1,1922.86,5.1
OITEM001137,ORD003040,PROD0047,5,3074.07,0.3
OITEM001138,ORD003040,PROD0066,2,796.06,22.9
OITEM001139,ORD002620,PROD0116,1,11873.55,10.2
OITEM001140,ORD002620,PROD0102,2,10920.73,7.7
OITEM001141,ORD002465,PROD0031,1,5556.79,8.6
OITEM001142,ORD002465,PROD0173,1,169.5,8.9
OITEM001143,ORD003126,PROD0172,2,1037.99,13.0
OITEM001144,ORD000724,PROD0173,1,170.56,0.5
OITEM001145,ORD000724,PROD0190,3,4837.0,21.7
OITEM001146,ORD000724,PROD0031,3,5269.58,14.8
OITEM001147,ORD000724,PROD0041,1,5509.9,2.8
OITEM001148,ORD000568,PROD0095,1,7030.62,24.8
OITEM001149,ORD000231,PROD0047,1,3038.55,11.0
OITEM001150,ORD000105,PROD0113,2,7593.29,22.1
OITEM001151,ORD000105,PROD0119,1,1715.21,23.2
OITEM001152,ORD000105,PROD0132,1,203.14,24.5
OITEM001153,ORD002789,PROD0024,3,22607.92,11.8
OITEM001154,ORD002951,PROD0165,1,210.54,12.0
OITEM001155,ORD002951,PROD0133,3,3342.55,23.9
OITEM001156,ORD001105,PROD0119,1,1845.41,2.2
OITEM001157,ORD001105,PROD0093,1,2591.51,9.1
OITEM001158,ORD001105,PROD0138,2,1762.12,5.3
OITEM001159,ORD001702,PROD0065,5,3764.55,20.2
OITEM001160,ORD001702,PROD0047,1,3163.87,1.8
OITEM001161,ORD001702,PROD0080,1,5233.95,20.7
OITEM001162,ORD002993,PROD0190,1,5051.39,6.0
OITEM001163,ORD002993,PROD0063,1,2133.73,11.2
OITEM001164,ORD001150,PROD0004,1,28016.83,0.0
OITEM001165,ORD001007,PROD0064,1,569.91,12.7
OITEM001166,ORD001449,PROD0121,1,3230.7,20.3
OITEM001167,ORD001449,PROD0150,2,17641.03,10.9
OITEM001168,ORD002583,PROD0135,1,2850.78,5.6
OITEM001169,ORD000892,PROD0052,3,2798.1,19.7
OITEM001170,ORD001015,PROD0196,1,9578.7,20.9
OITEM001171,ORD000089,PROD0135,3,2937.26,12.6
OITEM001172,ORD000089,PROD0047,2,3086.02,21.1
OITEM001173,ORD001336,PROD0119,2,1734.29,18.3
OITEM001174,ORD001117,PROD0128,1,1069.49,10.5
OITEM001175,ORD001933,PROD0084,2,2212.44,19.4
OITEM001176,ORD000006,PROD0008,1,17229.19,20.5
OITEM001177,ORD000006,PROD0173,2,162.58,11.7
OITEM001178,ORD001645,PROD0166,1,108.77,23.7
OITEM001179,ORD003184,PROD0128,1,1110.05,1.7
OITEM001180,ORD003184,PROD0099,1,990.15,0.2
OITEM001181,ORD003184,PROD0028,1,51221.52,4.0
OITEM001182,ORD001104,PROD0048,3,627.82,11.3
OITEM001183,ORD001603,PROD0011,1,15442.12,18.5
OITEM001184,ORD001603,PROD0024,1,22052.68,3.0
OITEM001185,ORD000681,PROD0068,4,3619.82,23.0
OITEM001186,ORD000681,PROD0133,1,3238.07,6.6
OITEM001187,ORD000681,PROD0112,1,6553.84,3.2
OITEM001188,ORD001993,PROD0031,2,5347.23,8.4
OITEM001189,ORD002277,PROD0176,3,1248.47,9.2
OITEM001190,ORD000773,PROD0111,1,3485.23,3.4
OITEM001191,ORD000773,PROD0048,1,645.2,11.0
OITEM001192,ORD000324,PROD0066,3,765.07,8.3
OITEM001193,ORD000324,PROD0119,2,1818.65,22.2
OITEM001194,ORD002198,PROD0119,3,1850.62,2.6
OITEM001195,ORD002198,PROD0075,3,2298.87,10.8
OITEM001196,ORD002198,PROD0112,1,6174.79,15.1
OITEM001197,ORD001444,PROD0112,1,6317.09,5.1
OITEM001198,ORD001444,PROD0050,2,4471.88,6.5
OITEM001199,ORD001444,PROD0042,5,5150.31,9.4
OITEM001200,ORD001444,PROD0018,1,21730.47,19.8
OITEM001201,ORD001951,PROD0128,2,1126.07,5.9
OITEM001202,ORD001951,PROD0166,2,108.35,16.3
OITEM001203,ORD001595,PROD0021,1,46735.27,12.5
OITEM001204,ORD003110,PROD0119,1,1745.53,6.4
OITEM001205,ORD003110,PROD0026,1,38610.29,5.1
OITEM001206,ORD002839,PROD0047,1,3177.22,21.7
OITEM001207,ORD002419,PROD0112,1,6398.47,20.8
OITEM001208,ORD002419,PROD0131,3,2849.3,2.5
OITEM001209,ORD002419,PROD0047,1,3145.95,16.4
OITEM001210,ORD000276,PROD0068,1,3693.66,23.0
OITEM001211,ORD000276,PROD0121,3,3281.69,9.6
OITEM001212,ORD001432,PROD0166,1,109.84,4.0
OITEM001213,ORD001432,PROD0084,2,2270.04,14.6
OITEM001214,ORD001477,PROD0093,1,2449.58,21.8
OITEM001215,ORD002974,PROD0026,1,39294.85,16.8
OITEM001216,ORD002974,PROD0166,1,106.57,0.4
OITEM001217,ORD002974,PROD0102,1,11033.93,6.0
OITEM001218,ORD003117,PROD0128,2,1027.89,3.5
OITEM001219,ORD000422,PROD0173,1,174.84,1.1
OITEM001220,ORD000422,PROD0051,1,4971.41,9.8
OITEM001221,ORD000422,PROD0119,1,1832.81,9.6
OITEM001222,ORD000422,PROD0011,1,15223.08,2.5
OITEM001223,ORD001351,PROD0031,2,5199.39,11.4
OITEM001224,ORD001351,PROD0119,2,1784.19,12.3
OITEM001225,ORD001351,PROD0066,2,777.24,16.7
OITEM001226,ORD001242,PROD0098,1,3246.05,14.0
OITEM001227,ORD002887,PROD0166,1,110.37,19.1
OITEM001228,ORD002887,PROD0024,4,22356.54,0.2
OITEM001229,ORD002887,PROD0084,3,2174.91,16.8
OITEM001230,ORD002797,PROD0024,2,21853.04,4.8
OITEM001231,ORD002797,PROD0119,2,1761.34,11.7
OITEM001232,ORD002797,PROD0011,1,16392.37,6.7
OITEM001233,ORD000807,PROD0172,1,955.27,6.7
OITEM001234,ORD000807,PROD0011,2,16331.14,24.5
OITEM001235,ORD000807,PROD0136,1,3091.24,17.5
OITEM001236,ORD000807,PROD0031,2,5612.88,19.0
OITEM001237,ORD002513,PROD0031,1,5191.37,17.0
OITEM001238,ORD002513,PROD0131,2,2897.98,6.4
OITEM001239,ORD002513,PROD0166,1,107.64,13.2
OITEM001240,ORD002513,PROD0183,1,963.41,7.5
OITEM001241,ORD002785,PROD0020,2,18960.21,19.7
OITEM001242,ORD000444,PROD0031,1,5479.15,23.8
OITEM001243,ORD002147,PROD0066,1,794.7,2.9
OITEM001244,ORD002147,PROD0065,3,3560.44,12.8
OITEM001245,ORD003196,PROD0128,1,1070.46,5.4
OITEM001246,ORD001009,PROD0192,1,865.16,6.2
OITEM001247,ORD001009,PROD0024,3,21558.82,22.8
OITEM001248,ORD002145,PROD0116,1,12320.82,10.9
OITEM001249,ORD002619,PROD0111,3,3585.46,19.1
OITEM001250,ORD002914,PROD0028,1,53725.23,21.4
OITEM001251,ORD002591,PROD0114,3,14615.38,2.4
OITEM001252,ORD000215,PROD0080,4,5394.3,24.8
OITEM001253,ORD001237,PROD0002,3,37680.77,4.7
OITEM001254,ORD001237,PROD0020,4,19788.72,11.6
OITEM001255,ORD001237,PROD0035,1,22876.01,9.4
OITEM001256,ORD001237,PROD0066,1,798.98,0.4
OITEM001257,ORD001747,PROD0116,3,11776.72,6.5
OITEM001258,ORD001747,PROD0102,1,11774.3,0.8
OITEM001259,ORD001747,PROD0183,1,969.96,18.9
OITEM001260,ORD001747,PROD0040,4,2905.58,19.6
OITEM001261,ORD001243,PROD0150,2,18021.36,20.8
OITEM001262,ORD000242,PROD0098,1,3327.65,15.4
OITEM001263,ORD000242,PROD0121,1,3159.88,0.0
OITEM001264,ORD002373,PROD0068,1,3491.31,10.2
OITEM001265,ORD002373,PROD0135,1,2990.96,24.1
OITEM001266,ORD000179,PROD0166,2,112.11,22.3
OITEM001267,ORD000179,PROD0173,5,171.23,8.7
OITEM001268,ORD000179,PROD0095,2,7227.91,17.3
OITEM001269,ORD000179,PROD0116,3,11942.74,22.5
OITEM001270,ORD000363,PROD0120,5,3030.6,12.0
OITEM001271,ORD000585,PROD0073,1,5481.39,15.1
OITEM001272,ORD000819,PROD0166,1,105.76,4.3
OITEM001273,ORD000819,PROD0024,1,22561.55,5.8
OITEM001274,ORD000819,PROD0199,2,7844.79,19.6
OITEM001275,ORD000819,PROD0130,1,3883.36,22.3
OITEM001276,ORD000717,PROD0118,1,574.51,24.4
OITEM001277,ORD001463,PROD0024,2,22011.8,13.1
OITEM001278,ORD001463,PROD0174,1,422.78,6.7
OITEM001279,ORD002821,PROD0024,1,21591.47,0.1
OITEM001280,ORD002821,PROD0131,3,3038.42,9.9
OITEM001281,ORD000893,PROD0052,1,2640.63,16.1
OITEM001282,ORD000893,PROD0119,1,1877.56,19.1
OITEM001283,ORD002699,PROD0173,3,164.57,1.2
OITEM001284,ORD002699,PROD0078,1,4649.37,21.1
OITEM001285,ORD002983,PROD0166,1,108.93,10.0
OITEM001286,ORD001749,PROD0120,1,3118.6,1.0
OITEM001287,ORD002753,PROD0166,1,113.07,22.2
OITEM001288,ORD002753,PROD0132,1,202.5,21.1
OITEM001289,ORD000176,PROD0122,1,2075.79,20.6
OITEM001290,ORD000176,PROD0052,3,2718.12,23.0
OITEM001291,ORD000176,PROD0063,1,2099.35,20.1
OITEM001292,ORD000176,PROD0099,2,989.37,15.6
OITEM001293,ORD000463,PROD0166,4,106.13,6.3
OITEM001294,ORD003095,PROD0064,2,565.11,13.9
OITEM001295,ORD003095,PROD0066,1,823.18,17.3
OITEM001296,ORD003007,PROD0037,1,20894.68,8.1
OITEM001297,ORD003007,PROD0078,1,4914.75,17.7
OITEM001298,ORD002382,PROD0119,5,1822.92,14.9
OITEM001299,ORD002382,PROD0024,1,22313.93,1.5
OITEM001300,ORD002382,PROD0166,1,112.72,17.5
OITEM001301,ORD002382,PROD0063,3,2013.79,3.9
OITEM001302,ORD000022,PROD0119,1,1773.49,7.8
OITEM001303,ORD000022,PROD0095,1,6951.7,14.2
OITEM001304,ORD000535,PROD0196,1,9490.47,11.9
OITEM001305,ORD001759,PROD0006,3,19640.1,9.2
OITEM001306,ORD001759,PROD0128,3,1056.45,16.0
OITEM001307,ORD001759,PROD0118,2,588.9,18.5
OITEM001308,ORD002209,PROD0024,1,20884.04,2.1
OITEM001309,ORD002209,PROD0138,1,1780.62,23.8
OITEM001310,ORD002209,PROD0119,2,1745.08,5.3
OITEM001311,ORD002923,PROD0132,1,213.46,8.6
OITEM001312,ORD002923,PROD0158,1,11718.98,4.8
OITEM001313,ORD000721,PROD0081,1,5353.6,0.7
OITEM001314,ORD000721,PROD0075,3,2222.87,24.0
OITEM001315,ORD000990,PROD0068,3,3593.0,19.1
OITEM001316,ORD000990,PROD0175,1,460.27,4.7
OITEM001317,ORD002487,PROD0139,2,1626.82,11.6
OITEM001318,ORD000314,PROD0024,1,21549.26,15.2
OITEM001319,ORD001129,PROD0197,3,7693.83,13.4
OITEM001320,ORD001963,PROD0150,1,18142.35,12.9
OITEM001321,ORD001940,PROD0122,1,2078.47,6.6
OITEM001322,ORD000169,PROD0064,1,581.6,7.5
OITEM001323,ORD000169,PROD0121,2,3099.72,18.7
OITEM001324,ORD000169,PROD0116,2,12361.94,6.1
OITEM001325,ORD002838,PROD0154,1,11586.03,2.5
OITEM001326,ORD001943,PROD0066,4,816.98,22.4
OITEM001327,ORD001854,PROD0172,1,1032.53,6.7
OITEM001328,ORD001854,PROD0115,1,6736.76,8.0
OITEM001329,ORD001854,PROD0050,1,4234.51,21.8
OITEM001330,ORD002384,PROD0166,2,105.81,11.6
OITEM001331,ORD002384,PROD0047,3,3078.97,18.8
OITEM001332,ORD003167,PROD0078,1,4722.93,9.9
OITEM001333,ORD003167,PROD0048,1,590.69,16.4
OITEM001334,ORD003167,PROD0118,2,572.58,16.5
OITEM001335,ORD003167,PROD0031,1,5139.69,3.2
OITEM001336,ORD000020,PROD0135,2,3084.08,20.0
OITEM001337,ORD000020,PROD0048,1,600.11,19.6
OITEM001338,ORD000020,PROD0066,2,807.56,13.8
OITEM001339,ORD002848,PROD0133,3,3179.23,7.7
OITEM001340,ORD002848,PROD0063,2,2124.47,25.0
OITEM001341,ORD003152,PROD0085,3,2851.61,18.3
OITEM001342,ORD001878,PROD0066,3,822.65,2.7
OITEM001343,ORD001878,PROD0119,1,1789.28,24.4
OITEM001344,ORD000321,PROD0080,1,5237.95,20.9
OITEM001345,ORD000321,PROD0010,1,12549.11,10.7
OITEM001346,ORD000522,PROD0065,3,3793.5,4.9
OITEM001347,ORD000522,PROD0062,1,1215.09,5.9
OITEM001348,ORD000522,PROD0176,1,1248.57,18.2
OITEM001349,ORD000265,PROD0078,1,5057.93,9.4
OITEM001350,ORD000647,PROD0031,1,5340.48,17.4
OITEM001351,ORD002648,PROD0117,2,3203.54,17.1
OITEM001352,ORD002648,PROD0011,3,15347.48,22.8
OITEM001353,ORD002648,PROD0119,1,1858.61,14.7
OITEM001354,ORD002535,PROD0066,2,753.47,19.0
OITEM001355,ORD002535,PROD0161,4,16202.03,2.9
OITEM001356,ORD002535,PROD0004,4,27205.82,4.4
OITEM001357,ORD001479,PROD0116,1,11893.43,21.3
OITEM001358,ORD001479,PROD0026,2,39155.52,12.4
OITEM001359,ORD001524,PROD0031,1,5297.27,5.3
OITEM001360,ORD000055,PROD0084,2,2136.33,13.7
OITEM001361,ORD000916,PROD0176,3,1166.56,0.0
OITEM001362,ORD003145,PROD0005,1,5845.26,1.8
OITEM001363,ORD003145,PROD0135,1,3025.41,23.1
OITEM001364,ORD003145,PROD0068,1,3376.69,18.1
OITEM001365,ORD001525,PROD0050,3,4499.84,23.1
OITEM001366,ORD002036,PROD0112,1,6194.19,18.8
OITEM001367,ORD000386,PROD0085,2,2730.59,22.9
OITEM001368,ORD002557,PROD0102,1,11593.38,2.4
OITEM001369,ORD002557,PROD0139,1,1492.84,20.6
OITEM001370,ORD002812,PROD0074,3,604.81,16.6
OITEM001371,ORD001062,PROD0031,1,5087.17,7.3
OITEM001372,ORD001207,PROD0024,2,21127.54,15.4
OITEM001373,ORD001207,PROD0032,1,35287.02,9.3
OITEM001374,ORD000371,PROD0052,5,2886.47,16.2
OITEM001375,ORD002238,PROD0121,2,3116.09,6.3
OITEM001376,ORD002238,PROD0011,2,15654.84,10.9
OITEM001377,ORD002238,PROD0200,1,3708.86,8.5
OITEM001378,ORD000758,PROD0150,1,17160.33,9.2
OITEM001379,ORD000758,PROD0095,1,7261.03,3.1
OITEM001380,ORD000758,PROD0048,1,614.21,14.2
OITEM001381,ORD000758,PROD0155,1,11946.78,2.8
OITEM001382,ORD000974,PROD0161,1,16354.63,2.8
OITEM001383,ORD001778,PROD0119,1,1841.0,17.0
OITEM001384,ORD001824,PROD0174,1,396.5,21.7
OITEM001385,ORD001824,PROD0024,2,22462.06,2.1
OITEM001386,ORD002562,PROD0066,1,797.64,1.8
OITEM001387,ORD000919,PROD0066,3,763.3,14.1
OITEM001388,ORD000919,PROD0095,1,7275.89,23.5
OITEM001389,ORD001683,PROD0119,1,1777.98,14.7
OITEM001390,ORD001683,PROD0173,3,171.32,3.7
OITEM001391,ORD001683,PROD0066,1,788.39,16.6
OITEM001392,ORD000232,PROD0171,1,37.22,21.3
OITEM001393,ORD001017,PROD0009,5,18030.99,14.7
OITEM001394,ORD001017,PROD0112,2,6127.25,1.9
OITEM001395,ORD001230,PROD0173,1,164.68,16.3
OITEM001396,ORD001230,PROD0166,1,109.84,22.7
OITEM001397,ORD001230,PROD0066,1,766.49,1.8
OITEM001398,ORD002070,PROD0011,1,15830.29,4.5
OITEM001399,ORD003079,PROD0048,1,605.32,23.3
OITEM001400,ORD003079,PROD0128,1,1028.78,21.4
OITEM001401,ORD001246,PROD0064,3,586.43,1.0
OITEM001402,ORD001246,PROD0078,1,4618.09,5.8
OITEM001403,ORD002529,PROD0051,1,4897.32,23.3
OITEM001404,ORD002286,PROD0048,4,598.99,39.0
OITEM001405,ORD001319,PROD0031,2,5219.09,42.0
OITEM001406,ORD001319,PROD0166,3,112.51,46.8
OITEM001407,ORD001319,PROD0081,1,5056.76,5.7
OITEM001408,ORD001602,PROD0040,1,2827.34,19.7
OITEM001409,ORD001602,PROD0166,1,113.71,23.3
OITEM001410,ORD001602,PROD0066,1,755.67,12.8
OITEM001411,ORD003018,PROD0166,1,108.76,31.5
OITEM001412,ORD001317,PROD0063,1,2124.46,35.6
OITEM001413,ORD000740,PROD0136,1,2910.91,19.4
OITEM001414,ORD000740,PROD0179,3,916.79,39.2
OITEM001415,ORD002040,PROD0116,3,12221.9,30.8
OITEM001416,ORD002040,PROD0024,2,21311.35,21.3
OITEM001417,ORD002095,PROD0111,3,3700.49,5.2
OITEM001418,ORD002095,PROD0072,1,598.1,36.5
OITEM001419,ORD002433,PROD0099,2,952.84,44.2
OITEM001420,ORD002433,PROD0165,2,224.06,28.6
OITEM001421,ORD002433,PROD0047,5,2979.33,19.4
OITEM001422,ORD002489,PROD0116,5,12024.96,30.7
OITEM001423,ORD002489,PROD0119,1,1881.09,30.8
OITEM001424,ORD001549,PROD0135,1,2800.56,26.3
OITEM001425,ORD001549,PROD0171,5,36.45,15.0
OITEM001426,ORD001219,PROD0024,1,21561.55,20.1
OITEM001427,ORD001219,PROD0114,5,14399.93,14.4
OITEM001428,ORD001832,PROD0195,5,7795.28,27.0
OITEM001429,ORD001832,PROD0145,1,10488.38,24.9
OITEM001430,ORD001803,PROD0112,3,6125.32,25.7
OITEM001431,ORD001803,PROD0131,3,2886.9,23.8
OITEM001432,ORD001803,PROD0135,1,3020.35,22.2
OITEM001433,ORD000123,PROD0119,1,1873.46,43.8
OITEM001434,ORD000123,PROD0075,2,2293.08,46.5
OITEM001435,ORD000123,PROD0031,2,5159.69,39.4
OITEM001436,ORD000802,PROD0114,3,14932.89,39.3
OITEM001437,ORD000802,PROD0120,5,3018.92,24.6
OITEM001438,ORD001693,PROD0068,1,3403.84,17.7
OITEM001439,ORD000124,PROD0128,1,1032.74,9.2
OITEM001440,ORD002016,PROD0063,5,2129.88,44.4
OITEM001441,ORD000364,PROD0047,1,3114.82,30.1
OITEM001442,ORD000364,PROD0063,1,2061.36,49.6
OITEM001443,ORD000364,PROD0024,3,22383.91,30.7
OITEM001444,ORD003077,PROD0121,2,3277.22,22.7
OITEM001445,ORD003077,PROD0178,5,1310.97,27.2
OITEM001446,ORD003077,PROD0064,1,569.75,43.4
OITEM001447,ORD002720,PROD0019,3,30243.16,19.8
OITEM001448,ORD002720,PROD0116,3,12120.41,7.1
OITEM001449,ORD000065,PROD0078,1,4694.5,49.9
OITEM001450,ORD002836,PROD0166,1,107.24,42.4
OITEM001451,ORD002836,PROD0174,1,416.44,22.0
OITEM001452,ORD002836,PROD0066,1,793.35,45.0
OITEM001453,ORD003103,PROD0172,2,996.77,46.9
OITEM001454,ORD001825,PROD0024,2,21674.16,47.5
OITEM001455,ORD001825,PROD0048,1,590.76,13.7
OITEM001456,ORD001825,PROD0103,5,13354.54,26.5
OITEM001457,ORD002826,PROD0142,1,3312.48,44.9
OITEM001458,ORD000650,PROD0118,1,555.14,16.4
OITEM001459,ORD000650,PROD0119,1,1747.74,32.1
OITEM001460,ORD000650,PROD0066,1,801.43,24.0
OITEM001461,ORD000650,PROD0087,1,13382.89,49.4
OITEM001462,ORD000883,PROD0121,2,3100.32,43.3
OITEM001463,ORD001512,PROD0200,1,3828.02,43.5
OITEM001464,ORD001512,PROD0064,1,599.64,17.6
OITEM001465,ORD001512,PROD0119,2,1737.46,19.1
OITEM001466,ORD001512,PROD0095,2,7281.45,34.1
OITEM001467,ORD001085,PROD0020,5,19804.9,29.2
OITEM001468,ORD001085,PROD0173,1,171.12,33.4
OITEM001469,ORD001392,PROD0139,5,1522.32,49.8
OITEM001470,ORD001392,PROD0136,4,2898.73,18.0
OITEM001471,ORD001361,PROD0066,1,761.23,24.3
OITEM001472,ORD001361,PROD0187,2,6722.98,10.9
OITEM001473,ORD002253,PROD0192,1,916.11,19.6
OITEM001474,ORD002253,PROD0150,1,17799.79,47.5
OITEM001475,ORD001796,PROD0171,3,36.66,11.8
OITEM001476,ORD002088,PROD0132,2,201.64,30.0
OITEM001477,ORD002596,PROD0173,2,166.8,27.5
OITEM001478,ORD000498,PROD0066,1,796.2,22.6
OITEM001479,ORD000498,PROD0048,2,625.19,7.1
OITEM001480,ORD000098,PROD0082,1,2020.84,7.3
OITEM001481,ORD002544,PROD0133,3,3207.12,46.6
OITEM001482,ORD002544,PROD0028,1,52130.97,40.2
OITEM001483,ORD002544,PROD0005,2,5969.49,35.7
OITEM001484,ORD002544,PROD0132,1,202.82,38.1
OITEM001485,ORD001766,PROD0121,1,3152.77,12.9
OITEM001486,ORD001766,PROD0144,1,1136.47,40.6
OITEM001487,ORD001766,PROD0047,1,3123.8,13.1
OITEM001488,ORD002765,PROD0198,1,3168.5,19.4
OITEM001489,ORD002765,PROD0119,3,1747.36,43.0
OITEM001490,ORD001587,PROD0066,4,771.91,27.6
OITEM001491,ORD000322,PROD0084,1,2212.78,33.6
OITEM001492,ORD000322,PROD0121,1,3275.84,11.7
OITEM001493,ORD000619,PROD0084,4,2267.13,6.6
OITEM001494,ORD002676,PROD0047,1,3031.13,37.8
OITEM001495,ORD002325,PROD0119,4,1871.37,48.1
OITEM001496,ORD002385,PROD0171,2,36.36,47.2
OITEM001497,ORD002385,PROD0054,2,4402.04,38.6
OITEM001498,ORD002385,PROD0047,2,3160.02,48.7
OITEM001499,ORD001641,PROD0066,1,796.23,5.1
OITEM001500,ORD000194,PROD0135,1,2953.16,5.7
OITEM001501,ORD000194,PROD0066,1,797.77,8.6
OITEM001502,ORD002845,PROD0004,5,27997.71,7.6
OITEM001503,ORD002845,PROD0183,1,976.4,43.0
OITEM001504,ORD000479,PROD0063,1,2190.29,5.8
OITEM001505,ORD002186,PROD0121,1,3166.54,7.6
OITEM001506,ORD002618,PROD0135,1,2923.09,14.1
OITEM001507,ORD002618,PROD0083,1,2347.25,28.8
OITEM001508,ORD001184,PROD0024,1,22637.9,6.8
OITEM001509,ORD001184,PROD0119,1,1833.24,5.8
OITEM001510,ORD001184,PROD0114,1,14196.03,32.8
OITEM001511,ORD001184,PROD0113,1,7710.93,26.7
OITEM001512,ORD000451,PROD0191,2,4416.79,40.8
OITEM001513,ORD000451,PROD0020,1,19418.6,44.6
OITEM001514,ORD002381,PROD0058,1,3554.93,34.3
OITEM001515,ORD002381,PROD0047,3,3093.51,30.4
OITEM001516,ORD002381,PROD0112,5,6218.89,32.5
OITEM001517,ORD002425,PROD0066,1,773.62,37.2
OITEM001518,ORD002425,PROD0128,2,1081.0,17.1
OITEM001519,ORD002659,PROD0092,2,5622.22,41.3
OITEM001520,ORD002659,PROD0119,1,1758.92,34.8
OITEM001521,ORD000591,PROD0131,1,2941.19,16.5
OITEM001522,ORD000591,PROD0128,2,1041.67,9.2
OITEM001523,ORD002860,PROD0165,1,223.07,6.0
OITEM001524,ORD002860,PROD0166,1,112.58,49.5
OITEM001525,ORD002860,PROD0172,2,1020.18,16.1
OITEM001526,ORD002860,PROD0081,1,5283.03,42.7
OITEM001527,ORD002438,PROD0130,1,3685.65,26.7
OITEM001528,ORD002244,PROD0133,1,3142.06,30.5
OITEM001529,ORD000989,PROD0068,1,3647.03,8.7
OITEM001530,ORD000148,PROD0084,1,2247.88,40.5
OITEM001531,ORD000116,PROD0087,2,12797.57,48.5
OITEM001532,ORD001192,PROD0195,1,7080.26,22.8
OITEM001533,ORD001192,PROD0066,1,778.26,24.5
OITEM001534,ORD001395,PROD0031,3,5236.89,18.6
OITEM001535,ORD001071,PROD0119,1,1755.16,31.6
OITEM001536,ORD001071,PROD0084,1,2204.92,10.2
OITEM001537,ORD000243,PROD0088,1,4982.76,26.6
OITEM001538,ORD000243,PROD0120,2,3193.73,10.0
OITEM001539,ORD000243,PROD0112,3,6077.74,42.6
OITEM001540,ORD000239,PROD0118,2,562.89,9.9
OITEM001541,ORD000239,PROD0121,2,3396.02,33.4
OITEM001542,ORD002874,PROD0041,2,5297.88,33.5
OITEM001543,ORD002442,PROD0119,1,1858.73,25.3
OITEM001544,ORD001520,PROD0118,5,567.28,7.5
OITEM001545,ORD001520,PROD0121,1,3243.37,12.2
OITEM001546,ORD001942,PROD0040,4,2997.97,20.1
OITEM001547,ORD002377,PROD0116,1,12309.33,39.3
OITEM001548,ORD002377,PROD0156,1,17671.78,45.6
OITEM001549,ORD002936,PROD0114,1,14265.1,13.2
OITEM001550,ORD002936,PROD0119,2,1873.53,9.8
OITEM001551,ORD002936,PROD0200,2,3987.0,43.3
OITEM001552,ORD001247,PROD0112,1,6404.87,35.0
OITEM001553,ORD001732,PROD0068,1,3454.44,21.4
OITEM001554,ORD001732,PROD0166,3,108.15,34.4
OITEM001555,ORD001732,PROD0042,2,5198.77,7.4
OITEM001556,ORD001362,PROD0121,3,3292.17,23.1
OITEM001557,ORD001378,PROD0128,2,1047.96,32.1
OITEM001558,ORD001378,PROD0183,1,1016.59,28.5
OITEM001559,ORD002091,PROD0114,1,14168.01,30.8
OITEM001560,ORD003105,PROD0047,1,2977.07,47.8
OITEM001561,ORD003100,PROD0156,1,17941.62,30.8
OITEM001562,ORD003100,PROD0084,2,2236.49,30.5
OITEM001563,ORD001819,PROD0035,1,24073.17,9.3
OITEM001564,ORD002006,PROD0112,1,6485.44,20.7
OITEM001565,ORD002206,PROD0121,1,3244.1,48.9
OITEM001566,ORD002206,PROD0065,1,3844.24,11.3
OITEM001567,ORD002206,PROD0166,1,107.55,5.9
OITEM001568,ORD000035,PROD0176,1,1260.38,30.4
OITEM001569,ORD001404,PROD0050,2,4177.76,11.6
OITEM001570,ORD000507,PROD0121,4,3287.71,37.3
OITEM001571,ORD000507,PROD0052,2,2734.02,19.0
OITEM001572,ORD000507,PROD0040,2,3008.13,32.6
OITEM001573,ORD001393,PROD0119,1,1773.65,22.8
OITEM001574,ORD001565,PROD0120,1,2985.15,31.0
OITEM001575,ORD001565,PROD0026,1,38530.83,37.3
OITEM001576,ORD001565,PROD0166,3,107.45,12.9
OITEM001577,ORD001565,PROD0063,2,2174.45,35.7
OITEM001578,ORD002063,PROD0128,1,1116.61,11.7
OITEM001579,ORD002063,PROD0025,2,23966.69,8.4
OITEM001580,ORD002748,PROD0191,1,4328.22,27.2
OITEM001581,ORD002748,PROD0119,4,1877.19,46.7
OITEM001582,ORD002748,PROD0108,1,14908.95,18.4
OITEM001583,ORD000873,PROD0066,2,782.85,39.3
OITEM001584,ORD000315,PROD0156,3,16466.08,29.0
OITEM001585,ORD000315,PROD0011,1,15949.45,16.5
OITEM001586,ORD001402,PROD0166,1,109.46,42.5
OITEM001587,ORD001402,PROD0172,1,1006.42,45.7
OITEM001588,ORD001715,PROD0172,1,1036.99,40.8
OITEM001589,ORD001715,PROD0050,3,4247.15,32.5
OITEM001590,ORD001715,PROD0114,1,14111.39,35.7
OITEM001591,ORD002623,PROD0084,1,2242.64,7.8
OITEM001592,ORD002623,PROD0169,1,428.69,28.8
OITEM001593,ORD002695,PROD0050,2,4500.11,43.5
OITEM001594,ORD002695,PROD0115,2,7194.47,37.6
OITEM001595,ORD002695,PROD0059,1,3744.72,34.2
OITEM001596,ORD000241,PROD0084,1,2223.87,27.4
OITEM001597,ORD000241,PROD0066,2,792.37,21.3
OITEM001598,ORD000241,PROD0075,3,2351.95,48.0
OITEM001599,ORD001410,PROD0018,1,21614.12,11.6
OITEM001600,ORD001410,PROD0190,1,4878.2,7.1
OITEM001601,ORD001659,PROD0116,3,12508.78,48.5
OITEM001602,ORD001659,PROD0130,4,3766.98,37.5
OITEM001603,ORD001659,PROD0165,2,206.34,35.9
OITEM001604,ORD000801,PROD0068,1,3476.07,28.5
OITEM001605,ORD000801,PROD0119,1,1859.4,28.7
OITEM001606,ORD000801,PROD0004,1,27127.61,28.0
OITEM001607,ORD000090,PROD0119,1,1717.73,29.7
OITEM001608,ORD001786,PROD0011,2,16361.5,10.9
OITEM001609,ORD001786,PROD0119,2,1818.86,6.7
OITEM001610,ORD002685,PROD0171,2,39.19,35.5
OITEM001611,ORD002685,PROD0166,2,112.81,19.7
OITEM001612,ORD002685,PROD0165,3,212.93,5.8
OITEM001613,ORD001563,PROD0183,2,1016.14,6.5
OITEM001614,ORD001563,PROD0131,1,3070.28,25.1
OITEM001615,ORD002491,PROD0063,1,2100.17,33.5
OITEM001616,ORD000135,PROD0066,4,806.32,5.7
OITEM001617,ORD000135,PROD0050,1,4541.05,33.0
OITEM001618,ORD000135,PROD0128,1,1034.61,15.2
OITEM001619,ORD000238,PROD0112,2,6476.38,31.6
OITEM001620,ORD002903,PROD0084,1,2251.8,15.4
OITEM001621,ORD002903,PROD0190,1,5114.91,5.3
OITEM001622,ORD000607,PROD0131,4,2932.05,43.8
OITEM001623,ORD000607,PROD0125,1,2734.27,25.2
OITEM001624,ORD000607,PROD0024,2,21508.9,48.5
OITEM001625,ORD002458,PROD0024,1,22691.26,47.9
OITEM001626,ORD002472,PROD0176,1,1159.43,25.3
OITEM001627,ORD002472,PROD0048,4,604.22,42.0
OITEM001628,ORD001795,PROD0042,1,5350.65,46.6
OITEM001629,ORD001795,PROD0133,1,3119.28,7.8
OITEM001630,ORD001919,PROD0119,1,1719.32,25.4
OITEM001631,ORD001919,PROD0066,1,772.78,44.4
OITEM001632,ORD001919,PROD0043,2,1139.93,6.6
OITEM001633,ORD002942,PROD0105,1,11662.21,44.2
OITEM001634,ORD002134,PROD0024,5,22137.01,49.0
OITEM001635,ORD002134,PROD0066,1,790.54,14.1
OITEM001636,ORD002134,PROD0183,4,1006.04,32.4
OITEM001637,ORD002134,PROD0026,2,39380.45,34.8
OITEM001638,ORD002328,PROD0128,1,1105.0,18.3
OITEM001639,ORD002328,PROD0116,2,12521.43,47.2
OITEM001640,ORD002328,PROD0056,2,5133.06,16.0
OITEM001641,ORD002050,PROD0029,4,2396.63,43.3
OITEM001642,ORD002050,PROD0122,1,1955.37,18.3
OITEM001643,ORD002050,PROD0145,3,10061.43,48.5
OITEM001644,ORD000355,PROD0102,1,11487.47,22.0
OITEM001645,ORD001177,PROD0116,2,12350.35,11.2
OITEM001646,ORD000319,PROD0128,3,1121.18,24.7
OITEM001647,ORD000319,PROD0166,4,108.16,37.2
OITEM001648,ORD000319,PROD0095,3,7294.54,32.4
OITEM001649,ORD001053,PROD0065,1,3852.23,9.2
OITEM001650,ORD000695,PROD0133,1,3161.45,6.0
OITEM001651,ORD000695,PROD0064,1,592.72,43.4
OITEM001652,ORD002782,PROD0125,1,2778.77,43.2
OITEM001653,ORD002782,PROD0066,3,791.51,9.7
OITEM001654,ORD002782,PROD0113,5,7685.77,31.4
OITEM001655,ORD000081,PROD0114,1,14876.37,30.8
OITEM001656,ORD000081,PROD0050,4,4417.24,28.7
OITEM001657,ORD002177,PROD0119,1,1728.54,6.4
OITEM001658,ORD001695,PROD0026,2,40020.16,8.5
OITEM001659,ORD001695,PROD0099,2,959.25,45.3
OITEM001660,ORD002528,PROD0155,1,12079.05,48.1
OITEM001661,ORD002645,PROD0166,2,110.06,19.5
OITEM001662,ORD002645,PROD0067,1,2147.64,11.5
OITEM001663,ORD002199,PROD0133,1,3361.03,33.9
OITEM001664,ORD000756,PROD0171,3,38.51,40.7
OITEM001665,ORD000405,PROD0116,1,12714.12,35.7
OITEM001666,ORD002714,PROD0066,1,771.52,6.6
OITEM001667,ORD002714,PROD0166,3,113.09,33.5
OITEM001668,ORD002714,PROD0173,1,165.13,38.9
OITEM001669,ORD002714,PROD0135,4,3013.34,37.9
OITEM001670,ORD001293,PROD0135,2,3065.08,22.9
OITEM001671,ORD001293,PROD0121,1,3111.06,29.5
OITEM001672,ORD001293,PROD0084,1,2188.11,28.7
OITEM001673,ORD001478,PROD0150,2,17741.72,11.6
OITEM001674,ORD003186,PROD0081,3,5352.8,15.0
OITEM001675,ORD000789,PROD0060,2,4147.23,36.5
OITEM001676,ORD000789,PROD0195,2,7652.7,36.5
OITEM001677,ORD001179,PROD0119,1,1844.17,21.7
OITEM001678,ORD001179,PROD0121,1,3131.78,25.5
OITEM001679,ORD001179,PROD0166,2,114.9,40.4
OITEM001680,ORD001179,PROD0128,3,1060.79,32.7
OITEM001681,ORD000074,PROD0066,2,803.45,46.2
OITEM001682,ORD000074,PROD0118,5,588.9,35.0
OITEM001683,ORD001079,PROD0165,1,204.91,5.2
OITEM001684,ORD001079,PROD0064,1,588.71,19.1
OITEM001685,ORD001079,PROD0085,3,2829.31,48.9
OITEM001686,ORD001079,PROD0058,1,3466.65,18.7
OITEM001687,ORD002004,PROD0050,5,4346.37,5.0
OITEM001688,ORD002127,PROD0047,1,3096.23,25.6
OITEM001689,ORD001345,PROD0079,1,5079.26,9.4
OITEM001690,ORD000357,PROD0119,1,1780.83,28.6
OITEM001691,ORD000357,PROD0132,1,206.47,38.3
OITEM001692,ORD000357,PROD0084,2,2312.76,11.5
OITEM001693,ORD001876,PROD0025,1,23503.02,43.8
OITEM001694,ORD001876,PROD0129,1,3279.42,6.4
OITEM001695,ORD001891,PROD0173,1,175.5,30.6
OITEM001696,ORD001891,PROD0119,1,1855.92,9.1
OITEM001697,ORD003037,PROD0119,3,1849.27,34.9
OITEM001698,ORD003037,PROD0133,1,3135.04,39.9
OITEM001699,ORD002195,PROD0024,2,21836.21,5.4
OITEM001700,ORD002195,PROD0116,3,12495.01,48.4
OITEM001701,ORD002195,PROD0066,2,767.5,24.2
OITEM001702,ORD002195,PROD0051,2,4967.53,40.2
OITEM001703,ORD001672,PROD0190,2,5215.34,39.2
OITEM001704,ORD002540,PROD0135,3,2913.23,13.0
OITEM001705,ORD001495,PROD0118,1,556.1,27.2
OITEM001706,ORD000940,PROD0114,1,14425.03,38.6
OITEM001707,ORD000940,PROD0068,1,3401.46,22.1
OITEM001708,ORD000940,PROD0061,1,1273.3,40.7
OITEM001709,ORD000816,PROD0112,1,6357.97,37.3
OITEM001710,ORD000304,PROD0095,3,6815.56,30.2
OITEM001711,ORD000304,PROD0155,3,12135.9,41.8
OITEM001712,ORD002960,PROD0135,1,2960.55,9.0
OITEM001713,ORD002960,PROD0087,1,13376.66,12.6
OITEM001714,ORD002174,PROD0001,3,21676.95,27.8
OITEM001715,ORD002174,PROD0064,2,576.59,27.4
OITEM001716,ORD002174,PROD0119,3,1821.74,23.1
OITEM001717,ORD002778,PROD0002,1,36891.07,27.7
OITEM001718,ORD001874,PROD0118,2,553.3,32.5
OITEM001719,ORD001874,PROD0063,4,2044.89,14.0
OITEM001720,ORD001874,PROD0142,1,3407.48,16.9
OITEM001721,ORD002717,PROD0004,2,28604.65,40.7
OITEM001722,ORD002561,PROD0092,1,5833.67,36.4
OITEM001723,ORD001241,PROD0031,2,5463.85,12.0
OITEM001724,ORD001241,PROD0140,1,362.78,17.6
OITEM001725,ORD000370,PROD0152,2,9186.75,15.2
OITEM001726,ORD001359,PROD0047,5,3099.25,34.3
OITEM001727,ORD001359,PROD0147,1,1696.14,19.6
OITEM001728,ORD001359,PROD0185,2,7341.73,17.1
OITEM001729,ORD000142,PROD0068,2,3444.29,39.0
OITEM001730,ORD000142,PROD0105,1,11703.85,20.8
OITEM001731,ORD000142,PROD0184,2,1128.93,26.4
OITEM001732,ORD003089,PROD0054,3,4716.37,23.4
OITEM001733,ORD003089,PROD0135,1,3088.56,33.7
OITEM001734,ORD003089,PROD0166,5,105.75,36.7
OITEM001735,ORD001947,PROD0024,2,22423.07,18.1
OITEM001736,ORD001947,PROD0135,1,2943.55,26.2
OITEM001737,ORD001153,PROD0066,1,766.07,8.4
OITEM001738,ORD003165,PROD0116,1,12667.2,18.3
OITEM001739,ORD003165,PROD0078,1,5054.37,6.0
OITEM001740,ORD003165,PROD0121,1,3131.9,49.5
OITEM001741,ORD000602,PROD0173,2,175.91,6.5
OITEM001742,ORD000449,PROD0108,2,15128.44,24.7
OITEM001743,ORD000594,PROD0116,1,11825.94,11.3
OITEM001744,ORD000594,PROD0128,1,1080.05,24.0
OITEM001745,ORD000594,PROD0168,1,714.69,29.3
OITEM001746,ORD000594,PROD0035,1,22864.88,28.7
OITEM001747,ORD002698,PROD0075,1,2353.11,25.9
OITEM001748,ORD002698,PROD0024,1,22062.41,5.9
OITEM001749,ORD002698,PROD0035,1,24976.91,40.0
OITEM001750,ORD002698,PROD0063,1,2077.81,22.5
OITEM001751,ORD000573,PROD0006,3,20026.95,36.1
OITEM001752,ORD003166,PROD0119,2,1872.88,11.7
OITEM001753,ORD001598,PROD0066,4,820.61,46.8
OITEM001754,ORD001598,PROD0095,4,6650.79,7.4
OITEM001755,ORD001598,PROD0114,1,14216.99,26.6
OITEM001756,ORD001826,PROD0105,1,11727.39,46.4
OITEM001757,ORD001826,PROD0173,2,160.51,35.7
OITEM001758,ORD000036,PROD0128,1,1116.73,23.0
OITEM001759,ORD000036,PROD0047,1,2901.71,35.1
OITEM001760,ORD000606,PROD0133,2,3246.49,23.4
OITEM001761,ORD000606,PROD0116,1,12565.84,30.0
OITEM001762,ORD000606,PROD0173,4,171.32,44.8
OITEM001763,ORD000606,PROD0104,2,11707.35,22.7
OITEM001764,ORD001254,PROD0171,1,39.76,43.3
OITEM001765,ORD001254,PROD0173,1,175.11,28.3
OITEM001766,ORD003084,PROD0119,3,1840.75,27.2
OITEM001767,ORD003084,PROD0199,1,7921.02,23.5
OITEM001768,ORD003084,PROD0095,1,6720.65,38.0
OITEM001769,ORD000737,PROD0063,5,2155.01,33.8
OITEM001770,ORD000737,PROD0068,2,3576.83,9.0
OITEM001771,ORD000737,PROD0040,2,2930.88,34.8
OITEM001772,ORD001746,PROD0142,2,3407.59,9.9
OITEM001773,ORD001746,PROD0140,3,369.88,6.2
OITEM001774,ORD001746,PROD0173,1,160.17,37.9
OITEM001775,ORD001409,PROD0068,1,3617.55,16.9
OITEM001776,ORD001409,PROD0031,2,5427.31,21.3
OITEM001777,ORD001130,PROD0064,1,560.46,40.2
OITEM001778,ORD001130,PROD0147,1,1781.75,10.2
OITEM001779,ORD000927,PROD0139,1,1506.34,5.8
OITEM001780,ORD000927,PROD0066,1,784.23,26.4
OITEM001781,ORD000927,PROD0123,1,3122.94,7.0
OITEM001782,ORD000553,PROD0135,2,2907.96,21.6
OITEM001783,ORD001156,PROD0119,1,1883.41,6.5
OITEM001784,ORD002625,PROD0180,1,558.06,34.0
OITEM001785,ORD002625,PROD0197,2,7843.35,44.3
OITEM001786,ORD000094,PROD0112,1,6367.82,25.6
OITEM001787,ORD000094,PROD0095,1,6656.64,27.0
OITEM001788,ORD000965,PROD0064,4,553.28,43.5
OITEM001789,ORD000965,PROD0114,2,13944.35,20.6
OITEM001790,ORD000965,PROD0066,1,832.05,15.7
OITEM001791,ORD001637,PROD0165,1,220.11,46.4
OITEM001792,ORD001637,PROD0047,4,2903.48,27.1
OITEM001793,ORD002872,PROD0190,2,5306.64,10.7
OITEM001794,ORD000019,PROD0116,1,12238.89,37.0
OITEM001795,ORD000019,PROD0112,1,6413.54,30.7
OITEM001796,ORD001793,PROD0128,1,1092.34,27.8
OITEM001797,ORD001793,PROD0026,2,39407.86,10.4
OITEM001798,ORD001889,PROD0190,2,5237.1,39.8
OITEM001799,ORD001889,PROD0040,1,2802.65,45.8
OITEM001800,ORD002096,PROD0024,1,22043.07,40.8
OITEM001801,ORD002958,PROD0166,1,105.21,39.9
OITEM001802,ORD002958,PROD0142,5,3221.59,38.1
OITEM001803,ORD001253,PROD0166,1,105.09,38.1
OITEM001804,ORD001923,PROD0116,1,11963.47,15.9
OITEM001805,ORD001923,PROD0065,4,3719.77,18.8
OITEM001806,ORD001923,PROD0066,3,767.98,38.4
OITEM001807,ORD000466,PROD0045,2,1073.97,13.1
OITEM001808,ORD000466,PROD0035,2,23771.82,24.5
OITEM001809,ORD000466,PROD0116,1,12372.54,20.0
OITEM001810,ORD000466,PROD0119,1,1766.8,6.0
OITEM001811,ORD001367,PROD0166,5,104.49,16.9
OITEM001812,ORD001367,PROD0067,1,2053.03,38.2
OITEM001813,ORD002543,PROD0119,1,1786.97,19.9
OITEM001814,ORD002139,PROD0119,2,1741.51,41.6
OITEM001815,ORD002139,PROD0031,2,5265.41,12.7
OITEM001816,ORD001368,PROD0005,1,5862.43,41.7
OITEM001817,ORD001586,PROD0165,5,208.81,37.3
OITEM001818,ORD001586,PROD0064,1,595.29,21.0
OITEM001819,ORD000631,PROD0024,1,21668.74,15.6
OITEM001820,ORD000631,PROD0119,1,1763.41,33.4
OITEM001821,ORD002323,PROD0064,1,598.99,22.6
OITEM001822,ORD002188,PROD0172,2,997.46,19.3
OITEM001823,ORD002188,PROD0009,5,19325.04,47.5
OITEM001824,ORD000512,PROD0052,1,2903.06,14.4
OITEM001825,ORD001120,PROD0064,1,597.9,7.9
OITEM001826,ORD001120,PROD0063,2,2065.87,10.5
OITEM001827,ORD000070,PROD0121,3,3158.59,15.6
OITEM001828,ORD000070,PROD0166,1,111.39,10.2
OITEM001829,ORD002966,PROD0050,2,4324.06,15.5
OITEM001830,ORD002966,PROD0047,1,2934.57,26.2
OITEM001831,ORD000528,PROD0053,1,1734.54,40.5
OITEM001832,ORD001544,PROD0166,1,114.57,49.6
OITEM001833,ORD001544,PROD0004,1,27263.51,20.9
OITEM001834,ORD002031,PROD0166,5,112.16,32.6
OITEM001835,ORD001357,PROD0028,2,51884.39,23.3
OITEM001836,ORD001357,PROD0200,4,3821.9,12.5
OITEM001837,ORD003086,PROD0039,1,21171.05,8.7
OITEM001838,ORD001486,PROD0112,1,6221.29,48.1
OITEM001839,ORD002902,PROD0064,1,562.35,23.9
OITEM001840,ORD002902,PROD0133,3,3159.38,26.7
OITEM001841,ORD002902,PROD0119,1,1830.1,29.0
OITEM001842,ORD002902,PROD0057,1,2566.5,40.1
OITEM001843,ORD000063,PROD0067,2,2226.77,11.7
OITEM001844,ORD000063,PROD0128,1,1098.07,44.2
OITEM001845,ORD001306,PROD0074,4,574.09,5.9
OITEM001846,ORD001306,PROD0024,4,21768.2,22.8
OITEM001847,ORD000153,PROD0119,1,1795.51,5.8
OITEM001848,ORD001959,PROD0173,1,162.76,41.4
OITEM001849,ORD001959,PROD0031,3,5222.53,7.5
OITEM001850,ORD000157,PROD0119,1,1742.1,22.8
OITEM001851,ORD000157,PROD0124,2,1960.91,28.3
OITEM001852,ORD000157,PROD0068,1,3560.94,42.8
OITEM001853,ORD000157,PROD0141,2,584.99,26.0
OITEM001854,ORD002678,PROD0166,1,110.29,18.8
OITEM001855,ORD002678,PROD0121,2,3216.09,24.3
OITEM001856,ORD002678,PROD0068,2,3451.85,28.9
OITEM001857,ORD002678,PROD0119,1,1724.28,44.8
OITEM001858,ORD001096,PROD0066,5,759.25,16.1
OITEM001859,ORD001096,PROD0175,1,443.03,21.2
OITEM001860,ORD001652,PROD0150,1,17593.99,11.7
OITEM001861,ORD001652,PROD0166,2,104.51,7.9
OITEM001862,ORD001389,PROD0116,1,12202.47,24.7
OITEM001863,ORD001389,PROD0047,1,3121.21,11.7
OITEM001864,ORD001892,PROD0047,1,3024.17,43.3
OITEM001865,ORD001892,PROD0133,1,3294.05,18.3
OITEM001866,ORD000960,PROD0004,2,28295.71,37.7
OITEM001867,ORD000960,PROD0118,3,577.22,34.1
OITEM001868,ORD000960,PROD0133,1,3195.25,37.3
OITEM001869,ORD002512,PROD0064,1,580.57,34.9
OITEM001870,ORD002512,PROD0066,3,831.73,38.6
OITEM001871,ORD002512,PROD0173,3,162.71,28.7
OITEM001872,ORD002820,PROD0066,2,774.57,48.1
OITEM001873,ORD002820,PROD0024,3,22240.3,25.4
OITEM001874,ORD002820,PROD0103,3,13197.19,37.0
OITEM001875,ORD000633,PROD0120,3,2988.0,47.8
OITEM001876,ORD000633,PROD0131,2,2962.73,38.2
OITEM001877,ORD000850,PROD0118,1,563.45,43.0
OITEM001878,ORD000850,PROD0166,3,111.36,11.2
OITEM001879,ORD000855,PROD0173,3,161.7,42.0
OITEM001880,ORD000100,PROD0031,1,5553.88,23.6
OITEM001881,ORD000100,PROD0128,1,1072.53,45.1
OITEM001882,ORD002065,PROD0200,2,3690.65,34.2
OITEM001883,ORD002065,PROD0119,3,1874.5,47.2
OITEM001884,ORD002065,PROD0135,3,3055.27,7.9
OITEM001885,ORD001346,PROD0119,1,1834.21,26.0
OITEM001886,ORD001346,PROD0071,4,1186.8,42.1
OITEM001887,ORD001346,PROD0024,1,21715.72,15.8
OITEM001888,ORD002577,PROD0031,2,5597.73,10.8
OITEM001889,ORD002379,PROD0118,1,568.2,47.8
OITEM001890,ORD001311,PROD0004,2,26771.01,11.2
OITEM001891,ORD002471,PROD0070,1,2950.2,19.1
OITEM001892,ORD000264,PROD0040,1,2866.86,7.1
OITEM001893,ORD002284,PROD0061,4,1281.5,37.6
OITEM001894,ORD002284,PROD0029,3,2508.66,48.8
OITEM001895,ORD000842,PROD0119,2,1744.82,49.8
OITEM001896,ORD000842,PROD0068,2,3523.9,27.3
OITEM001897,ORD001890,PROD0081,1,5195.15,38.7
OITEM001898,ORD002420,PROD0166,1,107.73,37.7
OITEM001899,ORD002420,PROD0052,1,2721.84,21.8
OITEM001900,ORD002420,PROD0168,1,696.89,33.3
OITEM001901,ORD000658,PROD0133,1,3204.98,19.4
OITEM001902,ORD000658,PROD0168,2,677.17,5.6
OITEM001903,ORD000402,PROD0139,2,1591.9,41.5
OITEM001904,ORD002408,PROD0128,1,1086.14,18.2
OITEM001905,ORD002408,PROD0088,4,4896.77,13.0
OITEM001906,ORD002408,PROD0192,3,847.34,46.2
OITEM001907,ORD001885,PROD0068,1,3592.07,44.5
OITEM001908,ORD001594,PROD0014,1,3867.2,10.1
OITEM001909,ORD001898,PROD0135,4,2847.67,21.6
OITEM001910,ORD001082,PROD0051,2,5088.7,39.6
OITEM001911,ORD001082,PROD0059,2,3822.45,25.2
OITEM001912,ORD002906,PROD0119,1,1720.07,30.7
OITEM001913,ORD002906,PROD0197,2,7972.71,40.4
OITEM001914,ORD002906,PROD0160,1,14236.11,7.4
OITEM001915,ORD001649,PROD0128,1,1090.94,9.5
OITEM001916,ORD001649,PROD0066,1,808.82,35.2
OITEM001917,ORD001433,PROD0166,3,112.02,40.3
OITEM001918,ORD001433,PROD0047,1,2948.05,31.6
OITEM001919,ORD001433,PROD0111,1,3708.53,9.7
OITEM001920,ORD001931,PROD0066,1,764.89,31.7
OITEM001921,ORD001931,PROD0046,1,2521.09,9.4
OITEM001922,ORD002287,PROD0124,2,1817.88,10.4
OITEM001923,ORD001955,PROD0047,2,2899.28,25.9
OITEM001924,ORD001823,PROD0029,1,2496.57,23.4
OITEM001925,ORD001823,PROD0035,1,23347.79,47.3
OITEM001926,ORD001823,PROD0066,3,796.67,34.6
OITEM001927,ORD002281,PROD0028,1,49839.48,33.3
OITEM001928,ORD002281,PROD0121,2,3337.9,35.2
OITEM001929,ORD001939,PROD0066,2,756.58,47.9
OITEM001930,ORD001727,PROD0028,3,51492.3,29.8
OITEM001931,ORD001221,PROD0192,1,913.33,46.5
OITEM001932,ORD002303,PROD0068,2,3653.73,7.7
OITEM001933,ORD002303,PROD0095,1,7315.07,38.6
OITEM001934,ORD000578,PROD0047,2,3006.09,27.7
OITEM001935,ORD000578,PROD0166,1,111.95,17.9
OITEM001936,ORD002798,PROD0166,1,109.11,47.1
OITEM001937,ORD000025,PROD0024,1,21082.11,36.2
OITEM001938,ORD000025,PROD0200,1,3910.16,16.6
OITEM001939,ORD000025,PROD0129,2,3179.91,12.7
OITEM001940,ORD002295,PROD0128,1,1108.8,21.4
OITEM001941,ORD002730,PROD0075,2,2432.63,14.4
OITEM001942,ORD003172,PROD0116,1,12291.76,41.5
OITEM001943,ORD001266,PROD0112,3,6437.84,48.0
OITEM001944,ORD001266,PROD0166,1,106.9,45.0
OITEM001945,ORD001102,PROD0173,1,161.64,12.0
OITEM001946,ORD001102,PROD0024,1,21011.87,33.4
OITEM001947,ORD001102,PROD0121,1,3200.51,19.5
OITEM001948,ORD001545,PROD0176,1,1193.38,42.8
OITEM001949,ORD002364,PROD0131,1,3105.72,49.5
OITEM001950,ORD002364,PROD0121,2,3353.72,34.8
OITEM001951,ORD000253,PROD0024,1,22830.62,22.0
OITEM001952,ORD000253,PROD0050,1,4501.14,5.6
OITEM001953,ORD001126,PROD0133,1,3374.09,25.6
OITEM001954,ORD001126,PROD0045,2,1034.64,21.9
OITEM001955,ORD003010,PROD0165,3,205.03,30.7
OITEM001956,ORD001918,PROD0119,1,1863.68,32.8
OITEM001957,ORD001918,PROD0024,5,21800.81,47.7
OITEM001958,ORD001918,PROD0021,3,48116.17,45.9
OITEM001959,ORD001918,PROD0166,3,106.37,36.9
OITEM001960,ORD002609,PROD0119,2,1783.11,21.8
OITEM001961,ORD002609,PROD0026,1,37879.72,47.3
OITEM001962,ORD002609,PROD0128,1,1105.71,39.5
OITEM001963,ORD002609,PROD0048,1,629.32,21.6
OITEM001964,ORD000320,PROD0095,1,6942.84,48.9
OITEM001965,ORD000320,PROD0139,2,1524.79,11.4
OITEM001966,ORD002944,PROD0092,1,5565.57,12.1
OITEM001967,ORD000985,PROD0127,1,1545.81,15.1
OITEM001968,ORD000985,PROD0024,1,22175.65,27.5
OITEM001969,ORD002297,PROD0152,1,9167.56,21.8
OITEM001970,ORD002233,PROD0119,1,1755.82,43.0
OITEM001971,ORD002233,PROD0031,1,5311.81,45.7
OITEM001972,ORD002233,PROD0068,2,3562.37,16.8
OITEM001973,ORD001056,PROD0119,3,1890.62,38.7
OITEM001974,ORD001056,PROD0078,1,4842.83,13.3
OITEM001975,ORD002873,PROD0136,3,3013.21,11.7
OITEM001976,ORD000346,PROD0121,5,3372.63,10.2
OITEM001977,ORD000346,PROD0113,1,7676.94,35.7
OITEM001978,ORD001704,PROD0133,2,3196.24,39.6
OITEM001979,ORD001331,PROD0116,1,12045.99,25.8
OITEM001980,ORD001331,PROD0028,4,53687.17,42.0
OITEM001981,ORD001879,PROD0132,1,204.01,20.4
OITEM001982,ORD000460,PROD0066,4,789.71,19.1
OITEM001983,ORD000258,PROD0052,1,2823.95,14.9
OITEM001984,ORD000258,PROD0047,1,3017.0,37.1
OITEM001985,ORD000258,PROD0113,1,7980.84,45.3
OITEM001986,ORD001474,PROD0133,5,3317.06,27.4
OITEM001987,ORD001115,PROD0066,1,789.92,43.5
OITEM001988,ORD001115,PROD0128,3,1030.17,43.3
OITEM001989,ORD002590,PROD0112,1,6590.5,31.6
OITEM001990,ORD002590,PROD0068,4,3599.67,40.1
OITEM001991,ORD000567,PROD0031,3,5152.81,38.7
OITEM001992,ORD000567,PROD0068,2,3626.49,27.8
OITEM001993,ORD000010,PROD0066,2,764.03,12.2
OITEM001994,ORD002897,PROD0128,1,1039.34,19.4
OITEM001995,ORD002897,PROD0095,1,7135.15,42.3
OITEM001996,ORD002694,PROD0047,2,3081.5,13.5
OITEM001997,ORD002694,PROD0132,1,199.11,21.5
OITEM001998,ORD000005,PROD0133,2,3069.13,17.6
OITEM001999,ORD000005,PROD0173,1,164.82,9.6
OITEM002000,ORD000005,PROD0024,1,22134.94,33.5
OITEM002001,ORD000660,PROD0047,1,3158.6,32.2
OITEM002002,ORD000660,PROD0173,3,165.99,32.3
OITEM002003,ORD000660,PROD0116,4,12147.76,22.0
OITEM002004,ORD001074,PROD0119,1,1824.54,26.9
OITEM002005,ORD002283,PROD0133,4,3299.81,18.7
OITEM002006,ORD002283,PROD0031,2,5475.18,18.3
OITEM002007,ORD002283,PROD0050,2,4408.49,26.7
OITEM002008,ORD002283,PROD0192,3,913.2,43.3
OITEM002009,ORD001174,PROD0111,1,3617.68,27.8
OITEM002010,ORD001174,PROD0072,2,552.71,20.1
OITEM002011,ORD001174,PROD0165,4,210.44,40.0
OITEM002012,ORD000762,PROD0120,5,3093.91,13.6
OITEM002013,ORD000762,PROD0166,1,114.31,28.8
OITEM002014,ORD000762,PROD0135,1,2835.43,32.5
OITEM002015,ORD002390,PROD0192,3,880.33,14.7
OITEM002016,ORD002390,PROD0185,5,7726.84,47.6
OITEM002017,ORD002390,PROD0066,3,807.39,12.9
OITEM002018,ORD002390,PROD0197,2,7972.85,9.1
OITEM002019,ORD002501,PROD0031,1,5465.82,26.0
OITEM002020,ORD002565,PROD0118,2,578.03,28.2
OITEM002021,ORD001538,PROD0078,1,4743.2,38.4
OITEM002022,ORD001538,PROD0166,3,107.92,19.8
OITEM002023,ORD001607,PROD0019,3,31278.87,48.5
OITEM002024,ORD001607,PROD0074,3,578.75,36.5
OITEM002025,ORD000542,PROD0155,1,11424.33,46.5
OITEM002026,ORD000542,PROD0024,3,22753.35,49.2
OITEM002027,ORD000542,PROD0132,1,212.49,18.0
OITEM002028,ORD000542,PROD0116,1,11583.93,14.8
OITEM002029,ORD000309,PROD0166,1,114.15,45.0
OITEM002030,ORD000309,PROD0119,1,1793.91,46.2
OITEM002031,ORD001187,PROD0112,2,6172.67,49.8
OITEM002032,ORD002214,PROD0169,1,390.92,12.6
OITEM002033,ORD000198,PROD0021,1,44954.36,39.7
OITEM002034,ORD000198,PROD0118,1,550.34,17.4
OITEM002035,ORD001058,PROD0124,1,1845.03,19.9
OITEM002036,ORD001058,PROD0004,3,29029.01,33.2
OITEM002037,ORD002027,PROD0131,2,3075.23,40.3
OITEM002038,ORD001773,PROD0119,1,1846.48,40.1
OITEM002039,ORD001773,PROD0066,3,816.97,26.3
OITEM002040,ORD002202,PROD0029,3,2491.09,34.3
OITEM002041,ORD002621,PROD0173,1,175.8,31.8
OITEM002042,ORD000409,PROD0133,2,3252.79,45.1
OITEM002043,ORD000409,PROD0187,5,7097.99,28.0
OITEM002044,ORD000409,PROD0031,1,5522.7,24.0
OITEM002045,ORD001553,PROD0159,1,13475.75,7.5
OITEM002046,ORD000905,PROD0119,1,1724.88,8.8
OITEM002047,ORD000905,PROD0183,1,945.24,15.1
OITEM002048,ORD000905,PROD0063,4,2031.39,17.5
OITEM002049,ORD001629,PROD0168,2,693.88,36.8
OITEM002050,ORD000379,PROD0166,3,107.02,29.4
OITEM002051,ORD000379,PROD0121,1,3378.12,22.9
OITEM002052,ORD000379,PROD0111,1,3783.39,47.4
OITEM002053,ORD000538,PROD0166,5,110.88,35.9
OITEM002054,ORD000538,PROD0119,1,1887.88,11.3
OITEM002055,ORD000538,PROD0121,1,3230.52,40.2
OITEM002056,ORD000538,PROD0135,5,2846.59,19.2
OITEM002057,ORD002849,PROD0064,1,580.62,11.7
OITEM002058,ORD001687,PROD0047,1,3119.22,24.7
OITEM002059,ORD001687,PROD0054,1,4327.58,36.5
OITEM002060,ORD000986,PROD0166,1,113.94,49.6
OITEM002061,ORD000917,PROD0026,1,36460.88,33.3
OITEM002062,ORD001858,PROD0166,1,111.83,38.0
OITEM002063,ORD003177,PROD0028,1,51836.21,35.0
OITEM002064,ORD003177,PROD0066,2,804.32,10.1
OITEM002065,ORD003177,PROD0096,1,14008.86,27.1
OITEM002066,ORD003177,PROD0112,1,6545.09,5.6
OITEM002067,ORD000435,PROD0161,1,16187.99,16.2
OITEM002068,ORD000588,PROD0119,2,1828.17,27.1
OITEM002069,ORD000588,PROD0200,3,3748.4,27.3
OITEM002070,ORD001022,PROD0095,1,6820.46,38.3
OITEM002071,ORD001022,PROD0024,1,21810.95,32.8
OITEM002072,ORD001022,PROD0128,4,1069.14,27.5
OITEM002073,ORD001022,PROD0020,1,19963.37,39.2
OITEM002074,ORD000612,PROD0171,2,38.05,9.3
OITEM002075,ORD000612,PROD0011,4,15684.31,24.6
OITEM002076,ORD002603,PROD0024,1,22851.09,45.3
OITEM002077,ORD002603,PROD0132,1,210.11,45.6
OITEM002078,ORD002603,PROD0119,3,1789.45,22.5
OITEM002079,ORD002603,PROD0112,2,6500.54,11.3
OITEM002080,ORD000428,PROD0047,1,2930.52,14.5
OITEM002081,ORD000428,PROD0082,1,2113.38,27.6
OITEM002082,ORD002869,PROD0128,1,1100.72,44.7
OITEM002083,ORD001481,PROD0132,3,195.87,42.0
OITEM002084,ORD001481,PROD0064,1,554.34,34.8
OITEM002085,ORD001324,PROD0166,1,108.69,22.5
OITEM002086,ORD001324,PROD0034,3,18950.02,28.7
OITEM002087,ORD000879,PROD0024,3,21576.25,22.4
OITEM002088,ORD000879,PROD0052,1,2694.07,8.6
OITEM002089,ORD000879,PROD0063,1,2169.67,37.7
OITEM002090,ORD001206,PROD0031,2,5482.38,22.0
OITEM002091,ORD001206,PROD0035,1,22813.78,18.0
OITEM002092,ORD000992,PROD0052,1,2753.71,9.7
OITEM002093,ORD000275,PROD0119,1,1834.11,32.8
OITEM002094,ORD000275,PROD0173,1,161.39,46.9
OITEM002095,ORD000275,PROD0066,4,797.17,20.0
OITEM002096,ORD001412,PROD0078,2,4924.22,46.6
OITEM002097,ORD000411,PROD0131,1,2922.62,28.0
OITEM002098,ORD001730,PROD0034,1,19732.82,19.3
OITEM002099,ORD001730,PROD0048,1,592.98,48.7
OITEM002100,ORD001203,PROD0111,4,3482.8,33.4
OITEM002101,ORD001203,PROD0200,3,3934.29,25.2
OITEM002102,ORD001203,PROD0128,1,1029.99,8.0
OITEM002103,ORD001203,PROD0024,1,21144.25,10.3
OITEM002104,ORD000398,PROD0093,1,2445.87,24.3
OITEM002105,ORD002760,PROD0174,3,392.7,27.8
OITEM002106,ORD002760,PROD0031,1,5488.3,42.3
OITEM002107,ORD002492,PROD0121,2,3341.23,6.7
OITEM002108,ORD002492,PROD0031,1,5505.7,15.0
OITEM002109,ORD002492,PROD0168,1,687.05,34.8
OITEM002110,ORD000045,PROD0031,1,5572.52,31.9
OITEM002111,ORD000045,PROD0122,1,1964.8,17.9
OITEM002112,ORD000684,PROD0011,2,16587.88,27.5
OITEM002113,ORD001831,PROD0116,1,12008.71,25.9
OITEM002114,ORD003125,PROD0047,3,3047.58,11.9
OITEM002115,ORD002866,PROD0061,3,1353.28,31.8
OITEM002116,ORD001054,PROD0093,2,2421.05,22.0
OITEM002117,ORD001054,PROD0192,1,895.44,32.8
OITEM002118,ORD001054,PROD0066,1,775.04,46.0
OITEM002119,ORD001638,PROD0190,1,5088.43,13.5
OITEM002120,ORD001638,PROD0132,3,201.83,12.8
OITEM002121,ORD001638,PROD0128,1,1124.3,37.2
OITEM002122,ORD000368,PROD0063,1,2211.64,18.3
OITEM002123,ORD002580,PROD0031,2,5203.28,25.5
OITEM002124,ORD000899,PROD0031,1,5497.75,22.3
OITEM002125,ORD000899,PROD0150,3,17003.23,38.2
OITEM002126,ORD000994,PROD0055,1,4836.17,7.4
OITEM002127,ORD000994,PROD0095,1,7145.28,42.3
OITEM002128,ORD000994,PROD0047,4,2961.27,49.9
OITEM002129,ORD000211,PROD0139,2,1516.66,37.1
OITEM002130,ORD000211,PROD0155,1,12587.54,17.2
OITEM002131,ORD000211,PROD0119,5,1835.29,13.0
OITEM002132,ORD002248,PROD0116,1,11753.59,20.2
OITEM002133,ORD001610,PROD0018,5,22137.9,24.0
OITEM002134,ORD001610,PROD0086,1,9381.34,38.6
OITEM002135,ORD001610,PROD0135,1,2988.65,27.8
OITEM002136,ORD003193,PROD0166,2,107.9,12.1
OITEM002137,ORD003026,PROD0197,5,7997.37,18.3
OITEM002138,ORD002149,PROD0112,1,6276.8,38.0
OITEM002139,ORD001375,PROD0047,2,2979.51,37.7
OITEM002140,ORD000175,PROD0114,4,15161.69,35.8
OITEM002141,ORD000175,PROD0034,1,18955.05,33.3
OITEM002142,ORD002118,PROD0200,3,3846.6,23.3
OITEM002143,ORD002118,PROD0166,1,107.49,11.6
OITEM002144,ORD002118,PROD0024,3,21511.6,6.7
OITEM002145,ORD002118,PROD0182,1,253.48,23.1
OITEM002146,ORD001360,PROD0047,2,2888.68,34.5
OITEM002147,ORD001360,PROD0035,1,24458.15,49.6
OITEM002148,ORD001360,PROD0172,1,956.91,22.8
OITEM002149,ORD001360,PROD0166,4,108.91,30.2
OITEM002150,ORD000949,PROD0081,5,5149.39,32.0
OITEM002151,ORD000780,PROD0132,1,208.95,44.3
OITEM002152,ORD000780,PROD0136,2,3097.48,49.8
OITEM002153,ORD000159,PROD0165,2,215.55,19.8
OITEM002154,ORD000159,PROD0180,2,577.92,37.4
OITEM002155,ORD000159,PROD0037,1,21971.21,38.1
OITEM002156,ORD001225,PROD0066,2,824.21,42.1
OITEM002157,ORD001225,PROD0041,1,5370.59,20.2
OITEM002158,ORD000669,PROD0190,5,4808.5,49.1
OITEM002159,ORD000480,PROD0103,4,12494.02,5.6
OITEM002160,ORD000480,PROD0183,1,972.76,17.9
OITEM002161,ORD000480,PROD0078,3,4626.07,31.6
OITEM002162,ORD000480,PROD0010,2,12732.21,48.7
OITEM002163,ORD002387,PROD0121,3,3241.17,34.0
OITEM002164,ORD002387,PROD0119,3,1856.49,13.6
OITEM002165,ORD002034,PROD0048,5,625.48,6.4
OITEM002166,ORD002034,PROD0119,1,1728.52,22.9
OITEM002167,ORD002410,PROD0166,1,107.52,7.6
OITEM002168,ORD002410,PROD0133,2,3340.36,36.4
OITEM002169,ORD002410,PROD0168,1,670.86,48.1
OITEM002170,ORD002868,PROD0136,1,2969.58,38.4
OITEM002171,ORD000961,PROD0132,1,210.45,40.0
OITEM002172,ORD001523,PROD0064,1,581.18,45.6
OITEM002173,ORD001523,PROD0133,3,3241.47,44.7
OITEM002174,ORD002311,PROD0112,1,6227.24,45.3
OITEM002175,ORD002330,PROD0031,3,5396.96,39.6
OITEM002176,ORD002330,PROD0119,1,1775.21,37.6
OITEM002177,ORD002330,PROD0200,2,3803.74,37.1
OITEM002178,ORD000155,PROD0064,1,576.48,30.6
OITEM002179,ORD000155,PROD0035,1,22756.72,21.6
OITEM002180,ORD000155,PROD0065,1,3692.47,17.8
OITEM002181,ORD002824,PROD0047,3,3042.15,10.6
OITEM002182,ORD002824,PROD0128,1,1078.02,5.4
OITEM002183,ORD002824,PROD0173,1,166.65,35.1
OITEM002184,ORD002444,PROD0026,1,39413.56,6.2
OITEM002185,ORD002444,PROD0066,3,809.48,28.1
OITEM002186,ORD002444,PROD0092,1,5788.87,14.9
OITEM002187,ORD002444,PROD0095,1,6809.73,46.8
OITEM002188,ORD001450,PROD0047,2,2995.28,24.8
OITEM002189,ORD001450,PROD0063,2,2091.94,15.9
OITEM002190,ORD000547,PROD0009,1,18344.62,20.1
OITEM002191,ORD001664,PROD0132,3,201.68,23.0
OITEM002192,ORD001664,PROD0119,1,1784.33,9.4
OITEM002193,ORD001664,PROD0166,1,114.66,20.3
OITEM002194,ORD001967,PROD0024,1,21064.64,18.2
OITEM002195,ORD002581,PROD0066,1,832.19,17.6
OITEM002196,ORD002581,PROD0031,1,5598.12,28.0
OITEM002197,ORD002581,PROD0121,4,3161.76,49.2
OITEM002198,ORD001576,PROD0066,4,823.8,23.8
OITEM002199,ORD001576,PROD0079,1,5371.92,24.6
OITEM002200,ORD001576,PROD0060,1,4020.01,21.1
OITEM002201,ORD000459,PROD0150,5,18461.33,37.4
OITEM002202,ORD003182,PROD0063,2,2133.66,35.7
OITEM002203,ORD003182,PROD0200,1,3935.08,14.9
OITEM002204,ORD001423,PROD0168,1,675.89,38.2
OITEM002205,ORD001423,PROD0128,2,1104.71,18.1
OITEM002206,ORD001302,PROD0118,3,557.51,7.3
OITEM002207,ORD001302,PROD0145,1,10299.05,38.8
OITEM002208,ORD001302,PROD0050,1,4290.53,46.7
OITEM002209,ORD001114,PROD0031,1,5612.55,32.5
OITEM002210,ORD001114,PROD0047,3,3006.23,39.0
OITEM002211,ORD001776,PROD0004,4,27800.38,27.3
OITEM002212,ORD001776,PROD0166,1,111.59,38.5
OITEM002213,ORD002445,PROD0066,1,762.59,13.4
OITEM002214,ORD001909,PROD0166,2,108.02,8.7
OITEM002215,ORD000998,PROD0108,1,15800.45,39.9
OITEM002216,ORD000998,PROD0192,2,857.13,8.4
OITEM002217,ORD001763,PROD0051,1,5161.53,38.8
OITEM002218,ORD002908,PROD0027,4,18957.46,30.7
OITEM002219,ORD002908,PROD0133,2,3308.57,12.0
OITEM002220,ORD002022,PROD0024,1,21430.52,49.9
OITEM002221,ORD002334,PROD0133,1,3289.14,7.6
OITEM002222,ORD001612,PROD0131,3,2931.02,22.2
OITEM002223,ORD001612,PROD0200,2,3875.8,7.4
OITEM002224,ORD002182,PROD0006,2,20048.92,12.8
OITEM002225,ORD002132,PROD0065,3,3789.51,28.6
OITEM002226,ORD002132,PROD0150,3,17386.69,13.4
OITEM002227,ORD001615,PROD0047,2,3083.22,34.4
OITEM002228,ORD000868,PROD0030,1,4943.74,23.3
OITEM002229,ORD002085,PROD0047,1,3001.8,16.0
OITEM002230,ORD002085,PROD0031,1,5555.71,26.8
OITEM002231,ORD003034,PROD0180,2,577.59,11.6
OITEM002232,ORD003034,PROD0031,1,5237.44,36.1
OITEM002233,ORD003069,PROD0116,1,12378.89,43.8
OITEM002234,ORD000247,PROD0102,1,10864.45,32.0
OITEM002235,ORD000247,PROD0190,1,5123.94,10.6
OITEM002236,ORD000247,PROD0024,3,21104.44,44.1
OITEM002237,ORD002211,PROD0127,1,1446.21,36.3
OITEM002238,ORD002211,PROD0119,1,1808.9,47.9
OITEM002239,ORD002511,PROD0063,1,2029.25,25.5
OITEM002240,ORD002511,PROD0119,3,1786.01,22.1
OITEM002241,ORD002511,PROD0173,1,160.29,6.9
OITEM002242,ORD001656,PROD0132,2,200.06,35.9
OITEM002243,ORD000878,PROD0119,1,1835.51,20.2
OITEM002244,ORD000039,PROD0192,1,874.7,8.4
OITEM002245,ORD000039,PROD0084,1,2250.23,10.5
OITEM002246,ORD000360,PROD0002,1,35039.15,42.1
OITEM002247,ORD000360,PROD0078,1,5025.64,29.3
OITEM002248,ORD001215,PROD0112,1,6240.35,36.5
OITEM002249,ORD000341,PROD0023,2,8903.89,27.4
OITEM002250,ORD000027,PROD0112,1,6212.88,28.8
OITEM002251,ORD000027,PROD0087,2,13198.56,22.0
OITEM002252,ORD001201,PROD0068,1,3548.36,45.0
OITEM002253,ORD000413,PROD0168,2,713.9,48.4
OITEM002254,ORD000413,PROD0131,1,2871.43,31.1
OITEM002255,ORD002537,PROD0084,2,2196.96,48.9
OITEM002256,ORD002537,PROD0050,1,4560.32,19.7
OITEM002257,ORD002537,PROD0114,1,14370.97,9.5
OITEM002258,ORD002537,PROD0121,1,3331.32,44.6
OITEM002259,ORD002164,PROD0009,1,18850.93,28.3
OITEM002260,ORD002164,PROD0196,2,9323.22,9.2
OITEM002261,ORD002164,PROD0131,1,3009.07,5.8
OITEM002262,ORD001839,PROD0119,3,1725.11,32.5
OITEM002263,ORD001839,PROD0084,1,2152.31,27.4
OITEM002264,ORD001748,PROD0119,2,1857.76,14.1
OITEM002265,ORD001089,PROD0066,2,791.73,16.1
OITEM002266,ORD001089,PROD0178,2,1297.29,5.8
OITEM002267,ORD001089,PROD0024,1,22060.03,13.8
OITEM002268,ORD002551,PROD0168,4,700.57,21.1
OITEM002269,ORD002551,PROD0065,1,3792.16,22.8
OITEM002270,ORD002551,PROD0116,1,12687.31,26.0
OITEM002271,ORD002551,PROD0066,1,806.49,19.6
OITEM002272,ORD000208,PROD0128,1,1129.54,12.2
OITEM002273,ORD000208,PROD0165,1,215.83,12.2
OITEM002274,ORD000208,PROD0064,5,598.43,30.6
OITEM002275,ORD000208,PROD0116,3,12488.28,36.5
OITEM002276,ORD000839,PROD0040,1,2742.2,18.8
OITEM002277,ORD000359,PROD0059,1,3564.14,17.3
OITEM002278,ORD001991,PROD0004,2,28559.27,47.0
OITEM002279,ORD001991,PROD0166,5,106.28,39.8
OITEM002280,ORD001991,PROD0183,1,990.25,29.6
OITEM002281,ORD001571,PROD0119,1,1726.93,24.5
OITEM002282,ORD001571,PROD0131,1,2901.89,11.3
OITEM002283,ORD001548,PROD0112,4,6005.69,39.4
OITEM002284,ORD003146,PROD0047,5,3039.44,38.6
OITEM002285,ORD003146,PROD0119,3,1815.84,12.0
OITEM002286,ORD003003,PROD0128,1,1035.36,38.5
OITEM002287,ORD002361,PROD0121,1,3381.78,14.8
OITEM002288,ORD000497,PROD0031,1,5111.85,24.4
OITEM002289,ORD002566,PROD0131,3,3083.14,28.9
OITEM002290,ORD001948,PROD0131,1,2932.28,42.9
OITEM002291,ORD000623,PROD0050,4,4549.13,20.3
OITEM002292,ORD001411,PROD0119,1,1844.26,31.7
OITEM002293,ORD001847,PROD0063,2,2059.44,40.9
OITEM002294,ORD001847,PROD0172,2,977.3,41.5
OITEM002295,ORD001847,PROD0180,1,551.05,9.1
OITEM002296,ORD001847,PROD0135,5,2968.8,42.0
OITEM002297,ORD002079,PROD0116,1,11886.46,26.7
OITEM002298,ORD001043,PROD0114,2,14709.23,10.8
OITEM002299,ORD001043,PROD0181,3,968.03,44.5
OITEM002300,ORD003170,PROD0112,1,6294.02,36.0
OITEM002301,ORD001744,PROD0043,2,1112.4,36.3
OITEM002302,ORD001744,PROD0027,3,18019.39,29.7
OITEM002303,ORD001744,PROD0133,2,3345.81,44.1
OITEM002304,ORD002212,PROD0060,1,3805.15,45.0
OITEM002305,ORD000708,PROD0166,3,107.7,24.2
OITEM002306,ORD000708,PROD0066,1,815.79,47.7
OITEM002307,ORD000727,PROD0135,4,2944.43,44.5
OITEM002308,ORD000727,PROD0028,1,49279.13,24.9
OITEM002309,ORD002089,PROD0133,1,3124.94,34.8
OITEM002310,ORD000861,PROD0133,2,3103.01,15.4
OITEM002311,ORD000861,PROD0183,1,960.03,11.1
OITEM002312,ORD002967,PROD0066,2,824.5,48.7
OITEM002313,ORD001387,PROD0060,1,3896.34,35.3
OITEM002314,ORD001387,PROD0066,1,795.26,11.7
OITEM002315,ORD002010,PROD0050,3,4214.03,10.1
OITEM002316,ORD000743,PROD0075,2,2398.38,15.6
OITEM002317,ORD000743,PROD0024,1,22684.86,14.1
OITEM002318,ORD003066,PROD0131,3,2842.85,19.1
OITEM002319,ORD003066,PROD0065,1,3567.74,46.0
OITEM002320,ORD000236,PROD0135,1,2967.94,38.5
OITEM002321,ORD002447,PROD0052,2,2758.84,38.6
OITEM002322,ORD002447,PROD0035,4,24470.75,24.2
OITEM002323,ORD002447,PROD0172,2,981.94,23.7
OITEM002324,ORD002447,PROD0128,1,1088.89,11.9
OITEM002325,ORD000963,PROD0128,1,1077.97,23.7
OITEM002326,ORD000963,PROD0150,1,18278.23,36.3
OITEM002327,ORD002693,PROD0059,1,3571.44,14.4
OITEM002328,ORD002693,PROD0150,1,17000.2,27.5
OITEM002329,ORD001287,PROD0135,2,2919.94,31.0
OITEM002330,ORD001287,PROD0133,2,3201.43,47.6
OITEM002331,ORD002827,PROD0171,1,36.54,18.0
OITEM002332,ORD000202,PROD0031,2,5521.52,25.6
OITEM002333,ORD000202,PROD0166,3,114.2,27.5
OITEM002334,ORD001111,PROD0119,1,1795.36,21.1
OITEM002335,ORD001111,PROD0066,4,808.35,48.3
OITEM002336,ORD002117,PROD0119,1,1837.39,17.8
OITEM002337,ORD002117,PROD0047,1,3081.45,7.2
OITEM002338,ORD001119,PROD0066,3,767.29,19.5
OITEM002339,ORD001119,PROD0024,1,22488.48,27.2
OITEM002340,ORD001119,PROD0063,2,2154.44,32.1
OITEM002341,ORD001709,PROD0052,1,2658.88,15.5
OITEM002342,ORD001709,PROD0112,1,6363.69,13.6
OITEM002343,ORD001709,PROD0166,2,109.01,16.2
OITEM002344,ORD000465,PROD0119,2,1882.52,40.2
OITEM002345,ORD002736,PROD0064,3,573.42,25.5
OITEM002346,ORD002548,PROD0196,1,9157.11,10.9
OITEM002347,ORD002548,PROD0024,1,22632.45,19.2
OITEM002348,ORD002548,PROD0019,4,30775.09,35.1
OITEM002349,ORD001145,PROD0190,1,4903.65,36.9
OITEM002350,ORD001145,PROD0112,1,5991.54,32.4
OITEM002351,ORD001145,PROD0054,2,4608.87,21.7
OITEM002352,ORD001648,PROD0116,1,12705.11,22.6
OITEM002353,ORD001648,PROD0031,1,5339.21,44.0
OITEM002354,ORD001648,PROD0150,3,17385.94,35.2
OITEM002355,ORD000273,PROD0047,1,2893.26,20.5
OITEM002356,ORD000273,PROD0051,1,5219.23,39.0
OITEM002357,ORD001244,PROD0142,1,3403.15,43.8
OITEM002358,ORD002828,PROD0158,1,11416.23,8.2
OITEM002359,ORD002828,PROD0121,5,3257.81,38.2
OITEM002360,ORD001173,PROD0165,1,221.4,5.6
OITEM002361,ORD001618,PROD0166,1,113.14,17.8
OITEM002362,ORD000205,PROD0175,1,453.91,15.5
OITEM002363,ORD000205,PROD0139,1,1613.37,42.5
OITEM002364,ORD000205,PROD0119,3,1780.85,20.0
OITEM002365,ORD000178,PROD0119,4,1724.75,30.8
OITEM002366,ORD000189,PROD0166,1,114.14,10.1
OITEM002367,ORD000189,PROD0112,1,6340.93,25.9
OITEM002368,ORD000624,PROD0079,2,5459.78,49.9
OITEM002369,ORD000904,PROD0064,1,595.82,15.4
OITEM002370,ORD000904,PROD0063,2,2200.31,15.2
OITEM002371,ORD000904,PROD0066,3,770.55,45.2
OITEM002372,ORD002191,PROD0084,3,2313.22,41.6
OITEM002373,ORD002249,PROD0172,2,968.23,29.3
OITEM002374,ORD002249,PROD0066,1,820.93,43.0
OITEM002375,ORD001026,PROD0121,2,3096.99,37.3
OITEM002376,ORD001534,PROD0050,3,4402.71,19.6
OITEM002377,ORD000828,PROD0064,1,601.92,5.2
OITEM002378,ORD002747,PROD0130,1,3831.03,22.2
OITEM002379,ORD002747,PROD0031,1,5559.01,17.9
OITEM002380,ORD002747,PROD0193,2,4859.74,31.8
OITEM002381,ORD000751,PROD0050,1,4502.64,41.1
OITEM002382,ORD000751,PROD0121,2,3197.19,6.5
OITEM002383,ORD003015,PROD0190,1,4948.18,7.8
OITEM002384,ORD003015,PROD0192,2,917.28,22.3
OITEM002385,ORD001127,PROD0178,1,1266.83,20.8
OITEM002386,ORD002734,PROD0119,3,1879.68,25.7
OITEM002387,ORD000557,PROD0084,1,2194.43,49.5
OITEM002388,ORD000557,PROD0063,2,2037.27,47.1
OITEM002389,ORD000557,PROD0192,1,885.31,21.9
OITEM002390,ORD002653,PROD0084,1,2303.25,24.4
OITEM002391,ORD000687,PROD0119,3,1767.65,30.5
OITEM002392,ORD000687,PROD0166,1,107.28,21.3
OITEM002393,ORD002977,PROD0052,4,2796.86,7.1
OITEM002394,ORD002977,PROD0173,1,164.96,17.3
OITEM002395,ORD000661,PROD0013,3,2601.92,33.0
OITEM002396,ORD000661,PROD0087,1,13256.65,47.5
OITEM002397,ORD000661,PROD0031,1,5457.75,24.2
OITEM002398,ORD000061,PROD0119,2,1752.39,32.4
OITEM002399,ORD000061,PROD0131,2,2973.46,14.4
OITEM002400,ORD000061,PROD0084,4,2304.12,45.1
OITEM002401,ORD002844,PROD0080,2,5364.41,29.7
OITEM002402,ORD000110,PROD0116,1,11631.08,46.1
OITEM002403,ORD000110,PROD0112,1,6222.62,43.0
OITEM002404,ORD000110,PROD0018,2,21409.5,18.3
OITEM002405,ORD002225,PROD0045,1,1051.11,35.2
OITEM002406,ORD002225,PROD0023,2,8427.07,9.1
OITEM002407,ORD002225,PROD0047,1,2923.52,46.5
OITEM002408,ORD000088,PROD0190,2,5121.82,11.6
OITEM002409,ORD000088,PROD0121,1,3260.48,24.9
OITEM002410,ORD000088,PROD0128,1,1081.24,21.2
OITEM002411,ORD000767,PROD0192,1,850.54,45.1
OITEM002412,ORD001630,PROD0031,1,5140.53,7.3
OITEM002413,ORD001630,PROD0074,3,577.43,31.4
OITEM002414,ORD000808,PROD0048,1,635.8,43.6
OITEM002415,ORD000808,PROD0066,3,791.53,19.3
OITEM002416,ORD003032,PROD0135,1,3030.57,48.8
OITEM002417,ORD000678,PROD0024,2,22031.95,48.2
OITEM002418,ORD000294,PROD0009,1,19006.14,24.5
OITEM002419,ORD002865,PROD0024,2,21662.73,34.1
OITEM002420,ORD002865,PROD0111,1,3507.24,16.3
OITEM002421,ORD001488,PROD0122,2,2095.08,32.3
OITEM002422,ORD003065,PROD0066,5,825.41,27.4
OITEM002423,ORD000439,PROD0136,2,2915.95,41.9
OITEM002424,ORD000760,PROD0192,4,927.2,27.3
OITEM002425,ORD001970,PROD0119,1,1787.76,24.1
OITEM002426,ORD001132,PROD0024,2,20771.19,33.8
OITEM002427,ORD001132,PROD0066,5,758.15,6.0
OITEM002428,ORD000491,PROD0138,4,1658.57,46.3
OITEM002429,ORD000491,PROD0144,1,1128.21,7.0
OITEM002430,ORD002823,PROD0081,2,5142.84,9.6
OITEM002431,ORD002823,PROD0136,1,2916.1,7.0
OITEM002432,ORD001196,PROD0146,2,13026.6,20.3
OITEM002433,ORD001196,PROD0119,1,1777.31,37.0
OITEM002434,ORD001953,PROD0004,4,28223.98,32.4
OITEM002435,ORD003023,PROD0128,1,1113.65,20.1
OITEM002436,ORD003023,PROD0112,1,6106.65,44.8
OITEM002437,ORD003023,PROD0132,1,202.98,43.7
OITEM002438,ORD000699,PROD0116,2,12142.92,8.9
OITEM002439,ORD000699,PROD0166,1,105.94,27.3
OITEM002440,ORD002739,PROD0190,1,5154.36,36.6
OITEM002441,ORD002739,PROD0166,1,104.17,42.3
OITEM002442,ORD002739,PROD0066,1,804.36,27.5
OITEM002443,ORD002739,PROD0183,2,1007.54,22.9
OITEM002444,ORD001729,PROD0065,1,3855.73,26.2
OITEM002445,ORD001358,PROD0166,1,111.58,6.3
OITEM002446,ORD001358,PROD0119,4,1879.86,47.7
OITEM002447,ORD002486,PROD0156,1,16615.49,48.7
OITEM002448,ORD002486,PROD0128,3,1062.63,9.2
OITEM002449,ORD002486,PROD0166,1,107.64,7.3
OITEM002450,ORD002486,PROD0119,1,1733.54,42.7
OITEM002451,ORD002169,PROD0066,2,753.99,32.9
OITEM002452,ORD001180,PROD0068,3,3613.33,11.2
OITEM002453,ORD001180,PROD0050,1,4380.42,12.6
OITEM002454,ORD001906,PROD0116,5,11923.5,43.2
OITEM002455,ORD001906,PROD0050,1,4552.85,33.1
OITEM002456,ORD000834,PROD0024,2,21607.63,17.9
OITEM002457,ORD002857,PROD0037,1,20731.45,17.3
OITEM002458,ORD002857,PROD0068,1,3500.35,29.5
OITEM002459,ORD002857,PROD0031,1,5225.59,27.9
OITEM002460,ORD001436,PROD0165,1,216.58,47.6
OITEM002461,ORD001251,PROD0192,2,864.89,49.1
OITEM002462,ORD001251,PROD0128,3,1092.36,19.8
OITEM002463,ORD001251,PROD0069,4,1695.38,39.1
OITEM002464,ORD001464,PROD0137,1,2169.05,24.6
OITEM002465,ORD001464,PROD0095,1,7006.39,38.5
OITEM002466,ORD001464,PROD0116,1,11679.62,41.2
OITEM002467,ORD001464,PROD0170,3,121.63,20.4
OITEM002468,ORD001869,PROD0050,5,4268.64,27.6
OITEM002469,ORD001869,PROD0014,1,4162.99,26.2
OITEM002470,ORD001869,PROD0166,1,108.9,29.0
OITEM002471,ORD001869,PROD0135,1,2932.61,16.7
OITEM002472,ORD000147,PROD0166,2,110.54,48.1
OITEM002473,ORD001489,PROD0192,1,856.53,26.2
OITEM002474,ORD001489,PROD0066,2,824.17,18.1
OITEM002475,ORD001666,PROD0112,4,6328.39,42.9
OITEM002476,ORD001666,PROD0042,1,5277.3,8.9
OITEM002477,ORD003027,PROD0135,4,2868.64,42.0
OITEM002478,ORD003027,PROD0068,1,3584.33,11.5
OITEM002479,ORD000794,PROD0119,3,1732.91,49.7
OITEM002480,ORD000870,PROD0095,4,7143.04,45.2
OITEM002481,ORD001588,PROD0046,2,2622.41,11.0
OITEM002482,ORD002076,PROD0140,1,385.19,40.2
OITEM002483,ORD002076,PROD0050,1,4437.0,37.4
OITEM002484,ORD000107,PROD0173,1,169.32,45.1
OITEM002485,ORD000107,PROD0068,1,3359.79,29.2
OITEM002486,ORD000107,PROD0128,4,1043.99,34.1
OITEM002487,ORD002255,PROD0156,1,17347.21,21.5
OITEM002488,ORD002255,PROD0095,2,6742.31,26.6
OITEM002489,ORD002764,PROD0099,4,957.82,7.4
OITEM002490,ORD002875,PROD0112,1,6573.24,31.5
OITEM002491,ORD002875,PROD0119,3,1891.11,29.1
OITEM002492,ORD002875,PROD0066,2,831.7,14.4
OITEM002493,ORD002435,PROD0066,2,780.45,31.3
OITEM002494,ORD002392,PROD0166,5,107.24,47.9
OITEM002495,ORD001812,PROD0155,1,12138.04,48.6
OITEM002496,ORD001812,PROD0051,1,5262.43,28.2
OITEM002497,ORD001812,PROD0116,3,12113.25,36.0
OITEM002498,ORD001812,PROD0063,1,2067.76,24.3
OITEM002499,ORD002595,PROD0047,1,3143.08,34.7
OITEM002500,ORD002595,PROD0028,1,51945.47,31.8
OITEM002501,ORD002595,PROD0166,1,104.14,47.0
OITEM002502,ORD002595,PROD0168,4,668.43,16.3
OITEM002503,ORD002431,PROD0121,1,3331.21,44.7
OITEM002504,ORD002388,PROD0173,3,162.51,23.0
OITEM002505,ORD002791,PROD0128,1,1051.24,41.6
OITEM002506,ORD002791,PROD0047,1,2910.99,27.7
OITEM002507,ORD002791,PROD0172,1,1035.79,29.6
OITEM002508,ORD000423,PROD0166,2,112.58,24.5
OITEM002509,ORD000423,PROD0174,2,393.22,49.7
OITEM002510,ORD000566,PROD0004,2,28275.56,37.4
OITEM002511,ORD000566,PROD0112,1,6316.64,47.4
OITEM002512,ORD000184,PROD0055,3,5105.97,23.2
OITEM002513,ORD000184,PROD0066,1,756.22,17.8
OITEM002514,ORD000746,PROD0119,1,1841.35,9.7
OITEM002515,ORD000746,PROD0121,1,3200.66,8.4
OITEM002516,ORD001790,PROD0156,2,17792.83,38.1
OITEM002517,ORD001790,PROD0135,5,2879.34,13.2
OITEM002518,ORD002485,PROD0065,5,3854.62,40.8
OITEM002519,ORD000947,PROD0113,4,8127.89,19.2
OITEM002520,ORD000947,PROD0190,3,4974.49,11.7
OITEM002521,ORD000554,PROD0112,2,6269.4,27.7
OITEM002522,ORD000554,PROD0173,2,175.43,16.3
OITEM002523,ORD000554,PROD0066,1,825.3,21.7
OITEM002524,ORD000554,PROD0132,3,197.97,17.9
OITEM002525,ORD001228,PROD0173,1,172.72,39.6
OITEM002526,ORD000823,PROD0024,1,22192.78,36.4
OITEM002527,ORD000823,PROD0165,2,205.56,6.5
OITEM002528,ORD000823,PROD0118,1,563.81,42.1
OITEM002529,ORD002786,PROD0095,3,6945.14,26.7
OITEM002530,ORD002404,PROD0024,1,22799.23,6.9
OITEM002531,ORD002404,PROD0047,2,2926.35,23.0
OITEM002532,ORD002404,PROD0118,1,584.78,13.8
OITEM002533,ORD000181,PROD0120,1,3120.38,47.5
OITEM002534,ORD002272,PROD0132,1,206.67,43.1
OITEM002535,ORD001945,PROD0078,1,4916.41,43.0
OITEM002536,ORD001945,PROD0119,1,1751.26,17.1
OITEM002537,ORD001945,PROD0063,1,2049.35,14.2
OITEM002538,ORD000513,PROD0060,5,3998.97,50.0
OITEM002539,ORD000513,PROD0131,2,3082.92,22.4
OITEM002540,ORD001446,PROD0183,1,971.98,30.1
OITEM002541,ORD001446,PROD0009,2,18749.45,29.8
OITEM002542,ORD000715,PROD0118,1,564.66,22.1
OITEM002543,ORD000715,PROD0166,2,110.54,33.6
OITEM002544,ORD000715,PROD0066,1,781.07,32.5
OITEM002545,ORD000715,PROD0088,1,4627.42,6.9
OITEM002546,ORD002041,PROD0060,1,3777.19,34.5
OITEM002547,ORD001149,PROD0087,3,13485.03,18.7
OITEM002548,ORD000671,PROD0066,1,822.16,35.0
OITEM002549,ORD000671,PROD0024,1,22197.21,14.0
OITEM002550,ORD000671,PROD0200,4,3792.18,5.4
OITEM002551,ORD000885,PROD0024,1,22231.1,23.8
OITEM002552,ORD000885,PROD0104,1,11795.2,11.1
OITEM002553,ORD000885,PROD0121,1,3299.41,12.3
OITEM002554,ORD001429,PROD0172,1,1016.95,5.3
OITEM002555,ORD001429,PROD0004,1,26978.46,41.1
OITEM002556,ORD002508,PROD0120,1,3036.43,28.1
OITEM002557,ORD003016,PROD0165,1,221.93,38.2
OITEM002558,ORD003016,PROD0166,1,114.37,24.8
OITEM002559,ORD003016,PROD0066,2,804.54,12.9
OITEM002560,ORD000922,PROD0119,1,1726.44,30.9
OITEM002561,ORD000922,PROD0043,2,1149.99,22.7
OITEM002562,ORD000922,PROD0006,5,20867.59,17.2
OITEM002563,ORD000922,PROD0141,4,580.22,35.9
OITEM002564,ORD002327,PROD0051,2,5082.54,49.9
OITEM002565,ORD002327,PROD0116,1,11587.6,8.5
OITEM002566,ORD000485,PROD0033,1,20994.04,14.7
OITEM002567,ORD000485,PROD0119,2,1868.17,47.5
OITEM002568,ORD002892,PROD0031,2,5607.33,7.2
OITEM002569,ORD002892,PROD0047,1,3092.18,18.8
OITEM002570,ORD000335,PROD0166,1,104.69,18.8
OITEM002571,ORD000786,PROD0112,1,5973.49,47.0
OITEM002572,ORD001782,PROD0068,2,3525.95,41.4
OITEM002573,ORD001552,PROD0166,2,112.28,8.9
OITEM002574,ORD001465,PROD0119,2,1867.63,14.6
OITEM002575,ORD000775,PROD0130,1,3874.12,6.3
OITEM002576,ORD000888,PROD0119,3,1839.32,32.5
OITEM002577,ORD002459,PROD0128,4,1130.92,44.2
OITEM002578,ORD002606,PROD0135,2,3050.05,16.3
OITEM002579,ORD001370,PROD0095,2,6711.32,41.0
OITEM002580,ORD001370,PROD0031,1,5466.38,36.0
OITEM002581,ORD001370,PROD0121,1,3087.45,22.9
OITEM002582,ORD001370,PROD0087,1,13384.2,5.5
OITEM002583,ORD002099,PROD0112,4,6562.13,13.1
OITEM002584,ORD002713,PROD0042,1,5383.04,10.7
OITEM002585,ORD002185,PROD0061,1,1273.24,28.0
OITEM002586,ORD002185,PROD0028,1,54092.13,21.8
OITEM002587,ORD000024,PROD0166,5,111.79,29.2
OITEM002588,ORD000024,PROD0076,1,575.28,33.5
OITEM002589,ORD000024,PROD0130,2,3824.35,6.2
OITEM002590,ORD000024,PROD0028,2,51869.9,14.3
OITEM002591,ORD002723,PROD0064,2,588.25,43.1
OITEM002592,ORD000299,PROD0172,1,1027.09,9.3
OITEM002593,ORD000087,PROD0183,1,949.95,13.5
OITEM002594,ORD002724,PROD0064,1,572.23,27.7
OITEM002595,ORD002724,PROD0066,3,817.76,40.9
OITEM002596,ORD002724,PROD0084,3,2149.05,10.4
OITEM002597,ORD001011,PROD0179,2,980.26,44.4
OITEM002598,ORD001897,PROD0119,1,1848.97,11.1
OITEM002599,ORD001897,PROD0135,1,2892.04,48.4
OITEM002600,ORD001897,PROD0053,1,1851.52,48.6
OITEM002601,ORD001897,PROD0039,1,21399.22,45.8
OITEM002602,ORD000534,PROD0052,2,2701.85,27.5
OITEM002603,ORD002969,PROD0128,1,1030.58,13.6
OITEM002604,ORD002969,PROD0007,2,4484.44,31.4
OITEM002605,ORD000014,PROD0121,5,3353.24,42.7
OITEM002606,ORD001304,PROD0047,1,3163.06,16.5
OITEM002607,ORD001304,PROD0128,2,1040.83,23.3
OITEM002608,ORD000832,PROD0166,1,110.09,20.5
OITEM002609,ORD003195,PROD0095,1,6880.99,39.8
OITEM002610,ORD000139,PROD0066,1,819.79,8.5
OITEM002611,ORD000139,PROD0116,2,12222.7,14.5
OITEM002612,ORD001106,PROD0121,2,3138.81,8.8
OITEM002613,ORD001106,PROD0173,2,168.69,22.5
OITEM002614,ORD000233,PROD0002,1,37365.54,42.4
OITEM002615,ORD000233,PROD0113,3,8241.47,11.9
OITEM002616,ORD000233,PROD0050,1,4443.4,43.2
OITEM002617,ORD002354,PROD0116,1,11661.35,18.1
OITEM002618,ORD002354,PROD0133,3,3379.24,38.0
OITEM002619,ORD000804,PROD0066,1,754.63,5.9
OITEM002620,ORD000804,PROD0170,1,128.1,29.4
OITEM002621,ORD000804,PROD0133,1,3320.49,26.8
OITEM002622,ORD000804,PROD0135,1,2978.24,40.0
OITEM002623,ORD001388,PROD0050,1,4411.77,46.4
OITEM002624,ORD000799,PROD0110,1,5760.68,41.2
OITEM002625,ORD000799,PROD0068,1,3468.53,26.4
OITEM002626,ORD000799,PROD0066,2,758.65,28.3
OITEM002627,ORD000581,PROD0066,3,760.35,22.0
OITEM002628,ORD000581,PROD0171,2,39.71,9.7
OITEM002629,ORD001982,PROD0128,2,1093.32,38.6
OITEM002630,ORD001982,PROD0011,2,16174.35,39.5
OITEM002631,ORD001982,PROD0031,1,5386.02,46.1
OITEM002632,ORD000493,PROD0068,1,3616.36,6.1
OITEM002633,ORD001881,PROD0121,2,3397.19,27.8
OITEM002634,ORD000452,PROD0063,1,2013.38,25.2
OITEM002635,ORD002943,PROD0027,3,18745.56,47.2
OITEM002636,ORD000898,PROD0023,2,8333.65,40.1
OITEM002637,ORD000898,PROD0133,4,3299.62,38.2
OITEM002638,ORD003042,PROD0063,4,2046.91,19.1
OITEM002639,ORD003042,PROD0173,3,161.4,5.1
OITEM002640,ORD002028,PROD0063,1,2149.82,7.7
OITEM002641,ORD002028,PROD0166,1,113.07,21.8
OITEM002642,ORD002028,PROD0128,1,1089.52,13.9
OITEM002643,ORD000689,PROD0031,1,5539.94,49.0
OITEM002644,ORD002831,PROD0031,1,5387.03,32.1
OITEM002645,ORD002104,PROD0020,1,18888.86,46.3
OITEM002646,ORD002104,PROD0150,3,17077.57,29.5
OITEM002647,ORD002104,PROD0076,1,548.85,41.8
OITEM002648,ORD002634,PROD0111,4,3483.76,43.1
OITEM002649,ORD002634,PROD0166,3,111.74,29.5
OITEM002650,ORD001276,PROD0119,1,1814.6,24.8
OITEM002651,ORD001276,PROD0068,1,3457.93,19.5
OITEM002652,ORD000997,PROD0072,1,568.91,11.2
OITEM002653,ORD000997,PROD0135,2,2981.19,14.6
OITEM002654,ORD000997,PROD0047,3,3022.68,12.8
OITEM002655,ORD000209,PROD0121,5,3101.33,32.4
OITEM002656,ORD000082,PROD0087,4,12419.91,33.2
OITEM002657,ORD000082,PROD0119,2,1745.24,11.0
OITEM002658,ORD002553,PROD0121,2,3294.48,13.3
OITEM002659,ORD002697,PROD0024,2,21941.41,45.3
OITEM002660,ORD002697,PROD0119,5,1865.33,48.9
OITEM002661,ORD001070,PROD0183,1,927.19,42.7
OITEM002662,ORD001070,PROD0166,3,109.35,19.1
OITEM002663,ORD001070,PROD0133,2,3193.71,46.2
OITEM002664,ORD002883,PROD0166,1,112.67,21.0
OITEM002665,ORD002300,PROD0004,1,27890.78,13.7
OITEM002666,ORD001301,PROD0119,3,1861.42,28.5
OITEM002667,ORD001301,PROD0121,3,3380.21,37.9
OITEM002668,ORD001301,PROD0047,1,3101.37,17.2
OITEM002669,ORD002467,PROD0004,3,26999.86,15.8
OITEM002670,ORD001036,PROD0119,3,1889.41,6.2
OITEM002671,ORD001036,PROD0056,2,5548.54,8.7
OITEM002672,ORD001036,PROD0112,2,6387.31,14.8
OITEM002673,ORD001036,PROD0050,1,4499.56,27.0
OITEM002674,ORD001713,PROD0190,1,5185.84,20.4
OITEM002675,ORD000166,PROD0135,3,2816.61,47.4
OITEM002676,ORD001183,PROD0050,2,4376.22,35.1
OITEM002677,ORD001183,PROD0068,1,3554.61,45.1
OITEM002678,ORD002397,PROD0098,1,3489.86,36.7
OITEM002679,ORD002691,PROD0125,1,2750.07,48.3
OITEM002680,ORD002691,PROD0004,1,28378.84,46.8
OITEM002681,ORD002691,PROD0047,1,3103.34,22.0
OITEM002682,ORD000272,PROD0190,3,5067.33,20.6
OITEM002683,ORD001827,PROD0023,3,8553.14,38.9
OITEM002684,ORD001827,PROD0192,1,919.75,25.9
OITEM002685,ORD001827,PROD0172,3,1039.25,22.7
OITEM002686,ORD001653,PROD0020,1,19136.49,25.2
OITEM002687,ORD001653,PROD0141,1,569.84,19.9
OITEM002688,ORD001653,PROD0048,2,594.62,23.0
OITEM002689,ORD002060,PROD0121,1,3313.66,42.7
OITEM002690,ORD002060,PROD0172,1,1051.72,48.6
OITEM002691,ORD000640,PROD0095,1,7105.19,9.7
OITEM002692,ORD000640,PROD0066,1,755.34,22.8
OITEM002693,ORD002142,PROD0065,1,3603.08,9.6
OITEM002694,ORD002142,PROD0192,1,863.1,30.2
OITEM002695,ORD001655,PROD0047,3,2883.94,40.1
OITEM002696,ORD001655,PROD0068,1,3381.03,48.0
OITEM002697,ORD002100,PROD0114,2,14347.24,49.0
OITEM002698,ORD000410,PROD0137,2,2262.69,25.2
OITEM002699,ORD000410,PROD0079,1,5031.08,49.3
OITEM002700,ORD000410,PROD0112,1,6294.63,6.0
OITEM002701,ORD000410,PROD0068,4,3484.07,49.8
OITEM002702,ORD000709,PROD0133,1,3293.55,35.1
OITEM002703,ORD000709,PROD0118,1,544.91,42.6
OITEM002704,ORD000709,PROD0119,1,1874.95,6.4
OITEM002705,ORD000709,PROD0116,2,12673.39,23.6
OITEM002706,ORD000880,PROD0087,1,13450.97,9.7
OITEM002707,ORD000880,PROD0098,1,3227.38,11.6
OITEM002708,ORD002629,PROD0004,1,27192.43,6.4
OITEM002709,ORD001700,PROD0119,5,1819.31,47.5
OITEM002710,ORD001700,PROD0029,3,2310.96,20.9
OITEM002711,ORD001014,PROD0066,1,778.69,34.7
OITEM002712,ORD002005,PROD0060,1,3891.8,50.0
OITEM002713,ORD002005,PROD0066,5,814.86,36.2
OITEM002714,ORD001108,PROD0075,1,2322.99,42.3
OITEM002715,ORD001128,PROD0066,1,820.92,35.1
OITEM002716,ORD001128,PROD0138,1,1662.83,7.0
OITEM002717,ORD002114,PROD0119,2,1766.75,45.3
OITEM002718,ORD002700,PROD0133,1,3231.43,34.3
OITEM002719,ORD000993,PROD0112,5,6293.39,27.9
OITEM002720,ORD000993,PROD0173,1,161.16,13.2
OITEM002721,ORD002219,PROD0128,1,1035.29,8.7
OITEM002722,ORD002219,PROD0099,3,1004.43,48.3
OITEM002723,ORD002257,PROD0116,4,12236.52,33.2
OITEM002724,ORD002507,PROD0087,2,13150.47,43.8
OITEM002725,ORD002650,PROD0180,5,534.31,43.6
OITEM002726,ORD002683,PROD0133,1,3078.79,8.9
OITEM002727,ORD002683,PROD0024,1,21926.93,43.7
OITEM002728,ORD002335,PROD0130,1,3848.01,15.9
OITEM002729,ORD002746,PROD0150,1,17922.81,41.8
OITEM002730,ORD001462,PROD0130,2,3766.99,46.7
OITEM002731,ORD000109,PROD0091,1,15689.53,8.4
OITEM002732,ORD000109,PROD0037,1,21389.14,7.2
OITEM002733,ORD002788,PROD0109,1,14238.23,36.0
OITEM002734,ORD002788,PROD0064,1,591.43,27.0
OITEM002735,ORD002788,PROD0132,2,197.7,43.1
OITEM002736,ORD002299,PROD0156,1,17714.41,36.1
OITEM002737,ORD001914,PROD0173,2,168.44,34.9
OITEM002738,ORD002671,PROD0166,2,113.92,12.7
OITEM002739,ORD002671,PROD0119,2,1876.72,36.5
OITEM002740,ORD001448,PROD0024,5,22493.1,25.5
OITEM002741,ORD001448,PROD0086,4,9233.97,35.7
OITEM002742,ORD001448,PROD0058,2,3330.17,48.6
OITEM002743,ORD001448,PROD0121,2,3404.55,44.9
OITEM002744,ORD003173,PROD0060,1,4147.53,13.6
OITEM002745,ORD001547,PROD0119,1,1820.9,46.4
OITEM002746,ORD001872,PROD0076,1,584.75,23.6
OITEM002747,ORD001872,PROD0087,1,12753.26,25.6
OITEM002748,ORD001872,PROD0131,2,3028.49,40.0
OITEM002749,ORD002495,PROD0135,1,2801.18,40.7
OITEM002750,ORD003081,PROD0102,2,11897.45,41.0
OITEM002751,ORD003081,PROD0121,2,3402.34,30.8
OITEM002752,ORD000199,PROD0068,3,3558.58,24.7
OITEM002753,ORD003075,PROD0064,1,593.48,9.4
OITEM002754,ORD003075,PROD0135,1,2952.56,40.9
OITEM002755,ORD003075,PROD0084,1,2343.16,31.6
OITEM002756,ORD003075,PROD0111,5,3686.88,47.4
OITEM002757,ORD001647,PROD0114,2,14389.36,37.6
OITEM002758,ORD001647,PROD0041,2,5418.74,24.3
OITEM002759,ORD002937,PROD0035,3,23017.23,8.4
OITEM002760,ORD002937,PROD0042,1,5389.63,26.1
OITEM002761,ORD002672,PROD0119,1,1877.96,31.4
OITEM002762,ORD002672,PROD0050,1,4368.63,15.0
OITEM002763,ORD002672,PROD0064,2,586.78,17.4
OITEM002764,ORD001684,PROD0166,3,107.31,13.9
OITEM002765,ORD001684,PROD0173,3,159.28,19.7
OITEM002766,ORD001684,PROD0041,1,5300.64,43.2
OITEM002767,ORD001144,PROD0166,1,110.74,19.7
OITEM002768,ORD001439,PROD0120,4,3047.38,27.1
OITEM002769,ORD003068,PROD0084,1,2221.51,43.8
OITEM002770,ORD003068,PROD0144,2,1132.19,32.5
OITEM002771,ORD002668,PROD0066,1,817.44,37.5
OITEM002772,ORD002668,PROD0011,1,15164.77,7.8
OITEM002773,ORD002155,PROD0121,4,3204.61,24.9
OITEM002774,ORD002155,PROD0047,4,3122.11,48.8
OITEM002775,ORD001379,PROD0066,1,819.55,47.9
OITEM002776,ORD001379,PROD0183,2,995.24,8.7
OITEM002777,ORD001379,PROD0155,5,11683.79,27.5
OITEM002778,ORD001080,PROD0166,1,104.94,21.9
OITEM002779,ORD002976,PROD0066,1,769.83,33.8
OITEM002780,ORD000280,PROD0112,5,6487.48,20.7
OITEM002781,ORD000280,PROD0066,2,776.25,39.9
OITEM002782,ORD000280,PROD0040,2,2852.34,37.2
OITEM002783,ORD000662,PROD0044,1,788.13,36.4
OITEM002784,ORD000662,PROD0200,1,3764.1,27.0
OITEM002785,ORD000662,PROD0076,1,576.63,47.1
OITEM002786,ORD000662,PROD0132,1,200.55,12.0
OITEM002787,ORD002162,PROD0066,1,770.99,40.1
OITEM002788,ORD002162,PROD0111,1,3672.32,7.1
OITEM002789,ORD002090,PROD0046,2,2516.48,44.5
OITEM002790,ORD002090,PROD0173,1,165.43,24.5
OITEM002791,ORD002090,PROD0104,2,12191.13,16.1
OITEM002792,ORD002394,PROD0052,1,2710.42,34.6
OITEM002793,ORD000813,PROD0075,1,2354.73,7.9
OITEM002794,ORD001216,PROD0031,2,5525.42,7.9
OITEM002795,ORD000909,PROD0064,1,580.55,26.7
OITEM002796,ORD001935,PROD0034,3,20398.43,47.5
OITEM002797,ORD001303,PROD0133,4,3299.83,16.4
OITEM002798,ORD002069,PROD0024,2,21498.03,43.8
OITEM002799,ORD002069,PROD0121,1,3202.4,10.3
OITEM002800,ORD000125,PROD0068,3,3423.41,11.7
OITEM002801,ORD001315,PROD0166,1,112.67,41.8
OITEM002802,ORD001315,PROD0172,4,980.25,36.9
OITEM002803,ORD001860,PROD0026,1,39746.45,47.3
OITEM002804,ORD001860,PROD0119,2,1719.89,36.2
OITEM002805,ORD001860,PROD0161,1,15128.67,40.3
OITEM002806,ORD000333,PROD0031,3,5486.3,31.4
OITEM002807,ORD001895,PROD0004,2,28516.4,34.3
OITEM002808,ORD002350,PROD0087,2,13008.66,47.0
OITEM002809,ORD002350,PROD0031,2,5576.6,18.4
OITEM002810,ORD002350,PROD0176,2,1275.66,23.4
OITEM002811,ORD002632,PROD0084,3,2234.41,42.8
OITEM002812,ORD002632,PROD0166,2,113.01,43.5
OITEM002813,ORD003143,PROD0031,1,5528.95,10.7
OITEM002814,ORD001628,PROD0040,2,2937.03,14.2
OITEM002815,ORD001456,PROD0064,1,589.39,20.6
OITEM002816,ORD001456,PROD0145,1,10637.52,48.9
OITEM002817,ORD001456,PROD0111,1,3674.89,33.3
OITEM002818,ORD002927,PROD0112,1,6584.8,37.5
OITEM002819,ORD000865,PROD0121,1,3150.48,49.1
OITEM002820,ORD002635,PROD0121,2,3270.82,32.7
OITEM002821,ORD002398,PROD0004,1,28869.13,23.6
OITEM002822,ORD002398,PROD0169,5,422.46,47.8
OITEM002823,ORD003199,PROD0040,1,2829.86,25.7
OITEM002824,ORD003199,PROD0172,1,1018.31,6.0
OITEM002825,ORD003199,PROD0166,1,105.53,17.7
OITEM002826,ORD003119,PROD0031,4,5557.22,38.3
OITEM002827,ORD003119,PROD0172,1,963.25,10.9
OITEM002828,ORD001267,PROD0066,2,813.08,26.0
OITEM002829,ORD001267,PROD0119,1,1821.19,44.8
OITEM002830,ORD001267,PROD0139,1,1572.01,46.4
OITEM002831,ORD001267,PROD0173,3,167.42,43.6
OITEM002832,ORD002052,PROD0024,1,22694.27,24.8
OITEM002833,ORD002052,PROD0061,5,1249.38,14.6
OITEM002834,ORD002052,PROD0166,2,106.08,15.9
OITEM002835,ORD000201,PROD0004,1,27013.99,23.5
OITEM002836,ORD000201,PROD0002,1,37901.14,48.9
OITEM002837,ORD000201,PROD0112,1,6358.27,7.1
OITEM002838,ORD000201,PROD0111,1,3635.03,18.6
OITEM002839,ORD002256,PROD0121,1,3263.66,28.7
OITEM002840,ORD002709,PROD0025,1,24855.82,49.7
OITEM002841,ORD002709,PROD0166,2,111.04,28.2
OITEM002842,ORD002709,PROD0119,4,1716.34,34.0
OITEM002843,ORD002192,PROD0006,2,19398.85,32.6
OITEM002844,ORD002639,PROD0066,1,794.11,17.7
OITEM002845,ORD002639,PROD0116,4,11611.35,37.6
OITEM002846,ORD001281,PROD0066,2,770.83,45.7
OITEM002847,ORD001281,PROD0166,1,106.56,36.3
OITEM002848,ORD001281,PROD0119,2,1888.15,17.8
OITEM002849,ORD001281,PROD0095,1,6938.99,43.3
OITEM002850,ORD003156,PROD0119,5,1829.82,31.1
OITEM002851,ORD003156,PROD0064,3,594.55,20.2
OITEM002852,ORD003156,PROD0175,1,487.52,39.6
OITEM002853,ORD000565,PROD0066,2,821.85,41.7
OITEM002854,ORD000565,PROD0121,1,3185.34,24.4
OITEM002855,ORD000565,PROD0119,1,1834.22,35.6
OITEM002856,ORD000565,PROD0135,3,2915.38,6.7
OITEM002857,ORD000372,PROD0121,3,3315.55,45.7
OITEM002858,ORD000372,PROD0176,1,1236.52,44.1
OITEM002859,ORD000968,PROD0084,5,2320.63,47.9
OITEM002860,ORD000968,PROD0132,1,202.57,9.9
OITEM002861,ORD002754,PROD0166,2,107.94,35.0
OITEM002862,ORD000418,PROD0047,5,2989.47,42.6
OITEM002863,ORD000418,PROD0066,3,791.21,20.6
OITEM002864,ORD000418,PROD0095,1,7194.92,39.8
OITEM002865,ORD002994,PROD0031,2,5293.64,8.3
OITEM002866,ORD002994,PROD0064,2,585.24,34.4
OITEM002867,ORD002852,PROD0047,2,3164.12,32.5
OITEM002868,ORD002852,PROD0119,1,1844.8,36.5
OITEM002869,ORD002482,PROD0004,3,27831.84,42.1
OITEM002870,ORD002482,PROD0166,4,113.75,25.1
OITEM002871,ORD002482,PROD0050,1,4454.78,20.8
OITEM002872,ORD000777,PROD0134,3,681.35,38.5
OITEM002873,ORD001157,PROD0121,1,3225.69,41.8
OITEM002874,ORD000792,PROD0166,2,110.04,6.7
OITEM002875,ORD000792,PROD0132,1,196.42,24.7
OITEM002876,ORD002102,PROD0193,2,5071.8,17.5
OITEM002877,ORD000192,PROD0066,1,808.58,28.3
OITEM002878,ORD001100,PROD0135,2,3028.17,35.1
OITEM002879,ORD001100,PROD0028,1,50728.25,15.4
OITEM002880,ORD001965,PROD0112,4,5991.01,41.8
OITEM002881,ORD001965,PROD0200,2,3889.65,31.1
OITEM002882,ORD001965,PROD0050,1,4604.07,40.1
OITEM002883,ORD001965,PROD0114,5,14676.49,42.3
OITEM002884,ORD001957,PROD0119,1,1851.63,27.7
OITEM002885,ORD001957,PROD0048,3,598.31,11.9
OITEM002886,ORD001957,PROD0112,1,6384.69,21.0
OITEM002887,ORD001957,PROD0132,1,215.25,9.3
OITEM002888,ORD001260,PROD0112,1,6369.15,36.1
OITEM002889,ORD000693,PROD0166,5,112.93,47.1
OITEM002890,ORD002952,PROD0078,1,4943.48,19.1
OITEM002891,ORD002073,PROD0095,1,7031.36,6.2
OITEM002892,ORD002308,PROD0005,2,5550.32,24.6
OITEM002893,ORD002308,PROD0191,1,4040.11,28.3
OITEM002894,ORD000860,PROD0133,1,3166.04,25.6
OITEM002895,ORD000860,PROD0025,1,24935.93,38.4
OITEM002896,ORD000860,PROD0050,3,4466.44,14.7
OITEM002897,ORD002859,PROD0166,5,107.78,40.1
OITEM002898,ORD002859,PROD0047,2,2964.55,23.2
OITEM002899,ORD000458,PROD0068,3,3597.23,44.3
OITEM002900,ORD000458,PROD0064,3,556.2,16.5
OITEM002901,ORD001308,PROD0170,1,121.47,12.2
OITEM002902,ORD002210,PROD0135,3,3031.28,38.7
OITEM002903,ORD002210,PROD0200,1,3954.16,46.8
OITEM002904,ORD001884,PROD0173,2,160.49,38.1
OITEM002905,ORD000462,PROD0135,1,2857.02,15.0
OITEM002906,ORD000462,PROD0074,4,583.86,46.1
OITEM002907,ORD000462,PROD0118,1,541.12,16.0
OITEM002908,ORD000462,PROD0068,1,3448.84,22.5
OITEM002909,ORD002506,PROD0119,2,1773.12,42.2
OITEM002910,ORD002506,PROD0116,1,11967.59,18.3
OITEM002911,ORD003022,PROD0099,1,952.52,14.9
OITEM002912,ORD002502,PROD0011,1,15302.73,44.1
OITEM002913,ORD002502,PROD0118,1,576.05,34.9
OITEM002914,ORD002049,PROD0102,1,11874.73,22.9
OITEM002915,ORD002049,PROD0084,3,2200.08,46.2
OITEM002916,ORD001451,PROD0150,5,18215.61,5.3
OITEM002917,ORD001451,PROD0194,2,9295.17,46.3
OITEM002918,ORD001451,PROD0130,3,3935.55,47.6
OITEM002919,ORD002886,PROD0003,1,33241.66,25.3
OITEM002920,ORD002886,PROD0004,4,27676.64,21.2
OITEM002921,ORD002014,PROD0171,2,39.25,19.8
OITEM002922,ORD002014,PROD0112,1,6030.54,10.9
OITEM002923,ORD002014,PROD0095,1,6851.4,33.7
OITEM002924,ORD001903,PROD0128,1,1069.42,43.1
OITEM002925,ORD001903,PROD0173,1,174.39,5.4
OITEM002926,ORD001903,PROD0142,1,3343.47,5.4
OITEM002927,ORD001903,PROD0133,1,3325.15,35.8
OITEM002928,ORD000216,PROD0116,3,11917.65,25.2
OITEM002929,ORD000216,PROD0112,1,6068.84,26.3
OITEM002930,ORD000216,PROD0065,2,3666.81,26.2
OITEM002931,ORD002915,PROD0112,1,6535.62,36.0
OITEM002932,ORD001741,PROD0135,2,3076.71,43.1
OITEM002933,ORD001741,PROD0036,2,5465.2,40.1
OITEM002934,ORD000910,PROD0074,1,590.19,38.1
OITEM002935,ORD001490,PROD0047,1,3080.17,48.7
OITEM002936,ORD001724,PROD0120,3,2989.96,13.8
OITEM002937,ORD001724,PROD0160,2,14426.29,37.1
OITEM002938,ORD001724,PROD0166,1,104.32,32.4
OITEM002939,ORD001808,PROD0138,1,1765.96,11.6
OITEM002940,ORD002744,PROD0095,1,6873.53,9.9
OITEM002941,ORD002744,PROD0046,2,2569.3,30.9
OITEM002942,ORD001060,PROD0031,2,5439.97,37.8
OITEM002943,ORD001060,PROD0087,1,13146.15,36.3
OITEM002944,ORD001060,PROD0119,5,1842.7,36.2
OITEM002945,ORD002187,PROD0112,3,6592.17,32.6
OITEM002946,ORD002187,PROD0166,2,104.85,36.9
OITEM002947,ORD000369,PROD0031,1,5485.02,35.8
OITEM002948,ORD000369,PROD0121,1,3179.73,33.5
OITEM002949,ORD000369,PROD0066,2,762.16,46.7
OITEM002950,ORD001083,PROD0055,1,5040.11,23.3
OITEM002951,ORD001083,PROD0155,3,11809.54,23.5
OITEM002952,ORD001083,PROD0067,2,2172.03,48.9
OITEM002953,ORD001083,PROD0170,1,127.37,37.6
OITEM002954,ORD002555,PROD0168,1,669.53,12.6
OITEM002955,ORD002555,PROD0024,2,21815.25,27.4
OITEM002956,ORD002555,PROD0066,1,805.96,44.4
OITEM002957,ORD002012,PROD0119,1,1733.55,19.6
OITEM002958,ORD002012,PROD0166,1,110.4,33.7
OITEM002959,ORD002012,PROD0031,3,5274.99,33.5
OITEM002960,ORD002012,PROD0150,1,17263.6,43.1
OITEM002961,ORD000332,PROD0116,1,12335.46,18.2
OITEM002962,ORD003179,PROD0050,1,4194.12,19.4
OITEM002963,ORD003179,PROD0064,2,602.65,40.4
OITEM002964,ORD002636,PROD0031,2,5514.03,13.6
OITEM002965,ORD003148,PROD0116,1,12572.07,31.9
OITEM002966,ORD001579,PROD0192,2,864.48,39.3
OITEM002967,ORD001579,PROD0152,3,9269.66,45.7
OITEM002968,ORD000374,PROD0031,1,5504.33,7.6
OITEM002969,ORD000342,PROD0161,2,15158.93,5.2
OITEM002970,ORD002370,PROD0066,3,759.81,43.9
OITEM002971,ORD001536,PROD0060,1,3842.52,28.2
OITEM002972,ORD001536,PROD0114,1,14900.11,18.4
OITEM002973,ORD001048,PROD0086,1,9000.96,40.6
OITEM002974,ORD001048,PROD0175,1,450.03,40.3
OITEM002975,ORD001048,PROD0197,1,7748.2,34.3
OITEM002976,ORD002294,PROD0031,1,5196.88,39.4
OITEM002977,ORD002294,PROD0064,2,588.36,5.3
OITEM002978,ORD001455,PROD0051,1,4935.78,23.5
OITEM002979,ORD001264,PROD0135,2,3031.37,9.0
OITEM002980,ORD001937,PROD0184,1,1136.63,19.5
OITEM002981,ORD001937,PROD0048,1,613.26,23.0
OITEM002982,ORD001937,PROD0131,2,3100.85,15.9
OITEM002983,ORD002423,PROD0128,4,1063.42,30.5
OITEM002984,ORD002423,PROD0034,1,19352.1,28.3
OITEM002985,ORD000145,PROD0066,1,758.62,29.6
OITEM002986,ORD000145,PROD0121,3,3104.03,11.4
OITEM002987,ORD002430,PROD0075,1,2387.25,37.7
OITEM002988,ORD002430,PROD0078,2,4827.31,39.2
OITEM002989,ORD001743,PROD0119,1,1883.12,31.0
OITEM002990,ORD001743,PROD0144,1,1074.94,23.5
OITEM002991,ORD001226,PROD0112,4,6257.85,15.1
OITEM002992,ORD001226,PROD0133,1,3075.57,36.7
OITEM002993,ORD001226,PROD0004,1,27827.76,35.1
OITEM002994,ORD000541,PROD0135,1,2844.38,34.5
OITEM002995,ORD000431,PROD0145,1,9897.87,43.9
OITEM002996,ORD000431,PROD0132,4,213.54,8.4
OITEM002997,ORD000431,PROD0068,2,3548.45,37.0
OITEM002998,ORD001770,PROD0136,1,2930.17,5.5
OITEM002999,ORD001770,PROD0068,1,3482.52,19.5
OITEM003000,ORD001535,PROD0168,1,664.93,13.7
OITEM003001,ORD001535,PROD0166,1,114.62,13.2
OITEM003002,ORD000924,PROD0077,1,2710.61,45.2
OITEM003003,ORD000924,PROD0169,2,426.5,15.0
OITEM003004,ORD000924,PROD0063,5,2094.24,32.3
OITEM003005,ORD001350,PROD0095,3,7136.92,27.8
OITEM003006,ORD001350,PROD0116,1,12131.18,13.0
OITEM003007,ORD001350,PROD0086,1,9371.34,41.0
OITEM003008,ORD002130,PROD0145,3,10413.28,12.5
OITEM003009,ORD002130,PROD0174,3,414.27,17.2
OITEM003010,ORD001559,PROD0139,2,1535.87,18.7
OITEM003011,ORD001559,PROD0165,1,220.75,31.9
OITEM003012,ORD002400,PROD0042,1,5063.43,32.8
OITEM003013,ORD001818,PROD0006,1,20794.11,17.2
OITEM003014,ORD001818,PROD0024,1,21238.67,15.1
OITEM003015,ORD001818,PROD0095,2,6891.87,32.5
OITEM003016,ORD002001,PROD0121,4,3238.84,18.0
OITEM003017,ORD000343,PROD0133,1,3356.85,35.5
OITEM003018,ORD000343,PROD0051,1,4872.08,31.4
OITEM003019,ORD002217,PROD0112,2,6201.02,26.9
OITEM003020,ORD002627,PROD0121,1,3221.0,9.2
OITEM003021,ORD003029,PROD0051,1,5270.86,6.9
OITEM003022,ORD002403,PROD0024,1,22017.47,27.4
OITEM003023,ORD002221,PROD0150,1,17450.52,37.5
OITEM003024,ORD000049,PROD0145,1,10452.69,27.7
OITEM003025,ORD003028,PROD0125,1,2908.38,48.5
OITEM003026,ORD003028,PROD0171,4,36.71,25.0
OITEM003027,ORD003028,PROD0047,3,2901.26,16.3
OITEM003028,ORD003028,PROD0110,1,5616.0,34.7
OITEM003029,ORD002959,PROD0031,1,5141.7,13.8
OITEM003030,ORD002959,PROD0095,3,7031.72,28.0
OITEM003031,ORD002959,PROD0047,2,2896.56,40.9
OITEM003032,ORD002959,PROD0135,1,2838.2,13.5
OITEM003033,ORD002666,PROD0119,1,1757.04,48.5
OITEM003034,ORD002666,PROD0116,4,11839.17,31.1
OITEM003035,ORD001198,PROD0099,1,1030.71,43.9
OITEM003036,ORD001504,PROD0119,4,1864.16,26.9
OITEM003037,ORD000649,PROD0002,1,35670.12,17.6
OITEM003038,ORD000649,PROD0063,5,2076.85,35.1
OITEM003039,ORD001699,PROD0195,1,7171.16,34.1
OITEM003040,ORD002792,PROD0132,1,197.92,12.2
OITEM003041,ORD000003,PROD0128,2,1056.34,23.5
OITEM003042,ORD000003,PROD0121,2,3131.17,10.8
OITEM003043,ORD000003,PROD0118,3,548.82,34.7
OITEM003044,ORD002526,PROD0084,2,2280.92,28.0
OITEM003045,ORD002526,PROD0078,4,5051.22,23.6
OITEM003046,ORD000283,PROD0116,4,12244.34,40.1
OITEM003047,ORD000283,PROD0112,1,6459.96,21.1
OITEM003048,ORD000283,PROD0024,1,21241.29,31.1
OITEM003049,ORD000848,PROD0119,1,1791.11,9.3
OITEM003050,ORD003192,PROD0004,2,29343.9,5.7
OITEM003051,ORD003192,PROD0001,5,20885.15,41.4
OITEM003052,ORD003192,PROD0165,1,217.04,5.6
OITEM003053,ORD000637,PROD0119,5,1716.02,13.3
OITEM003054,ORD002246,PROD0040,2,2744.96,31.3
OITEM003055,ORD002246,PROD0116,3,11651.44,29.6
OITEM003056,ORD003055,PROD0172,5,964.65,26.9
OITEM003057,ORD003055,PROD0173,2,163.21,16.9
OITEM003058,ORD003055,PROD0024,3,22319.39,40.3
OITEM003059,ORD002075,PROD0078,1,4782.96,12.5
OITEM003060,ORD001141,PROD0112,1,6481.05,15.4
OITEM003061,ORD001141,PROD0116,3,12352.7,19.4
OITEM003062,ORD001925,PROD0035,4,24795.17,30.9
OITEM003063,ORD001925,PROD0066,3,808.86,48.1
OITEM003064,ORD000417,PROD0119,1,1725.05,40.6
OITEM003065,ORD000417,PROD0084,3,2306.57,7.3
OITEM003066,ORD000487,PROD0031,1,5559.83,39.1
OITEM003067,ORD000487,PROD0048,1,587.81,35.3
OITEM003068,ORD001406,PROD0066,2,758.3,48.7
OITEM003069,ORD001514,PROD0192,1,885.88,41.8
OITEM003070,ORD001514,PROD0166,1,105.98,47.7
OITEM003071,ORD001514,PROD0116,5,11551.3,37.8
OITEM003072,ORD001806,PROD0130,1,3910.55,39.7
OITEM003073,ORD000144,PROD0063,1,2051.38,37.7
OITEM003074,ORD000144,PROD0018,3,20923.95,16.3
OITEM003075,ORD000144,PROD0048,2,611.71,44.5
OITEM003076,ORD000943,PROD0068,1,3468.35,25.0
OITEM003077,ORD000943,PROD0166,1,112.58,31.4
OITEM003078,ORD002814,PROD0173,1,163.89,21.1
OITEM003079,ORD002814,PROD0064,2,589.66,39.2
OITEM003080,ORD000881,PROD0173,2,162.83,29.0
OITEM003081,ORD000881,PROD0087,1,13360.44,40.3
OITEM003082,ORD000881,PROD0193,2,5267.69,39.9
OITEM003083,ORD001208,PROD0048,2,643.73,30.3
OITEM003084,ORD002813,PROD0019,1,31361.19,14.5
OITEM003085,ORD002986,PROD0112,1,6334.1,31.4
OITEM003086,ORD002987,PROD0102,1,10966.24,26.4
OITEM003087,ORD002987,PROD0166,1,110.42,19.7
OITEM003088,ORD002987,PROD0173,1,169.96,48.6
OITEM003089,ORD003132,PROD0172,1,963.45,15.6
OITEM003090,ORD002081,PROD0002,4,35976.61,45.2
OITEM003091,ORD002081,PROD0121,2,3224.84,48.5
OITEM003092,ORD002081,PROD0166,1,114.74,43.1
OITEM003093,ORD002081,PROD0128,1,1057.33,12.4
OITEM003094,ORD002024,PROD0122,1,1998.52,23.1
OITEM003095,ORD000058,PROD0195,1,7691.43,46.1
OITEM003096,ORD000831,PROD0128,1,1129.03,35.6
OITEM003097,ORD000330,PROD0063,5,2130.36,25.4
OITEM003098,ORD001137,PROD0172,1,1004.46,49.7
OITEM003099,ORD001137,PROD0063,1,2168.11,32.8
OITEM003100,ORD001137,PROD0078,1,4625.82,46.9
OITEM003101,ORD001137,PROD0121,1,3375.03,28.9
OITEM003102,ORD002126,PROD0066,2,793.25,5.3
OITEM003103,ORD002126,PROD0024,1,20940.93,20.7
OITEM003104,ORD000234,PROD0065,1,3815.62,27.3
OITEM003105,ORD000234,PROD0064,2,602.13,37.3
OITEM003106,ORD000667,PROD0005,2,5792.69,10.0
OITEM003107,ORD002889,PROD0172,1,998.75,41.5
OITEM003108,ORD002889,PROD0048,2,634.53,21.4
OITEM003109,ORD002858,PROD0066,2,807.07,48.4
OITEM003110,ORD000008,PROD0121,1,3132.86,29.5
OITEM003111,ORD000008,PROD0116,1,12702.29,49.1
OITEM003112,ORD002240,PROD0060,1,3825.66,6.0
OITEM003113,ORD002240,PROD0047,5,3013.78,35.2
OITEM003114,ORD001531,PROD0031,3,5231.6,13.2
OITEM003115,ORD001531,PROD0102,2,11385.04,28.1
OITEM003116,ORD002576,PROD0052,1,2783.85,6.3
OITEM003117,ORD002576,PROD0068,5,3625.02,32.9
OITEM003118,ORD002576,PROD0145,1,10653.13,15.4
OITEM003119,ORD000381,PROD0121,3,3244.04,36.3
OITEM003120,ORD002258,PROD0112,1,6514.32,49.0
OITEM003121,ORD002258,PROD0084,2,2348.75,19.9
OITEM003122,ORD002258,PROD0064,1,560.1,7.3
OITEM003123,ORD002258,PROD0103,1,12816.2,37.3
OITEM003124,ORD001756,PROD0047,5,3044.02,36.3
OITEM003125,ORD002670,PROD0139,1,1626.47,43.6
OITEM003126,ORD002670,PROD0133,4,3162.54,17.6
OITEM003127,ORD001669,PROD0183,1,928.2,25.0
OITEM003128,ORD001669,PROD0035,1,24996.15,29.8
OITEM003129,ORD001669,PROD0192,5,901.46,40.3
OITEM003130,ORD001663,PROD0066,2,760.92,13.1
OITEM003131,ORD002443,PROD0166,2,107.56,22.9
OITEM003132,ORD000190,PROD0068,3,3502.94,19.6
OITEM003133,ORD002622,PROD0141,3,583.4,47.9
OITEM003134,ORD001176,PROD0081,1,5077.32,15.1
OITEM003135,ORD001176,PROD0161,1,15187.95,7.8
OITEM003136,ORD001176,PROD0112,4,6524.1,31.4
OITEM003137,ORD001569,PROD0047,1,2899.26,18.9
OITEM003138,ORD001569,PROD0170,1,116.46,7.7
OITEM003139,ORD001569,PROD0112,1,6114.37,49.7
OITEM003140,ORD000726,PROD0059,3,3795.98,22.4
OITEM003141,ORD000864,PROD0066,2,782.29,15.7
OITEM003142,ORD000864,PROD0047,1,3091.34,25.5
OITEM003143,ORD000864,PROD0121,2,3265.03,15.7
OITEM003144,ORD001592,PROD0132,1,209.57,12.1
OITEM003145,ORD001592,PROD0054,1,4559.41,24.3
OITEM003146,ORD001592,PROD0192,2,876.2,13.7
OITEM003147,ORD000936,PROD0066,1,802.76,22.4
OITEM003148,ORD000936,PROD0092,2,5630.78,20.0
OITEM003149,ORD000936,PROD0136,2,3095.53,11.6
OITEM003150,ORD002876,PROD0051,1,4995.56,27.8
OITEM003151,ORD001210,PROD0047,1,2982.81,35.8
OITEM003152,ORD001210,PROD0178,1,1301.6,38.6
OITEM003153,ORD001705,PROD0135,2,3027.47,39.2
OITEM003154,ORD001705,PROD0011,1,16584.52,8.0
OITEM003155,ORD001705,PROD0165,1,214.76,18.2
OITEM003156,ORD002612,PROD0066,1,818.35,45.5
OITEM003157,ORD002612,PROD0128,3,1033.37,42.3
OITEM003158,ORD000849,PROD0066,3,777.37,42.4
OITEM003159,ORD002154,PROD0119,1,1737.12,49.9
OITEM003160,ORD000787,PROD0178,5,1303.96,13.1
OITEM003161,ORD000038,PROD0004,2,28583.22,13.0
OITEM003162,ORD000499,PROD0066,1,760.39,21.7
OITEM003163,ORD000499,PROD0031,3,5533.98,24.9
OITEM003164,ORD000499,PROD0084,2,2288.6,20.3
OITEM003165,ORD002707,PROD0128,2,1091.41,22.3
OITEM003166,ORD002707,PROD0119,1,1868.7,44.8
OITEM003167,ORD002291,PROD0031,1,5399.35,41.7
OITEM003168,ORD002216,PROD0128,1,1058.01,22.5
OITEM003169,ORD001087,PROD0122,2,2093.8,46.9
OITEM003170,ORD001087,PROD0119,1,1733.33,19.0
OITEM003171,ORD000154,PROD0114,2,14585.61,38.5
OITEM003172,ORD002953,PROD0166,1,105.92,29.9
OITEM003173,ORD002953,PROD0031,2,5200.07,38.0
OITEM003174,ORD002953,PROD0066,1,754.84,45.1
OITEM003175,ORD002953,PROD0063,1,2118.98,16.4
OITEM003176,ORD002462,PROD0029,1,2509.06,18.2
OITEM003177,ORD002302,PROD0141,1,542.47,30.8
OITEM003178,ORD002657,PROD0064,3,563.1,48.8
OITEM003179,ORD001678,PROD0016,2,29462.48,29.9
OITEM003180,ORD002316,PROD0130,1,3899.35,18.9
OITEM003181,ORD002316,PROD0172,1,1003.35,32.5
OITEM003182,ORD002316,PROD0166,2,106.02,25.5
OITEM003183,ORD002832,PROD0059,3,3618.39,27.0
OITEM003184,ORD002832,PROD0087,1,12593.9,35.4
OITEM003185,ORD002990,PROD0196,1,9521.62,34.6
OITEM003186,ORD002086,PROD0161,5,15445.01,32.2
OITEM003187,ORD002367,PROD0024,1,22161.92,21.0
OITEM003188,ORD002367,PROD0066,2,774.07,20.5
OITEM003189,ORD002367,PROD0133,1,3165.13,23.4
OITEM003190,ORD002064,PROD0183,4,934.86,24.3
OITEM003191,ORD002649,PROD0052,2,2813.75,26.0
OITEM003192,ORD000221,PROD0173,1,175.65,32.6
OITEM003193,ORD001061,PROD0066,3,789.34,5.8
OITEM003194,ORD001061,PROD0024,3,22002.72,14.8
OITEM003195,ORD002018,PROD0136,1,2953.07,22.0
OITEM003196,ORD002563,PROD0166,1,110.76,29.0
OITEM003197,ORD001049,PROD0031,1,5156.16,7.2
OITEM003198,ORD001049,PROD0048,1,624.1,7.6
OITEM003199,ORD001049,PROD0183,4,966.88,24.2
OITEM003200,ORD001049,PROD0050,5,4323.25,28.9
OITEM003201,ORD003019,PROD0075,1,2254.71,24.7
OITEM003202,ORD002605,PROD0041,1,5245.43,7.6
OITEM003203,ORD000017,PROD0179,1,953.99,36.2
OITEM003204,ORD002273,PROD0133,2,3307.4,37.9
OITEM003205,ORD001658,PROD0133,1,3109.51,47.4
OITEM003206,ORD001799,PROD0186,1,1484.85,33.4
OITEM003207,ORD001799,PROD0028,1,49443.75,16.6
OITEM003208,ORD002841,PROD0043,1,1096.31,22.8
OITEM003209,ORD002841,PROD0166,1,114.71,9.6
OITEM003210,ORD001893,PROD0066,1,769.04,16.9
OITEM003211,ORD001893,PROD0132,2,205.17,39.3
OITEM003212,ORD002818,PROD0173,2,163.25,33.0
OITEM003213,ORD002818,PROD0063,2,2018.79,21.8
OITEM003214,ORD002956,PROD0154,2,11018.47,38.7
OITEM003215,ORD002956,PROD0118,1,552.12,48.5
OITEM003216,ORD002013,PROD0051,2,4904.91,47.7
OITEM003217,ORD001274,PROD0066,2,802.72,12.2
OITEM003218,ORD001274,PROD0121,1,3289.96,5.8
OITEM003219,ORD003158,PROD0196,1,9931.44,38.0
OITEM003220,ORD003158,PROD0066,1,762.24,30.7
OITEM003221,ORD002343,PROD0138,4,1755.87,25.3
OITEM003222,ORD002343,PROD0119,1,1752.68,23.0
OITEM003223,ORD001038,PROD0018,2,20343.96,15.9
OITEM003224,ORD001038,PROD0031,2,5167.47,39.3
OITEM003225,ORD000430,PROD0119,4,1729.76,20.2
OITEM003226,ORD001692,PROD0192,3,847.74,40.5
OITEM003227,ORD001692,PROD0139,2,1639.09,28.5
OITEM003228,ORD001692,PROD0005,1,5720.09,26.1
OITEM003229,ORD001692,PROD0116,4,12319.02,31.8
OITEM003230,ORD000543,PROD0166,1,110.99,8.7
OITEM003231,ORD000543,PROD0113,5,7874.53,7.2
OITEM003232,ORD000543,PROD0066,3,808.41,34.2
OITEM003233,ORD000492,PROD0131,5,2851.57,24.5
OITEM003234,ORD000492,PROD0086,1,9125.5,7.5
OITEM003235,ORD002530,PROD0145,2,10257.91,9.8
OITEM003236,ORD002530,PROD0035,1,23964.28,29.5
OITEM003237,ORD002530,PROD0192,3,888.93,37.6
OITEM003238,ORD002530,PROD0133,3,3145.93,30.8
OITEM003239,ORD000447,PROD0046,3,2667.51,47.3
OITEM003240,ORD000447,PROD0166,3,107.3,27.0
OITEM003241,ORD002143,PROD0128,1,1098.55,6.2
OITEM003242,ORD002106,PROD0078,1,4664.42,22.6
OITEM003243,ORD003063,PROD0135,1,2933.46,23.5
OITEM003244,ORD003063,PROD0066,1,771.65,28.8
OITEM003245,ORD003063,PROD0180,2,560.52,21.1
OITEM003246,ORD003063,PROD0121,2,3316.66,48.3
OITEM003247,ORD001041,PROD0170,2,125.94,34.5
OITEM003248,ORD000628,PROD0180,2,536.98,19.9
OITEM003249,ORD002413,PROD0119,1,1875.87,49.4
OITEM003250,ORD002783,PROD0041,1,5461.89,26.6
OITEM003251,ORD002783,PROD0047,1,2923.83,38.7
OITEM003252,ORD002271,PROD0043,1,1123.13,31.3
OITEM003253,ORD002271,PROD0063,1,2137.42,23.1
OITEM003254,ORD000293,PROD0066,1,797.4,23.7
OITEM003255,ORD001172,PROD0042,2,5129.9,29.8
OITEM003256,ORD001172,PROD0119,2,1798.11,41.1
OITEM003257,ORD001172,PROD0112,2,6576.99,44.3
OITEM003258,ORD000983,PROD0116,1,11807.6,28.9
OITEM003259,ORD001032,PROD0082,1,2103.56,18.1
OITEM003260,ORD001032,PROD0128,1,1066.03,34.1
OITEM003261,ORD003141,PROD0028,1,52444.36,24.4
OITEM003262,ORD001376,PROD0081,3,5343.2,36.6
OITEM003263,ORD002007,PROD0128,1,1050.75,13.8
OITEM003264,ORD001110,PROD0121,1,3160.83,33.5
OITEM003265,ORD001110,PROD0119,3,1826.81,17.9
OITEM003266,ORD001110,PROD0128,1,1107.85,35.2
OITEM003267,ORD000339,PROD0179,2,966.54,12.8
OITEM003268,ORD000339,PROD0047,3,2898.91,12.1
OITEM003269,ORD001497,PROD0192,1,903.48,31.6
OITEM003270,ORD001191,PROD0166,1,113.09,33.8
OITEM003271,ORD001191,PROD0133,1,3078.39,37.1
OITEM003272,ORD003060,PROD0119,1,1863.54,7.0
OITEM003273,ORD001195,PROD0173,1,168.91,5.7
OITEM003274,ORD001195,PROD0132,1,210.18,43.6
OITEM003275,ORD000912,PROD0116,2,12494.06,47.2
OITEM003276,ORD000912,PROD0135,4,3088.7,42.1
OITEM003277,ORD002205,PROD0127,1,1456.43,11.2
OITEM003278,ORD002205,PROD0031,1,5313.39,45.6
OITEM003279,ORD001723,PROD0024,4,22484.88,49.9
OITEM003280,ORD001723,PROD0062,1,1320.05,16.3
OITEM003281,ORD001723,PROD0160,1,14928.45,41.3
OITEM003282,ORD000716,PROD0146,2,12940.07,47.4
OITEM003283,ORD000716,PROD0064,4,562.6,41.2
OITEM003284,ORD003009,PROD0142,1,3165.31,44.0
OITEM003285,ORD003009,PROD0119,1,1842.76,32.7
OITEM003286,ORD000182,PROD0040,1,2874.25,9.3
OITEM003287,ORD001572,PROD0119,1,1784.55,6.4
OITEM003288,ORD001572,PROD0020,1,18822.71,13.2
OITEM003289,ORD001581,PROD0088,3,4706.72,21.4
OITEM003290,ORD001581,PROD0035,1,23010.24,30.0
OITEM003291,ORD001581,PROD0030,2,4525.12,22.8
OITEM003292,ORD000013,PROD0128,2,1101.6,20.4
OITEM003293,ORD000620,PROD0075,1,2345.09,33.9
OITEM003294,ORD000620,PROD0131,1,3028.73,44.4
OITEM003295,ORD000685,PROD0047,3,3098.24,27.7
OITEM003296,ORD000685,PROD0171,4,37.86,15.4
OITEM003297,ORD000685,PROD0088,1,4687.04,43.7
OITEM003298,ORD001680,PROD0051,1,5100.16,6.5
OITEM003299,ORD001680,PROD0166,1,105.6,39.5
OITEM003300,ORD001680,PROD0063,5,2056.05,33.6
OITEM003301,ORD001680,PROD0190,1,5155.97,45.2
OITEM003302,ORD001199,PROD0166,1,105.36,41.2
OITEM003303,ORD001199,PROD0183,2,1003.76,21.5
OITEM003304,ORD002101,PROD0066,1,791.88,26.8
OITEM003305,ORD002101,PROD0058,3,3574.18,47.4
OITEM003306,ORD001840,PROD0068,2,3693.49,14.5
OITEM003307,ORD001840,PROD0155,1,11452.29,48.4
OITEM003308,ORD001840,PROD0173,3,166.96,25.9
OITEM003309,ORD003120,PROD0009,2,18692.68,12.7
OITEM003310,ORD003120,PROD0063,1,2170.62,41.8
OITEM003311,ORD002265,PROD0128,3,1056.4,23.1
OITEM003312,ORD002759,PROD0173,3,159.41,34.1
OITEM003313,ORD002759,PROD0006,1,19890.79,6.9
OITEM003314,ORD001503,PROD0084,1,2313.1,31.4
OITEM003315,ORD002158,PROD0066,1,769.24,49.1
OITEM003316,ORD002158,PROD0131,1,3116.72,8.0
OITEM003317,ORD002158,PROD0166,1,106.95,24.8
OITEM003318,ORD001277,PROD0169,1,425.73,6.9
OITEM003319,ORD001277,PROD0066,1,793.14,22.7
OITEM003320,ORD001240,PROD0060,2,3787.26,42.6
OITEM003321,ORD001240,PROD0131,2,2946.14,45.5
OITEM003322,ORD001240,PROD0066,1,815.79,38.0
OITEM003323,ORD000877,PROD0135,2,2836.96,27.1
OITEM003324,ORD000877,PROD0112,3,6291.41,45.3
OITEM003325,ORD000941,PROD0095,4,7008.68,34.2
OITEM003326,ORD000941,PROD0112,1,6140.39,33.2
OITEM003327,ORD000932,PROD0119,1,1718.13,24.2
OITEM003328,ORD000932,PROD0047,3,2897.64,20.5
OITEM003329,ORD000130,PROD0040,4,2776.05,5.5
OITEM003330,ORD000130,PROD0024,4,21632.84,22.3
OITEM003331,ORD000130,PROD0108,1,14650.34,27.4
OITEM003332,ORD002243,PROD0099,3,1019.64,7.2
OITEM003333,ORD001976,PROD0064,1,581.51,43.0
OITEM003334,ORD001516,PROD0030,1,4564.74,13.0
OITEM003335,ORD001516,PROD0120,2,2963.49,30.4
OITEM003336,ORD002644,PROD0197,1,7738.99,10.4
OITEM003337,ORD000069,PROD0192,1,923.98,24.6
OITEM003338,ORD000069,PROD0119,2,1802.19,21.5
OITEM003339,ORD003096,PROD0011,1,15995.18,24.2
OITEM003340,ORD003096,PROD0088,2,4796.36,39.8
OITEM003341,ORD003096,PROD0112,1,6429.51,50.0
OITEM003342,ORD000434,PROD0063,3,2104.6,40.0
OITEM003343,ORD000434,PROD0047,1,3136.87,31.7
OITEM003344,ORD000434,PROD0066,1,775.64,35.8
OITEM003345,ORD000754,PROD0128,3,1094.65,11.3
OITEM003346,ORD000218,PROD0200,1,3865.43,37.9
OITEM003347,ORD000218,PROD0166,2,111.91,40.8
OITEM003348,ORD000218,PROD0135,1,2931.49,30.2
OITEM003349,ORD000593,PROD0074,1,552.98,41.4
OITEM003350,ORD001888,PROD0004,1,27372.06,23.2
OITEM003351,ORD001888,PROD0101,1,16692.32,35.8
OITEM003352,ORD002417,PROD0183,1,924.12,10.6
OITEM003353,ORD002417,PROD0047,1,3132.83,28.1
OITEM003354,ORD002417,PROD0116,5,12180.07,34.5
OITEM003355,ORD000383,PROD0059,2,3587.85,36.1
OITEM003356,ORD000476,PROD0017,5,17968.07,31.4
OITEM003357,ORD000476,PROD0135,1,2888.82,12.9
OITEM003358,ORD000533,PROD0131,1,2871.53,46.0
OITEM003359,ORD000533,PROD0048,1,598.18,17.6
OITEM003360,ORD001725,PROD0132,1,213.81,35.9
OITEM003361,ORD002947,PROD0192,1,866.49,28.2
OITEM003362,ORD001719,PROD0019,2,32407.08,25.7
OITEM003363,ORD000682,PROD0116,2,12271.97,14.0
OITEM003364,ORD000682,PROD0121,1,3171.2,25.1
OITEM003365,ORD001059,PROD0068,2,3434.59,26.2
OITEM003366,ORD001059,PROD0042,1,5341.03,45.0
OITEM003367,ORD001059,PROD0063,2,2216.93,43.9
OITEM003368,ORD001546,PROD0173,2,175.84,40.1
OITEM003369,ORD001546,PROD0165,1,216.52,21.0
OITEM003370,ORD002112,PROD0024,3,21576.25,43.4
OITEM003371,ORD002112,PROD0119,1,1820.0,26.4
OITEM003372,ORD002112,PROD0068,1,3503.02,9.6
OITEM003373,ORD000162,PROD0066,1,778.49,7.4
OITEM003374,ORD000162,PROD0125,1,2931.81,6.1
OITEM003375,ORD000352,PROD0166,1,111.66,34.6
OITEM003376,ORD000352,PROD0136,2,3107.82,45.2
OITEM003377,ORD001835,PROD0060,2,4114.47,5.1
OITEM003378,ORD000921,PROD0166,1,104.29,17.7
OITEM003379,ORD003107,PROD0170,1,119.98,41.7
OITEM003380,ORD003107,PROD0113,1,7658.08,33.5
OITEM003381,ORD003107,PROD0118,1,543.89,31.0
OITEM003382,ORD001811,PROD0054,5,4575.9,14.8
OITEM003383,ORD001811,PROD0065,2,3858.51,42.2
OITEM003384,ORD001764,PROD0066,1,757.76,49.2
OITEM003385,ORD002638,PROD0119,2,1713.17,13.9
OITEM003386,ORD000803,PROD0066,1,814.31,15.3
OITEM003387,ORD002203,PROD0190,2,5105.19,34.3
OITEM003388,ORD000570,PROD0119,1,1735.76,30.6
OITEM003389,ORD000656,PROD0031,2,5505.31,8.7
OITEM003390,ORD000656,PROD0011,3,15236.15,39.6
OITEM003391,ORD001151,PROD0063,1,2033.35,8.2
OITEM003392,ORD001151,PROD0111,1,3691.33,32.8
OITEM003393,ORD001151,PROD0055,2,5085.09,25.8
OITEM003394,ORD001151,PROD0119,1,1889.48,10.1
OITEM003395,ORD000250,PROD0008,1,17013.5,30.1
OITEM003396,ORD000250,PROD0118,1,580.84,22.3
OITEM003397,ORD000250,PROD0066,3,774.45,37.6
OITEM003398,ORD000250,PROD0112,1,6513.27,8.3
OITEM003399,ORD002938,PROD0041,5,5364.04,21.1
OITEM003400,ORD002575,PROD0014,4,3806.55,14.0
OITEM003401,ORD002575,PROD0173,1,164.29,22.1
OITEM003402,ORD002575,PROD0047,5,3081.2,32.3
OITEM003403,ORD002575,PROD0172,1,1024.86,33.3
OITEM003404,ORD002846,PROD0166,1,111.42,16.7
OITEM003405,ORD002846,PROD0075,1,2296.84,16.4
OITEM003406,ORD001870,PROD0166,3,104.69,10.6
OITEM003407,ORD002026,PROD0119,1,1802.63,30.9
OITEM003408,ORD001771,PROD0126,1,602.34,42.2
OITEM003409,ORD002080,PROD0076,1,599.55,14.7
OITEM003410,ORD002080,PROD0166,1,114.01,7.2
OITEM003411,ORD000210,PROD0133,2,3363.32,47.8
OITEM003412,ORD003150,PROD0024,5,22050.91,27.6
OITEM003413,ORD002172,PROD0051,1,4922.06,7.0
OITEM003414,ORD001035,PROD0112,2,6000.13,44.9
OITEM003415,ORD001035,PROD0128,3,1081.76,41.5
OITEM003416,ORD001035,PROD0024,1,20897.89,34.6
OITEM003417,ORD002793,PROD0065,1,3649.77,46.0
OITEM003418,ORD001781,PROD0064,2,578.21,33.4
OITEM003419,ORD000781,PROD0149,3,6072.94,48.2
OITEM003420,ORD000781,PROD0118,1,572.31,5.8
OITEM003421,ORD000781,PROD0050,1,4198.51,7.5
OITEM003422,ORD000781,PROD0095,1,6925.63,33.7
OITEM003423,ORD000048,PROD0119,4,1762.13,8.9
OITEM003424,ORD000048,PROD0102,1,11933.97,28.1
OITEM003425,ORD001862,PROD0024,2,21669.77,17.1
OITEM003426,ORD000269,PROD0064,3,599.46,28.2
OITEM003427,ORD000269,PROD0075,1,2264.74,47.9
OITEM003428,ORD001843,PROD0154,5,11444.36,21.6
OITEM003429,ORD000328,PROD0121,5,3396.1,36.8
OITEM003430,ORD003041,PROD0119,1,1867.03,32.9
OITEM003431,ORD003041,PROD0135,2,2957.59,45.1
OITEM003432,ORD000597,PROD0049,1,3265.8,27.4
OITEM003433,ORD002688,PROD0119,2,1874.44,6.4
OITEM003434,ORD002688,PROD0166,4,110.92,8.6
OITEM003435,ORD002688,PROD0045,4,1084.97,5.4
OITEM003436,ORD001452,PROD0102,1,11578.02,38.9
OITEM003437,ORD001452,PROD0066,1,753.53,27.7
OITEM003438,ORD002093,PROD0066,4,819.05,44.3
OITEM003439,ORD002933,PROD0166,1,108.47,9.4
OITEM003440,ORD002933,PROD0173,4,167.25,30.2
OITEM003441,ORD000686,PROD0031,4,5326.89,21.2
OITEM003442,ORD000686,PROD0035,1,24719.56,32.8
OITEM003443,ORD000621,PROD0166,1,106.07,47.7
OITEM003444,ORD000621,PROD0002,1,35214.09,29.1
OITEM003445,ORD001259,PROD0166,4,109.88,37.6
OITEM003446,ORD001259,PROD0179,4,927.56,35.0
OITEM003447,ORD002476,PROD0128,1,1068.04,37.4
OITEM003448,ORD001213,PROD0133,1,3073.55,16.7
OITEM003449,ORD001213,PROD0052,1,2650.62,33.0
OITEM003450,ORD001213,PROD0183,5,1005.35,41.4
OITEM003451,ORD002674,PROD0132,3,205.45,26.7
OITEM003452,ORD002674,PROD0166,1,108.22,35.4
OITEM003453,ORD002226,PROD0068,5,3680.35,15.2
OITEM003454,ORD002226,PROD0119,2,1746.83,23.7
OITEM003455,ORD001787,PROD0066,3,817.14,27.3
OITEM003456,ORD000995,PROD0119,1,1806.88,26.4
OITEM003457,ORD000995,PROD0050,2,4314.29,33.7
OITEM003458,ORD000354,PROD0003,2,32274.11,8.3
OITEM003459,ORD001380,PROD0121,1,3329.31,27.0
OITEM003460,ORD000778,PROD0178,1,1323.06,39.9
OITEM003461,ORD000778,PROD0066,1,814.08,40.8
OITEM003462,ORD000778,PROD0155,1,11717.97,24.1
OITEM003463,ORD000778,PROD0119,1,1882.14,33.6
OITEM003464,ORD002917,PROD0031,5,5456.51,12.6
OITEM003465,ORD002917,PROD0075,1,2304.82,15.9
OITEM003466,ORD001873,PROD0116,1,11826.95,40.0
OITEM003467,ORD000295,PROD0066,3,806.53,7.2
OITEM003468,ORD000295,PROD0128,1,1089.32,18.2
OITEM003469,ORD000295,PROD0063,2,2064.44,36.8
OITEM003470,ORD000295,PROD0173,2,159.78,12.7
OITEM003471,ORD002810,PROD0120,1,3005.71,21.2
OITEM003472,ORD002046,PROD0101,2,15764.91,16.6
OITEM003473,ORD002046,PROD0183,2,969.16,19.8
OITEM003474,ORD001539,PROD0064,2,559.67,39.7
OITEM003475,ORD001539,PROD0002,1,35675.56,6.7
OITEM003476,ORD000500,PROD0139,1,1581.75,16.6
OITEM003477,ORD001846,PROD0050,1,4413.01,45.5
OITEM003478,ORD001846,PROD0066,2,770.6,12.2
OITEM003479,ORD001846,PROD0127,3,1507.74,25.6
OITEM003480,ORD002940,PROD0161,4,16071.1,30.9
OITEM003481,ORD002940,PROD0032,1,34006.8,16.7
OITEM003482,ORD001330,PROD0112,1,6009.92,24.8
OITEM003483,ORD002181,PROD0119,1,1720.59,7.7
OITEM003484,ORD002181,PROD0131,1,2950.21,38.6
OITEM003485,ORD000544,PROD0176,1,1213.6,40.1
OITEM003486,ORD000066,PROD0119,3,1788.18,22.1
OITEM003487,ORD000066,PROD0174,1,422.93,18.0
OITEM003488,ORD000800,PROD0050,2,4300.78,45.0
OITEM003489,ORD000800,PROD0052,3,2824.52,29.5
OITEM003490,ORD000718,PROD0030,1,4774.33,14.9
OITEM003491,ORD000776,PROD0128,2,1111.32,38.1
OITEM003492,ORD000776,PROD0074,1,609.21,34.0
OITEM003493,ORD002981,PROD0119,1,1818.5,49.4
OITEM003494,ORD002981,PROD0144,3,1154.97,36.2
OITEM003495,ORD002981,PROD0084,1,2168.06,43.9
OITEM003496,ORD000730,PROD0063,1,2127.72,34.3
OITEM003497,ORD002656,PROD0130,1,3674.68,24.7
OITEM003498,ORD002656,PROD0166,1,114.52,22.1
OITEM003499,ORD000830,PROD0084,1,2326.63,34.0
OITEM003500,ORD000830,PROD0180,2,534.25,36.8
OITEM003501,ORD002025,PROD0050,1,4568.26,34.4
OITEM003502,ORD000525,PROD0084,1,2309.34,32.1
OITEM003503,ORD002888,PROD0084,2,2334.05,45.6
OITEM003504,ORD000228,PROD0176,1,1267.99,6.8
OITEM003505,ORD000228,PROD0168,1,651.48,32.9
OITEM003506,ORD000228,PROD0002,1,36120.98,26.4
OITEM003507,ORD000456,PROD0135,1,2881.65,16.5
OITEM003508,ORD000797,PROD0119,1,1797.06,21.8
OITEM003509,ORD000256,PROD0190,3,4923.51,36.9
OITEM003510,ORD001924,PROD0198,2,3407.96,23.2
OITEM003511,ORD001229,PROD0063,3,2185.74,12.3
OITEM003512,ORD001229,PROD0013,2,2699.06,13.0
OITEM003513,ORD002426,PROD0084,3,2296.52,9.3
OITEM003514,ORD001661,PROD0135,1,2842.87,43.6
OITEM003515,ORD001661,PROD0142,1,3189.49,41.2
OITEM003516,ORD000635,PROD0166,1,107.39,15.5
OITEM003517,ORD000763,PROD0028,1,52613.79,47.1
OITEM003518,ORD001067,PROD0095,1,7129.69,10.8
OITEM003519,ORD001067,PROD0087,1,13442.37,8.3
OITEM003520,ORD000442,PROD0121,2,3343.78,34.3
OITEM003521,ORD000442,PROD0064,5,571.49,17.3
OITEM003522,ORD003140,PROD0066,1,756.97,41.5
OITEM003523,ORD003140,PROD0135,1,2927.22,32.3
OITEM003524,ORD001073,PROD0048,2,642.74,22.6
OITEM003525,ORD001073,PROD0047,1,3121.78,15.9
OITEM003526,ORD002931,PROD0078,1,4998.45,14.8
OITEM003527,ORD002568,PROD0031,1,5402.48,9.6
OITEM003528,ORD002568,PROD0121,2,3273.05,35.6
OITEM003529,ORD002568,PROD0050,1,4446.31,28.4
OITEM003530,ORD001261,PROD0128,1,1088.07,14.5
OITEM003531,ORD001261,PROD0121,4,3168.44,39.2
OITEM003532,ORD002280,PROD0063,3,2199.0,10.0
OITEM003533,ORD002280,PROD0031,1,5504.77,19.6
OITEM003534,ORD001986,PROD0119,1,1725.48,19.4
OITEM003535,ORD001986,PROD0139,1,1538.51,17.7
OITEM003536,ORD000700,PROD0068,2,3618.63,34.4
OITEM003537,ORD002654,PROD0066,1,754.86,16.9
OITEM003538,ORD000350,PROD0119,1,1891.96,42.0
OITEM003539,ORD002165,PROD0128,4,1094.13,10.1
OITEM003540,ORD001214,PROD0028,4,51140.33,40.2
OITEM003541,ORD001797,PROD0116,1,12092.98,42.7
OITEM003542,ORD001797,PROD0166,1,107.05,10.7
OITEM003543,ORD002372,PROD0119,3,1843.13,46.4
OITEM003544,ORD002372,PROD0063,3,2132.64,38.9
OITEM003545,ORD003160,PROD0066,1,791.11,18.4
OITEM003546,ORD001326,PROD0031,3,5469.35,29.6
OITEM003547,ORD001326,PROD0107,1,2631.29,13.7
OITEM003548,ORD001133,PROD0145,3,10250.38,36.7
OITEM003549,ORD002667,PROD0112,1,6244.99,29.4
OITEM003550,ORD000108,PROD0155,1,11506.36,24.9
OITEM003551,ORD000108,PROD0171,1,38.79,45.6
OITEM003552,ORD000108,PROD0011,1,16521.9,43.4
OITEM003553,ORD000108,PROD0034,1,19879.32,40.3
OITEM003554,ORD003134,PROD0166,3,111.33,49.8
OITEM003555,ORD002732,PROD0028,1,50707.95,41.7
OITEM003556,ORD002732,PROD0046,5,2505.35,36.6
OITEM003557,ORD000646,PROD0103,1,12805.63,29.1
OITEM003558,ORD002878,PROD0128,3,1077.31,41.7
OITEM003559,ORD000134,PROD0021,5,46828.31,25.1
OITEM003560,ORD002898,PROD0040,1,2804.22,24.1
OITEM003561,ORD000644,PROD0064,3,568.75,27.4
OITEM003562,ORD000644,PROD0021,1,48028.71,17.4
OITEM003563,ORD002521,PROD0129,2,3254.25,39.0
OITEM003564,ORD001774,PROD0018,1,21247.4,29.2
OITEM003565,ORD001774,PROD0150,1,17969.32,23.8
OITEM003566,ORD002787,PROD0066,1,760.42,12.3
OITEM003567,ORD002803,PROD0168,1,661.75,19.0
OITEM003568,ORD001468,PROD0021,2,48158.04,11.3
OITEM003569,ORD001468,PROD0047,1,2961.4,10.6
OITEM003570,ORD001468,PROD0050,1,4516.55,33.4
OITEM003571,ORD002681,PROD0118,1,552.61,34.4
OITEM003572,ORD002950,PROD0119,1,1865.67,45.4
OITEM003573,ORD001328,PROD0066,2,801.58,9.3
OITEM003574,ORD000529,PROD0190,4,5087.32,12.9
OITEM003575,ORD000529,PROD0047,1,3118.93,44.7
OITEM003576,ORD000529,PROD0168,1,693.66,13.6
OITEM003577,ORD000711,PROD0119,1,1861.04,9.0
OITEM003578,ORD000711,PROD0068,1,3680.85,20.7
OITEM003579,ORD000711,PROD0092,3,5572.56,14.8
OITEM003580,ORD002582,PROD0166,1,113.06,34.6
OITEM003581,ORD002582,PROD0011,2,15623.86,16.4
OITEM003582,ORD000030,PROD0179,3,903.98,12.6
OITEM003583,ORD002809,PROD0163,3,14178.99,27.4
OITEM003584,ORD002664,PROD0125,1,2749.87,38.0
OITEM003585,ORD000118,PROD0048,3,633.49,27.4
OITEM003586,ORD001640,PROD0130,5,3758.63,11.6
OITEM003587,ORD001640,PROD0112,3,6338.38,35.9
OITEM003588,ORD000004,PROD0066,2,784.43,11.6
OITEM003589,ORD000004,PROD0064,1,590.79,17.1
OITEM003590,ORD000004,PROD0166,2,109.4,5.5
OITEM003591,ORD000297,PROD0116,1,12461.91,17.5
OITEM003592,ORD000297,PROD0051,2,5036.42,46.8
OITEM003593,ORD000279,PROD0078,2,4615.89,25.1
OITEM003594,ORD002939,PROD0066,4,795.58,8.5
OITEM003595,ORD002939,PROD0166,2,109.62,32.0
OITEM003596,ORD000609,PROD0190,1,4956.53,26.9
OITEM003597,ORD000579,PROD0135,1,2928.9,22.7
OITEM003598,ORD000579,PROD0076,3,599.22,25.5
OITEM003599,ORD001356,PROD0170,1,117.45,11.9
OITEM003600,ORD000890,PROD0150,4,17910.77,15.4
OITEM003601,ORD002920,PROD0192,1,904.49,39.6
OITEM003602,ORD002920,PROD0165,1,212.31,32.4
OITEM003603,ORD000432,PROD0133,1,3087.46,34.9
OITEM003604,ORD000432,PROD0125,1,2737.19,10.6
OITEM003605,ORD002716,PROD0195,1,7269.29,38.4
OITEM003606,ORD001400,PROD0170,3,120.65,6.8
OITEM003607,ORD002661,PROD0066,3,780.57,5.5
OITEM003608,ORD000415,PROD0031,1,5494.8,14.6
OITEM003609,ORD000415,PROD0164,1,9638.57,13.6
OITEM003610,ORD000445,PROD0197,1,7872.58,49.9
OITEM003611,ORD000445,PROD0166,1,109.98,45.9
OITEM003612,ORD001857,PROD0029,1,2464.52,21.8
OITEM003613,ORD002441,PROD0118,1,594.18,21.9
OITEM003614,ORD001313,PROD0119,1,1843.22,16.1
OITEM003615,ORD001332,PROD0116,1,12039.79,49.2
OITEM003616,ORD001332,PROD0047,2,3136.28,45.0
OITEM003617,ORD003157,PROD0171,2,38.08,31.2
OITEM003618,ORD003157,PROD0024,1,21114.63,19.3
OITEM003619,ORD000962,PROD0066,3,794.0,38.4
OITEM003620,ORD000798,PROD0166,4,104.62,8.0
OITEM003621,ORD000798,PROD0084,1,2292.3,47.7
OITEM003622,ORD000798,PROD0066,3,786.45,17.7
OITEM003623,ORD000375,PROD0119,1,1891.94,47.1
OITEM003624,ORD002457,PROD0149,5,5774.19,48.2
OITEM003625,ORD002457,PROD0087,1,13270.0,16.0
OITEM003626,ORD002457,PROD0075,1,2439.28,43.0
OITEM003627,ORD000101,PROD0084,1,2312.64,20.9
OITEM003628,ORD001798,PROD0130,1,3786.76,23.5
OITEM003629,ORD001798,PROD0135,1,3029.52,34.7
OITEM003630,ORD001798,PROD0024,1,20732.59,23.4
OITEM003631,ORD001798,PROD0050,1,4535.75,30.0
OITEM003632,ORD002830,PROD0052,1,2890.27,12.1
OITEM003633,ORD002830,PROD0112,2,6360.42,6.2
OITEM003634,ORD000599,PROD0040,1,2760.91,25.4
OITEM003635,ORD000707,PROD0166,3,110.69,28.7
OITEM003636,ORD001020,PROD0096,1,14493.37,9.1
OITEM003637,ORD001078,PROD0075,1,2280.59,16.3
OITEM003638,ORD002020,PROD0075,1,2334.09,16.2
OITEM003639,ORD002020,PROD0121,1,3253.27,24.4
OITEM003640,ORD000095,PROD0047,1,2945.44,20.7
OITEM003641,ORD000095,PROD0063,1,2215.97,25.7
OITEM003642,ORD001042,PROD0121,3,3362.36,47.8
OITEM003643,ORD001042,PROD0180,2,543.9,44.9
OITEM003644,ORD003053,PROD0192,5,878.91,22.1
OITEM003645,ORD003053,PROD0030,1,4862.25,36.3
OITEM003646,ORD000286,PROD0074,1,593.95,7.5
OITEM003647,ORD000286,PROD0006,3,20930.41,10.4
OITEM003648,ORD000286,PROD0011,3,15511.68,28.6
OITEM003649,ORD000286,PROD0166,1,114.46,35.5
OITEM003650,ORD000677,PROD0176,1,1182.41,43.4
OITEM003651,ORD000677,PROD0078,1,4823.82,29.5
OITEM003652,ORD002451,PROD0002,2,35676.95,37.0
OITEM003653,ORD003011,PROD0173,1,160.47,10.6
OITEM003654,ORD003011,PROD0082,1,2094.89,17.9
OITEM003655,ORD003011,PROD0133,1,3274.46,30.1
OITEM003656,ORD002348,PROD0046,1,2448.36,7.6
OITEM003657,ORD002624,PROD0149,3,5890.47,15.0
OITEM003658,ORD002624,PROD0066,1,762.63,34.1
OITEM003659,ORD001428,PROD0132,1,204.69,39.2
OITEM003660,ORD001428,PROD0024,1,22636.96,9.3
OITEM003661,ORD002808,PROD0031,1,5250.95,48.8
OITEM003662,ORD000092,PROD0051,1,4882.66,13.7
OITEM003663,ORD002774,PROD0024,1,21873.04,21.1
OITEM003664,ORD002774,PROD0200,1,3876.12,19.8
OITEM003665,ORD003031,PROD0173,1,164.1,20.8
OITEM003666,ORD002524,PROD0047,2,2936.34,23.3
OITEM003667,ORD002802,PROD0131,2,3045.28,32.0
OITEM003668,ORD002802,PROD0047,1,3103.04,37.9
OITEM003669,ORD002802,PROD0119,2,1761.22,15.9
OITEM003670,ORD002910,PROD0106,2,15248.41,11.7
OITEM003671,ORD002910,PROD0121,2,3361.37,32.4
OITEM003672,ORD002910,PROD0146,1,13474.47,15.8
OITEM003673,ORD001626,PROD0135,1,2986.04,32.5
OITEM003674,ORD001626,PROD0095,1,7220.4,36.3
OITEM003675,ORD002123,PROD0095,1,7202.8,21.1
OITEM003676,ORD002123,PROD0066,1,779.82,36.6
OITEM003677,ORD002123,PROD0004,1,28715.06,34.8
OITEM003678,ORD002780,PROD0066,2,824.11,34.2
OITEM003679,ORD002780,PROD0029,3,2324.64,30.5
OITEM003680,ORD001168,PROD0192,3,841.02,8.4
OITEM003681,ORD001168,PROD0183,1,1002.32,32.5
OITEM003682,ORD001168,PROD0166,3,104.4,10.0
OITEM003683,ORD000177,PROD0158,1,11728.44,23.1
OITEM003684,ORD000300,PROD0128,2,1129.28,15.1
OITEM003685,ORD000586,PROD0192,2,859.87,23.0
OITEM003686,ORD000126,PROD0166,1,111.22,17.5
OITEM003687,ORD000126,PROD0066,1,774.74,11.9
OITEM003688,ORD002208,PROD0024,1,20990.07,23.0
OITEM003689,ORD002208,PROD0029,4,2485.85,38.9
OITEM003690,ORD002208,PROD0066,4,767.41,22.6
OITEM003691,ORD003200,PROD0084,1,2326.75,14.5
OITEM003692,ORD003200,PROD0064,3,561.07,19.4
OITEM003693,ORD002536,PROD0128,2,1100.68,15.0
OITEM003694,ORD002935,PROD0026,1,38243.47,21.5
OITEM003695,ORD002935,PROD0128,1,1027.26,3.0
OITEM003696,ORD002835,PROD0064,1,604.19,16.6
OITEM003697,ORD000388,PROD0119,1,1889.5,21.2
OITEM003698,ORD002510,PROD0119,1,1742.96,8.0
OITEM003699,ORD002510,PROD0066,3,775.64,10.5
OITEM003700,ORD002510,PROD0128,2,1061.33,5.5
OITEM003701,ORD002510,PROD0166,1,106.5,10.2
OITEM003702,ORD000784,PROD0024,3,21868.87,21.3
OITEM003703,ORD001084,PROD0119,1,1866.33,23.3
OITEM003704,ORD002602,PROD0049,4,3180.44,23.3
OITEM003705,ORD002602,PROD0063,2,2019.92,14.1
OITEM003706,ORD002602,PROD0047,2,2997.26,23.7
OITEM003707,ORD000478,PROD0031,1,5096.44,8.4
OITEM003708,ORD001288,PROD0112,1,6442.07,8.3
OITEM003709,ORD000401,PROD0166,1,113.02,8.1
OITEM003710,ORD000401,PROD0053,1,1806.2,4.5
OITEM003711,ORD000401,PROD0066,2,786.86,21.0
OITEM003712,ORD001509,PROD0024,1,21447.47,7.0
OITEM003713,ORD001509,PROD0050,1,4355.18,24.1
OITEM003714,ORD001509,PROD0135,5,2830.96,21.0
OITEM003715,ORD001509,PROD0116,2,12061.03,16.8
OITEM003716,ORD002242,PROD0066,2,793.86,13.6
OITEM003717,ORD002998,PROD0092,1,5704.6,22.2
OITEM003718,ORD002998,PROD0112,2,6363.57,14.9
OITEM003719,ORD003188,PROD0119,1,1892.23,9.9
OITEM003720,ORD003188,PROD0011,1,15200.85,19.8
OITEM003721,ORD002597,PROD0150,1,17365.75,6.3
OITEM003722,ORD002320,PROD0156,5,17037.81,2.9
OITEM003723,ORD002320,PROD0095,1,6985.63,2.5
OITEM003724,ORD000651,PROD0011,2,16422.35,20.4
OITEM003725,ORD002399,PROD0119,1,1875.72,8.3
OITEM003726,ORD002399,PROD0131,4,3035.2,24.5
OITEM003727,ORD000455,PROD0047,1,3165.6,4.9
OITEM003728,ORD000455,PROD0031,1,5577.83,18.2
OITEM003729,ORD001952,PROD0028,2,49811.4,11.9
OITEM003730,ORD001952,PROD0066,5,753.52,8.7
OITEM003731,ORD000180,PROD0051,5,4878.63,7.4
OITEM003732,ORD000380,PROD0166,1,111.01,22.5
OITEM003733,ORD003111,PROD0052,1,2893.32,18.3
OITEM003734,ORD003111,PROD0121,2,3399.21,2.6
OITEM003735,ORD001101,PROD0119,4,1761.74,10.1
OITEM003736,ORD001949,PROD0131,1,2938.02,14.9
OITEM003737,ORD001949,PROD0114,2,15093.1,9.5
OITEM003738,ORD000131,PROD0156,1,18007.9,18.2
OITEM003739,ORD002633,PROD0112,1,6491.46,13.3
OITEM003740,ORD001631,PROD0066,1,804.27,14.8
OITEM003741,ORD000638,PROD0128,2,1040.03,16.1
OITEM003742,ORD001342,PROD0172,1,1012.97,3.1
OITEM003743,ORD001342,PROD0064,4,580.93,22.7
OITEM003744,ORD001342,PROD0011,1,15274.24,1.1
OITEM003745,ORD001342,PROD0121,2,3236.3,19.7
OITEM003746,ORD002651,PROD0029,1,2536.99,8.0
OITEM003747,ORD002651,PROD0072,2,587.39,22.8
OITEM003748,ORD000071,PROD0112,4,6259.67,19.2
OITEM003749,ORD001926,PROD0031,1,5091.06,16.9
OITEM003750,ORD001926,PROD0145,3,10154.73,18.4
OITEM003751,ORD001926,PROD0087,2,12330.62,4.8
OITEM003752,ORD001988,PROD0120,1,3177.84,20.2
OITEM003753,ORD000900,PROD0084,3,2133.39,19.2
OITEM003754,ORD000900,PROD0112,5,6122.78,4.5
OITEM003755,ORD000900,PROD0131,1,3096.17,19.1
OITEM003756,ORD002125,PROD0133,1,3152.37,21.6
OITEM003757,ORD002125,PROD0040,2,2806.76,20.5
OITEM003758,ORD001047,PROD0031,2,5472.52,0.2
OITEM003759,ORD001047,PROD0166,1,106.4,10.5
OITEM003760,ORD001047,PROD0047,1,3157.28,23.4
OITEM003761,ORD000511,PROD0183,1,1000.2,14.7
OITEM003762,ORD000511,PROD0133,1,3111.45,15.6
OITEM003763,ORD002023,PROD0016,1,31096.0,12.5
OITEM003764,ORD002023,PROD0116,1,12414.34,19.0
OITEM003765,ORD002448,PROD0165,1,222.79,10.1
OITEM003766,ORD002448,PROD0050,3,4254.39,17.6
OITEM003767,ORD000331,PROD0004,1,27371.5,15.8
OITEM003768,ORD001095,PROD0176,1,1234.56,9.0
OITEM003769,ORD001095,PROD0180,1,559.68,15.1
OITEM003770,ORD002360,PROD0166,1,113.01,18.3
OITEM003771,ORD002360,PROD0031,1,5437.85,5.0
OITEM003772,ORD002360,PROD0063,2,2196.87,4.2
OITEM003773,ORD002360,PROD0165,2,220.02,22.2
OITEM003774,ORD000584,PROD0196,2,9160.72,16.4
OITEM003775,ORD001334,PROD0102,2,11879.12,12.4
OITEM003776,ORD002055,PROD0003,4,31852.8,19.1
OITEM003777,ORD000793,PROD0013,1,2592.5,14.2
OITEM003778,ORD000793,PROD0128,2,1054.97,16.5
OITEM003779,ORD000793,PROD0019,5,32428.49,9.7
OITEM003780,ORD000793,PROD0141,3,566.7,14.5
OITEM003781,ORD000958,PROD0166,1,104.55,2.6
OITEM003782,ORD001397,PROD0010,1,11695.38,6.3
OITEM003783,ORD000366,PROD0124,1,1842.05,10.5
OITEM003784,ORD000955,PROD0066,2,788.48,15.4
OITEM003785,ORD001445,PROD0113,1,7685.57,10.5
OITEM003786,ORD001445,PROD0102,4,11613.19,23.7
OITEM003787,ORD001445,PROD0050,1,4240.49,20.3
OITEM003788,ORD001445,PROD0135,1,2951.98,17.8
OITEM003789,ORD001616,PROD0190,1,5041.37,20.2
OITEM003790,ORD001616,PROD0119,2,1822.5,24.3
OITEM003791,ORD002067,PROD0071,1,1184.21,11.7
OITEM003792,ORD002067,PROD0128,1,1104.89,19.5
OITEM003793,ORD002531,PROD0192,1,848.2,13.5
OITEM003794,ORD002531,PROD0065,1,3624.18,16.8
OITEM003795,ORD002587,PROD0121,2,3336.87,9.4
OITEM003796,ORD002911,PROD0095,1,7259.92,2.3
OITEM003797,ORD002911,PROD0166,1,105.82,14.1
OITEM003798,ORD001413,PROD0066,2,827.52,4.0
OITEM003799,ORD001413,PROD0128,1,1087.28,21.8
OITEM003800,ORD000193,PROD0084,1,2260.41,18.0
OITEM003801,ORD001694,PROD0119,1,1734.01,16.5
OITEM003802,ORD002957,PROD0066,2,808.91,2.3
OITEM003803,ORD000592,PROD0035,1,23723.22,24.8
OITEM003804,ORD000592,PROD0063,3,2043.92,20.7
OITEM003805,ORD000138,PROD0086,1,8958.57,15.5
OITEM003806,ORD000138,PROD0166,1,110.35,19.9
OITEM003807,ORD000138,PROD0183,3,923.5,0.7
OITEM003808,ORD000138,PROD0047,1,3077.96,6.3
OITEM003809,ORD002503,PROD0064,1,599.97,20.3
OITEM003810,ORD002503,PROD0112,1,6007.13,3.0
OITEM003811,ORD000634,PROD0047,3,3070.14,9.8
OITEM003812,ORD000634,PROD0168,1,658.73,19.3
OITEM003813,ORD000634,PROD0197,1,8018.95,4.4
OITEM003814,ORD000634,PROD0074,1,605.46,18.4
OITEM003815,ORD001262,PROD0166,1,113.9,1.8
OITEM003816,ORD001459,PROD0066,1,805.9,8.9
OITEM003817,ORD001459,PROD0084,2,2301.58,8.2
OITEM003818,ORD001394,PROD0135,1,2869.83,20.1
OITEM003819,ORD001394,PROD0119,2,1860.33,1.9
OITEM003820,ORD000185,PROD0161,2,15271.42,20.7
OITEM003821,ORD000185,PROD0075,2,2220.73,16.1
OITEM003822,ORD001834,PROD0121,2,3160.23,0.4
OITEM003823,ORD001834,PROD0031,2,5417.91,6.0
OITEM003824,ORD001920,PROD0116,4,12109.43,10.7
OITEM003825,ORD001920,PROD0063,1,2142.14,1.9
OITEM003826,ORD001005,PROD0139,1,1541.72,18.7
OITEM003827,ORD002727,PROD0060,1,3940.42,14.6
OITEM003828,ORD000490,PROD0076,3,596.25,20.7
OITEM003829,ORD000240,PROD0119,2,1853.66,2.8
OITEM003830,ORD000240,PROD0121,2,3346.78,20.5
OITEM003831,ORD000240,PROD0118,1,548.81,7.4
OITEM003832,ORD003033,PROD0031,1,5175.97,17.7
OITEM003833,ORD003033,PROD0074,1,601.64,14.1
OITEM003834,ORD002480,PROD0026,2,39146.1,20.3
OITEM003835,ORD000119,PROD0166,1,106.72,19.9
OITEM003836,ORD000119,PROD0046,1,2487.91,15.6
OITEM003837,ORD001422,PROD0019,1,30527.31,17.4
OITEM003838,ORD002556,PROD0050,1,4522.6,17.5
OITEM003839,ORD002556,PROD0053,1,1807.0,24.3
OITEM003840,ORD001275,PROD0031,1,5254.65,23.3
OITEM003841,ORD001275,PROD0080,1,5402.15,8.8
OITEM003842,ORD002200,PROD0050,2,4473.83,17.7
OITEM003843,ORD002200,PROD0119,5,1839.44,8.7
OITEM003844,ORD001814,PROD0006,1,20618.38,21.1
OITEM003845,ORD001814,PROD0065,1,3733.65,17.9
OITEM003846,ORD001814,PROD0021,2,47557.14,0.8
OITEM003847,ORD001291,PROD0133,3,3220.23,6.3
OITEM003848,ORD001291,PROD0070,3,2798.12,0.7
OITEM003849,ORD001291,PROD0066,1,825.4,12.7
OITEM003850,ORD000654,PROD0171,4,39.21,17.1
OITEM003851,ORD002684,PROD0066,2,791.78,23.2
OITEM003852,ORD000551,PROD0131,1,3110.12,21.6
OITEM003853,ORD001600,PROD0133,1,3160.12,0.7
OITEM003854,ORD001971,PROD0155,1,12429.49,9.7
OITEM003855,ORD001971,PROD0029,1,2473.17,12.2
OITEM003856,ORD001971,PROD0200,1,3781.95,7.5
OITEM003857,ORD001971,PROD0119,1,1886.37,5.3
OITEM003858,ORD002312,PROD0128,1,1106.12,9.8
OITEM003859,ORD002312,PROD0133,4,3315.14,15.1
OITEM003860,ORD001121,PROD0078,2,4619.38,1.6
OITEM003861,ORD001372,PROD0084,1,2229.97,11.6
OITEM003862,ORD001272,PROD0068,1,3465.92,15.3
OITEM003863,ORD001272,PROD0118,2,565.8,14.0
OITEM003864,ORD002945,PROD0092,1,5582.23,15.6
OITEM003865,ORD002945,PROD0112,1,5984.28,15.0
OITEM003866,ORD002945,PROD0128,3,1129.11,7.0
OITEM003867,ORD000351,PROD0024,1,22423.36,6.4
OITEM003868,ORD000351,PROD0059,3,3891.85,19.5
OITEM003869,ORD000706,PROD0135,1,2930.16,20.9
OITEM003870,ORD000706,PROD0031,1,5326.71,6.9
OITEM003871,ORD000706,PROD0113,3,7755.6,16.2
OITEM003872,ORD002616,PROD0112,2,6440.22,23.5
OITEM003873,ORD002616,PROD0121,5,3401.07,16.7
OITEM003874,ORD002925,PROD0079,1,5464.12,4.0
OITEM003875,ORD002925,PROD0166,2,107.64,5.8
OITEM003876,ORD002925,PROD0172,2,1000.47,15.1
OITEM003877,ORD002925,PROD0171,2,39.92,19.7
OITEM003878,ORD002009,PROD0165,4,209.34,17.3
OITEM003879,ORD002009,PROD0063,1,2150.95,9.4
OITEM003880,ORD002642,PROD0031,1,5322.02,15.9
OITEM003881,ORD002642,PROD0095,2,7314.87,22.1
OITEM003882,ORD001273,PROD0121,2,3127.23,9.9
OITEM003883,ORD001273,PROD0024,1,22475.64,22.1
OITEM003884,ORD001673,PROD0035,3,23265.44,24.5
OITEM003885,ORD001673,PROD0077,1,2814.89,11.1
OITEM003886,ORD001673,PROD0127,1,1496.4,12.6
OITEM003887,ORD001673,PROD0066,4,769.31,18.9
OITEM003888,ORD001354,PROD0180,3,535.54,25.0
OITEM003889,ORD001354,PROD0064,1,580.57,19.5
OITEM003890,ORD001498,PROD0116,4,11884.03,11.3
OITEM003891,ORD002934,PROD0066,2,769.14,9.7
OITEM003892,ORD002934,PROD0075,1,2389.41,10.9
OITEM003893,ORD002934,PROD0178,1,1288.14,1.5
OITEM003894,ORD000735,PROD0112,4,6350.9,2.8
OITEM003895,ORD000735,PROD0004,2,28208.53,1.8
OITEM003896,ORD001298,PROD0097,1,9486.66,20.9
OITEM003897,ORD002738,PROD0066,1,829.73,12.5
OITEM003898,ORD002738,PROD0112,1,6358.33,1.1
OITEM003899,ORD003194,PROD0066,3,759.04,24.9
OITEM003900,ORD001470,PROD0087,1,12335.87,8.1
OITEM003901,ORD000673,PROD0176,1,1202.59,6.1
OITEM003902,ORD002029,PROD0169,5,394.12,3.3
OITEM003903,ORD002415,PROD0200,3,3774.82,0.8
OITEM003904,ORD002415,PROD0034,1,20293.69,5.9
OITEM003905,ORD000096,PROD0172,1,970.61,14.7
OITEM003906,ORD001282,PROD0079,2,5087.65,15.0
OITEM003907,ORD000140,PROD0047,3,3058.75,7.8
OITEM003908,ORD000207,PROD0050,5,4466.2,0.3
OITEM003909,ORD001094,PROD0024,1,21422.74,23.0
OITEM003910,ORD000675,PROD0139,3,1548.81,12.8
OITEM003911,ORD003109,PROD0178,2,1210.31,21.9
OITEM003912,ORD002893,PROD0118,5,584.71,18.1
OITEM003913,ORD001622,PROD0130,2,3868.06,21.4
OITEM003914,ORD002204,PROD0031,4,5421.05,11.6
OITEM003915,ORD002175,PROD0175,2,480.8,0.6
OITEM003916,ORD002175,PROD0171,1,36.84,0.6
OITEM003917,ORD002175,PROD0172,4,964.22,16.6
OITEM003918,ORD002175,PROD0168,3,668.98,12.2
OITEM003919,ORD002213,PROD0166,2,107.69,7.3
OITEM003920,ORD002718,PROD0156,1,18069.13,13.4
OITEM003921,ORD002718,PROD0040,4,2984.32,5.8
OITEM003922,ORD001399,PROD0133,1,3078.95,19.9
OITEM003923,ORD002374,PROD0047,2,3158.09,18.0
OITEM003924,ORD002374,PROD0111,1,3561.94,6.4
OITEM003925,ORD000227,PROD0064,2,588.02,4.1
OITEM003926,ORD000227,PROD0116,2,12458.81,0.3
OITEM003927,ORD002703,PROD0121,1,3208.53,1.1
OITEM003928,ORD002686,PROD0183,1,990.35,23.5
OITEM003929,ORD002030,PROD0133,1,3255.45,10.1
OITEM003930,ORD002030,PROD0064,1,549.16,1.9
OITEM003931,ORD002414,PROD0166,3,108.12,16.4
OITEM003932,ORD002151,PROD0055,2,4680.85,15.5
OITEM003933,ORD002151,PROD0173,1,166.61,10.8
OITEM003934,ORD002470,PROD0166,1,108.22,23.6
OITEM003935,ORD002470,PROD0176,1,1194.52,22.7
OITEM003936,ORD002470,PROD0066,2,794.93,4.4
OITEM003937,ORD002532,PROD0172,1,978.1,8.4
OITEM003938,ORD002532,PROD0118,1,570.45,15.2
OITEM003939,ORD001312,PROD0141,1,584.64,9.3
OITEM003940,ORD001312,PROD0011,1,16562.3,13.5
OITEM003941,ORD002761,PROD0115,1,6957.56,16.5
OITEM003942,ORD001836,PROD0135,2,2886.85,3.4
OITEM003943,ORD001836,PROD0028,1,52535.13,8.4
OITEM003944,ORD002743,PROD0137,1,2203.07,24.5
OITEM003945,ORD002743,PROD0121,2,3309.54,10.2
OITEM003946,ORD002743,PROD0166,1,113.86,0.2
OITEM003947,ORD000091,PROD0031,3,5249.12,16.3
OITEM003948,ORD003014,PROD0144,1,1121.8,9.1
OITEM003949,ORD000438,PROD0066,1,805.31,2.8
OITEM003950,ORD000438,PROD0029,2,2471.03,9.2
OITEM003951,ORD000438,PROD0133,5,3337.35,5.1
OITEM003952,ORD002601,PROD0002,1,36164.64,18.8
OITEM003953,ORD002601,PROD0132,1,212.57,1.0
OITEM003954,ORD000668,PROD0120,1,3153.54,14.5
OITEM003955,ORD000436,PROD0116,1,12616.86,6.6
OITEM003956,ORD000436,PROD0119,3,1735.14,10.3
OITEM003957,ORD000436,PROD0113,5,7850.68,23.2
OITEM003958,ORD000563,PROD0034,1,19699.23,2.7
OITEM003959,ORD000563,PROD0166,3,109.87,9.4
OITEM003960,ORD000563,PROD0066,1,781.14,23.1
OITEM003961,ORD000563,PROD0004,1,26693.61,6.6
OITEM003962,ORD002964,PROD0029,1,2526.36,16.1
OITEM003963,ORD002964,PROD0081,4,5002.91,14.8
OITEM003964,ORD002964,PROD0080,1,5269.62,8.6
OITEM003965,ORD001052,PROD0119,1,1884.11,22.1
OITEM003966,ORD000237,PROD0174,1,402.97,11.6
OITEM003967,ORD000509,PROD0132,1,206.65,7.6
OITEM003968,ORD000509,PROD0105,2,11854.37,14.0
OITEM003969,ORD002806,PROD0132,1,211.74,17.9
OITEM003970,ORD002806,PROD0054,2,4363.47,13.2
OITEM003971,ORD000672,PROD0128,1,1028.68,15.4
OITEM003972,ORD002851,PROD0072,1,580.25,21.9
OITEM003973,ORD002851,PROD0063,1,2119.64,5.6
OITEM003974,ORD002851,PROD0113,2,7932.6,5.5
OITEM003975,ORD001564,PROD0066,1,815.72,23.3
OITEM003976,ORD001564,PROD0116,2,11930.59,20.5
OITEM003977,ORD001564,PROD0004,4,28628.54,21.6
OITEM003978,ORD001564,PROD0166,1,114.87,7.6
OITEM003979,ORD001973,PROD0133,3,3089.26,24.0
OITEM003980,ORD001973,PROD0116,1,12039.59,0.5
OITEM003981,ORD003021,PROD0130,1,3946.07,13.8
OITEM003982,ORD001844,PROD0064,3,588.45,11.3
OITEM003983,ORD001844,PROD0119,1,1846.86,5.3
OITEM003984,ORD001849,PROD0068,1,3371.35,16.3
OITEM003985,ORD001257,PROD0024,1,21975.33,10.4
OITEM003986,ORD001257,PROD0064,1,588.31,6.9
OITEM003987,ORD002658,PROD0031,1,5591.28,13.2
OITEM003988,ORD002352,PROD0020,3,20204.23,9.3
OITEM003989,ORD002352,PROD0059,2,3679.75,7.4
OITEM003990,ORD000853,PROD0063,1,2090.86,12.0
OITEM003991,ORD000608,PROD0112,2,6242.56,1.5
OITEM003992,ORD000608,PROD0024,1,20862.96,4.9
OITEM003993,ORD000518,PROD0119,1,1735.89,16.1
OITEM003994,ORD000518,PROD0064,1,550.24,5.2
OITEM003995,ORD000518,PROD0131,2,2884.21,20.6
OITEM003996,ORD000518,PROD0068,2,3611.76,22.9
OITEM003997,ORD000353,PROD0046,1,2535.41,10.5
OITEM003998,ORD002527,PROD0035,4,23842.28,9.8
OITEM003999,ORD000814,PROD0131,1,2910.95,8.1
OITEM004000,ORD002571,PROD0160,1,14294.06,3.1
OITEM004001,ORD002571,PROD0119,2,1880.28,0.7
OITEM004002,ORD000884,PROD0095,1,7218.17,18.0
OITEM004003,ORD000884,PROD0190,1,5051.28,17.5
OITEM004004,ORD000150,PROD0011,1,16039.42,8.7
OITEM004005,ORD000150,PROD0121,1,3274.17,21.3
OITEM004006,ORD002194,PROD0031,1,5140.66,15.5
OITEM004007,ORD002816,PROD0065,1,3793.53,7.0
OITEM004008,ORD003087,PROD0004,1,27545.18,6.7
OITEM004009,ORD002260,PROD0042,1,5141.08,11.1
OITEM004010,ORD002260,PROD0139,4,1507.0,14.2
OITEM004011,ORD002260,PROD0128,3,1119.71,2.0
OITEM004012,ORD000611,PROD0035,3,24608.31,13.2
OITEM004013,ORD001135,PROD0031,4,5513.5,5.0
OITEM004014,ORD001813,PROD0066,3,755.6,12.3
OITEM004015,ORD002347,PROD0082,3,2047.22,17.4
OITEM004016,ORD002347,PROD0066,1,781.78,0.0
OITEM004017,ORD000251,PROD0120,1,3068.13,20.7
OITEM004018,ORD002924,PROD0074,2,599.65,2.3
OITEM004019,ORD002924,PROD0041,1,5425.96,20.3
OITEM004020,ORD000288,PROD0119,2,1813.05,12.4
OITEM004021,ORD000288,PROD0133,3,3256.93,5.0
OITEM004022,ORD000288,PROD0024,2,20946.76,20.6
OITEM004023,ORD002296,PROD0121,2,3112.33,4.5
OITEM004024,ORD002296,PROD0165,1,209.92,7.9
OITEM004025,ORD002296,PROD0131,1,2920.04,7.3
OITEM004026,ORD001467,PROD0102,3,11739.28,20.5
OITEM004027,ORD000337,PROD0133,1,3158.3,16.9
OITEM004028,ORD002854,PROD0150,3,17159.81,15.7
OITEM004029,ORD002854,PROD0119,3,1857.63,7.4
OITEM004030,ORD002453,PROD0047,1,2907.05,11.5
OITEM004031,ORD002229,PROD0166,2,107.72,3.2
OITEM004032,ORD002229,PROD0132,4,212.38,8.9
OITEM004033,ORD002229,PROD0009,1,19199.81,17.3
OITEM004034,ORD000774,PROD0037,2,21369.94,16.0
OITEM004035,ORD002183,PROD0128,3,1129.01,19.9
OITEM004036,ORD002183,PROD0136,2,3086.17,3.0
OITEM004037,ORD002279,PROD0161,2,16224.61,11.0
OITEM004038,ORD000810,PROD0066,1,786.53,23.2
OITEM004039,ORD000559,PROD0113,5,7866.65,21.5
OITEM004040,ORD000222,PROD0200,1,3809.1,13.9
OITEM004041,ORD002115,PROD0121,3,3388.29,6.8
OITEM004042,ORD000745,PROD0024,1,21356.22,12.5
OITEM004043,ORD001316,PROD0135,1,2899.43,2.6
OITEM004044,ORD001316,PROD0024,1,21523.39,15.9
OITEM004045,ORD000505,PROD0095,1,7271.26,4.8
OITEM004046,ORD000505,PROD0135,1,2830.63,13.8
OITEM004047,ORD000505,PROD0035,3,24982.8,9.5
OITEM004048,ORD002756,PROD0120,2,3136.09,16.7
OITEM004049,ORD002756,PROD0163,1,14967.83,5.0
OITEM004050,ORD002269,PROD0166,1,114.71,10.4
OITEM004051,ORD002269,PROD0081,4,5129.67,7.1
OITEM004052,ORD000632,PROD0047,1,3138.74,20.3
OITEM004053,ORD000632,PROD0114,1,15156.77,18.9
OITEM004054,ORD000078,PROD0047,2,3061.07,9.9
OITEM004055,ORD000829,PROD0172,1,1025.79,12.4
OITEM004056,ORD000701,PROD0066,1,794.61,5.2
OITEM004057,ORD000555,PROD0066,1,786.89,15.8
OITEM004058,ORD000555,PROD0119,1,1788.78,0.7
OITEM004059,ORD000555,PROD0064,1,574.39,14.6
OITEM004060,ORD000068,PROD0121,1,3393.14,19.7
OITEM004061,ORD000323,PROD0173,4,173.09,9.8
OITEM004062,ORD000323,PROD0050,4,4304.54,15.7
OITEM004063,ORD001472,PROD0145,1,10085.25,13.6
OITEM004064,ORD000556,PROD0165,1,222.38,14.4
OITEM004065,ORD000556,PROD0095,1,6791.06,21.4
OITEM004066,ORD000577,PROD0155,1,11744.18,2.7
OITEM004067,ORD002166,PROD0063,1,2156.8,11.9
OITEM004068,ORD002166,PROD0121,4,3215.04,8.0
OITEM004069,ORD001003,PROD0068,2,3595.37,23.1
OITEM004070,ORD000906,PROD0065,1,3832.98,11.1
OITEM004071,ORD000906,PROD0095,1,7274.41,12.0
OITEM004072,ORD000906,PROD0135,3,3065.78,6.1
OITEM004073,ORD000821,PROD0067,5,2220.68,19.4
OITEM004074,ORD000769,PROD0004,2,27645.77,15.2
OITEM004075,ORD000769,PROD0130,4,3782.81,0.6
OITEM004076,ORD000481,PROD0081,1,5283.74,7.1
OITEM004077,ORD000481,PROD0132,1,199.76,18.2
OITEM004078,ORD001338,PROD0102,2,11142.97,18.0
OITEM004079,ORD001842,PROD0119,1,1860.74,17.8
OITEM004080,ORD000164,PROD0031,1,5370.29,20.5
OITEM004081,ORD001098,PROD0029,2,2437.02,18.2
OITEM004082,ORD001968,PROD0166,1,114.42,19.0
OITEM004083,ORD000281,PROD0024,5,20923.28,5.7
OITEM004084,ORD000281,PROD0066,1,803.59,16.3
OITEM004085,ORD000393,PROD0142,3,3122.01,21.0
OITEM004086,ORD002567,PROD0024,1,22607.78,3.9
OITEM004087,ORD002567,PROD0050,1,4405.5,5.6
OITEM004088,ORD002481,PROD0068,1,3547.76,18.4
OITEM004089,ORD002481,PROD0034,2,19124.58,10.9
OITEM004090,ORD000872,PROD0053,3,1730.33,8.2
OITEM004091,ORD002222,PROD0178,1,1250.02,23.4
OITEM004092,ORD002222,PROD0119,2,1835.0,10.7
OITEM004093,ORD003051,PROD0132,1,204.73,20.2
OITEM004094,ORD003051,PROD0064,1,554.32,8.4
OITEM004095,ORD003051,PROD0119,1,1773.73,24.9
OITEM004096,ORD000548,PROD0047,1,3064.86,2.6
OITEM004097,ORD000605,PROD0008,1,16797.76,4.6
OITEM004098,ORD000847,PROD0031,5,5093.35,7.7
OITEM004099,ORD000847,PROD0172,1,997.63,18.2
OITEM004100,ORD000847,PROD0119,1,1799.61,2.6
OITEM004101,ORD000580,PROD0056,3,5310.44,7.0
OITEM004102,ORD000580,PROD0034,3,19470.47,3.7
OITEM004103,ORD001377,PROD0183,1,925.88,3.6
OITEM004104,ORD001377,PROD0166,5,114.38,5.9
OITEM004105,ORD001309,PROD0166,1,106.04,10.3
OITEM004106,ORD001309,PROD0053,4,1888.1,3.2
OITEM004107,ORD001701,PROD0081,2,5338.47,12.8
OITEM004108,ORD002514,PROD0029,1,2551.58,13.0
OITEM004109,ORD002514,PROD0104,1,11458.1,14.3
OITEM004110,ORD001505,PROD0166,1,109.64,19.7
OITEM004111,ORD001505,PROD0075,3,2269.72,6.6
OITEM004112,ORD000468,PROD0040,1,3004.27,2.7
OITEM004113,ORD000971,PROD0066,1,756.16,5.3
OITEM004114,ORD001821,PROD0034,1,20110.73,10.0
OITEM004115,ORD001821,PROD0087,1,12694.32,15.1
OITEM004116,ORD000075,PROD0121,1,3176.72,13.5
OITEM004117,ORD000075,PROD0040,1,2853.96,19.7
OITEM004118,ORD001731,PROD0192,3,850.36,9.2
OITEM004119,ORD002179,PROD0024,5,22899.77,4.7
OITEM004120,ORD002179,PROD0068,1,3581.38,3.9
OITEM004121,ORD002179,PROD0066,5,766.48,11.3
OITEM004122,ORD001222,PROD0050,1,4284.59,8.4
OITEM004123,ORD003129,PROD0046,3,2447.42,5.0
OITEM004124,ORD003129,PROD0066,1,813.19,11.9
OITEM004125,ORD003082,PROD0130,1,3920.66,6.1
OITEM004126,ORD003149,PROD0047,2,2907.52,12.8
OITEM004127,ORD003149,PROD0121,2,3120.94,11.2
OITEM004128,ORD001249,PROD0067,1,2130.98,23.9
OITEM004129,ORD001384,PROD0030,2,4664.24,6.9
OITEM004130,ORD001384,PROD0163,2,14949.55,13.8
OITEM004131,ORD002776,PROD0063,1,2089.91,8.4
OITEM004132,ORD002033,PROD0165,3,209.86,22.3
OITEM004133,ORD002033,PROD0066,1,785.69,17.4
OITEM004134,ORD002719,PROD0004,1,28653.29,16.9
OITEM004135,ORD002719,PROD0119,1,1805.27,15.2
OITEM004136,ORD002719,PROD0068,5,3619.2,9.5
OITEM004137,ORD002466,PROD0195,4,7520.74,2.6
OITEM004138,ORD002353,PROD0031,3,5525.24,12.5
OITEM004139,ORD000569,PROD0031,1,5393.01,17.4
OITEM004140,ORD003071,PROD0079,2,5035.97,10.6
OITEM004141,ORD000846,PROD0121,1,3377.85,8.2
OITEM004142,ORD000846,PROD0078,2,5038.79,13.3
OITEM004143,ORD000846,PROD0063,3,2051.99,5.1
OITEM004144,ORD000972,PROD0047,4,2926.83,15.1
OITEM004145,ORD000426,PROD0183,2,920.47,12.7
OITEM004146,ORD000426,PROD0052,1,2769.86,11.4
OITEM004147,ORD003183,PROD0064,1,560.06,8.8
OITEM004148,ORD000583,PROD0192,2,922.54,24.5
OITEM004149,ORD001601,PROD0068,2,3433.95,5.1
OITEM004150,ORD001601,PROD0093,1,2445.67,6.1
OITEM004151,ORD001601,PROD0183,3,920.35,7.4
OITEM004152,ORD001601,PROD0119,1,1727.65,13.9
OITEM004153,ORD000454,PROD0035,1,23330.59,10.6
OITEM004154,ORD000454,PROD0029,4,2386.71,1.0
OITEM004155,ORD000454,PROD0088,3,4676.28,20.8
OITEM004156,ORD000454,PROD0119,5,1732.18,17.3
OITEM004157,ORD001382,PROD0095,1,6853.08,7.3
OITEM004158,ORD000827,PROD0165,1,212.32,16.1
OITEM004159,ORD000827,PROD0068,1,3624.4,14.7
OITEM004160,ORD001138,PROD0132,1,199.26,10.7
OITEM004161,ORD000942,PROD0119,1,1795.01,15.0
OITEM004162,ORD000942,PROD0183,3,998.52,16.8
OITEM004163,ORD000942,PROD0031,4,5421.54,9.6
OITEM004164,ORD002395,PROD0173,1,165.54,14.7
OITEM004165,ORD002395,PROD0112,1,6089.53,21.8
OITEM004166,ORD002395,PROD0133,1,3093.16,15.2
OITEM004167,ORD001193,PROD0084,1,2217.22,0.1
OITEM004168,ORD001278,PROD0050,1,4529.52,12.7
OITEM004169,ORD001278,PROD0084,2,2289.83,19.0
OITEM004170,ORD001278,PROD0190,1,5037.06,11.6
OITEM004171,ORD002153,PROD0119,5,1723.79,3.8
OITEM004172,ORD002153,PROD0024,2,21374.97,10.2
OITEM004173,ORD002613,PROD0099,1,993.26,23.0
OITEM004174,ORD001838,PROD0125,1,2685.86,18.5
OITEM004175,ORD001252,PROD0119,1,1739.73,13.1
OITEM004176,ORD002478,PROD0031,1,5199.28,5.1
OITEM004177,ORD002478,PROD0172,1,969.52,19.9
OITEM004178,ORD000042,PROD0075,1,2295.65,6.9
OITEM004179,ORD000042,PROD0180,1,544.36,7.3
OITEM004180,ORD000782,PROD0128,1,1101.36,2.9
OITEM004181,ORD000782,PROD0139,1,1571.8,2.1
OITEM004182,ORD000966,PROD0066,5,778.09,19.0
OITEM004183,ORD000966,PROD0135,1,2816.26,14.1
OITEM004184,ORD003072,PROD0112,1,6197.21,23.7
OITEM004185,ORD003072,PROD0110,1,5790.19,4.2
OITEM004186,ORD003137,PROD0119,2,1860.44,4.4
OITEM004187,ORD003137,PROD0139,2,1510.1,9.2
OITEM004188,ORD003137,PROD0155,1,12074.53,15.1
OITEM004189,ORD001146,PROD0011,1,16176.48,16.3
OITEM004190,ORD000550,PROD0192,2,876.59,2.9
OITEM004191,ORD000550,PROD0165,2,213.15,15.6
OITEM004192,ORD000284,PROD0047,3,2961.69,15.3
OITEM004193,ORD000284,PROD0150,1,17543.35,5.8
OITEM004194,ORD002948,PROD0158,1,11672.99,16.1
OITEM004195,ORD002948,PROD0119,3,1767.48,17.5
OITEM004196,ORD002948,PROD0098,3,3338.53,12.2
OITEM004197,ORD002628,PROD0024,3,22259.14,20.2
OITEM004198,ORD002402,PROD0034,3,19607.09,24.0
OITEM004199,ORD002402,PROD0029,2,2369.01,14.3
OITEM004200,ORD000603,PROD0116,1,12526.28,22.4
OITEM004201,ORD001954,PROD0024,3,21081.4,10.4
OITEM004202,ORD000291,PROD0116,3,12061.43,2.5
OITEM004203,ORD000291,PROD0106,2,14868.49,22.5
OITEM004204,ORD000291,PROD0152,2,8811.69,10.8
OITEM004205,ORD000636,PROD0031,3,5150.35,18.7
OITEM004206,ORD003000,PROD0165,2,206.56,21.7
OITEM004207,ORD000106,PROD0068,1,3655.69,19.1
OITEM004208,ORD000106,PROD0135,2,2822.41,13.8
OITEM004209,ORD000106,PROD0085,2,2787.47,23.0
OITEM004210,ORD002247,PROD0050,3,4439.8,2.5
OITEM004211,ORD002247,PROD0165,3,223.14,12.6
OITEM004212,ORD002247,PROD0031,1,5243.72,24.2
OITEM004213,ORD003044,PROD0119,1,1727.08,19.1
OITEM004214,ORD001250,PROD0193,1,5050.85,0.9
OITEM004215,ORD002586,PROD0047,2,3073.86,3.9
OITEM004216,ORD002586,PROD0116,3,12153.93,11.1
OITEM004217,ORD002586,PROD0078,1,4663.57,5.3
OITEM004218,ORD002586,PROD0084,1,2154.58,13.5
OITEM004219,ORD001136,PROD0119,5,1891.04,20.7
OITEM004220,ORD000047,PROD0007,1,4573.4,5.1
OITEM004221,ORD001343,PROD0047,2,3114.42,20.4
OITEM004222,ORD001343,PROD0165,2,209.56,8.9
OITEM004223,ORD002541,PROD0031,1,5598.26,2.3
OITEM004224,ORD002541,PROD0131,1,2861.16,7.3
OITEM004225,ORD003073,PROD0102,1,11274.42,18.9
OITEM004226,ORD003073,PROD0111,1,3722.64,3.6
OITEM004227,ORD003073,PROD0132,1,200.25,7.3
OITEM004228,ORD001604,PROD0165,1,216.96,12.6
OITEM004229,ORD001604,PROD0047,3,3067.02,4.8
OITEM004230,ORD002254,PROD0121,1,3211.91,2.9
OITEM004231,ORD000287,PROD0066,1,785.36,15.7
OITEM004232,ORD000287,PROD0200,1,3706.47,12.1
OITEM004233,ORD002424,PROD0150,3,18487.93,8.3
OITEM004234,ORD002424,PROD0050,1,4246.11,8.3
OITEM004235,ORD002496,PROD0020,1,18769.94,2.7
OITEM004236,ORD002496,PROD0172,3,978.25,15.4
OITEM004237,ORD000099,PROD0166,2,112.75,21.2
OITEM004238,ORD000914,PROD0112,2,6106.67,22.2
OITEM004239,ORD000914,PROD0068,4,3568.67,8.9
OITEM004240,ORD001614,PROD0121,1,3293.36,3.6
OITEM004241,ORD001614,PROD0128,1,1130.32,11.7
OITEM004242,ORD001269,PROD0068,2,3635.13,22.6
OITEM004243,ORD001785,PROD0119,5,1872.89,24.2
OITEM004244,ORD000407,PROD0035,3,24595.06,18.7
OITEM004245,ORD000407,PROD0009,2,18398.55,7.9
OITEM004246,ORD001013,PROD0074,2,565.57,9.0
OITEM004247,ORD001013,PROD0172,2,1019.0,23.1
OITEM004248,ORD002156,PROD0051,1,5185.49,4.1
OITEM004249,ORD000214,PROD0121,3,3178.63,13.0
OITEM004250,ORD000214,PROD0019,1,30300.61,16.0
OITEM004251,ORD000032,PROD0165,1,219.41,22.9
OITEM004252,ORD001420,PROD0054,2,4617.66,8.4
OITEM004253,ORD002363,PROD0078,2,4724.04,16.3
OITEM004254,ORD003106,PROD0078,1,4759.7,2.1
OITEM004255,ORD002867,PROD0066,3,796.6,9.9
OITEM004256,ORD001851,PROD0165,1,217.72,18.1
OITEM004257,ORD001851,PROD0193,1,5101.05,17.3
OITEM004258,ORD001851,PROD0166,1,108.85,10.0
OITEM004259,ORD001851,PROD0119,3,1841.36,21.0
OITEM004260,ORD001551,PROD0004,1,29039.64,11.0
OITEM004261,ORD001551,PROD0172,2,1027.66,10.4
OITEM004262,ORD001551,PROD0064,1,586.34,6.9
OITEM004263,ORD000531,PROD0048,1,584.04,10.0
OITEM004264,ORD000531,PROD0128,1,1057.45,16.1
OITEM004265,ORD002970,PROD0165,1,205.52,21.2
OITEM004266,ORD002970,PROD0132,1,203.78,6.8
OITEM004267,ORD002970,PROD0104,1,11432.93,15.3
OITEM004268,ORD002970,PROD0076,2,572.38,13.7
OITEM004269,ORD001162,PROD0135,4,2903.53,1.4
OITEM004270,ORD001162,PROD0136,1,2922.05,15.3
OITEM004271,ORD001162,PROD0112,2,5971.29,14.0
OITEM004272,ORD002799,PROD0084,1,2162.63,7.2
OITEM004273,ORD002799,PROD0113,2,8138.96,12.0
OITEM004274,ORD001289,PROD0118,3,543.54,15.0
OITEM004275,ORD001289,PROD0066,1,808.5,18.9
OITEM004276,ORD002588,PROD0023,1,8503.14,2.2
OITEM004277,ORD002588,PROD0166,2,111.87,17.5
OITEM004278,ORD001677,PROD0066,4,777.94,3.7
OITEM004279,ORD001677,PROD0119,2,1849.77,20.4
OITEM004280,ORD001677,PROD0192,1,842.59,1.7
OITEM004281,ORD003017,PROD0119,1,1796.35,5.2
OITEM004282,ORD003017,PROD0171,3,36.37,20.4
OITEM004283,ORD000618,PROD0082,1,2202.99,3.0
OITEM004284,ORD000618,PROD0005,2,5824.45,6.3
OITEM004285,ORD000618,PROD0054,1,4686.61,23.1
OITEM004286,ORD000618,PROD0119,1,1748.31,8.5
OITEM004287,ORD002436,PROD0114,1,14829.99,16.5
OITEM004288,ORD002762,PROD0011,3,16576.03,1.8
OITEM004289,ORD000041,PROD0121,2,3145.84,13.3
OITEM004290,ORD000120,PROD0034,1,20431.46,6.1
OITEM004291,ORD002359,PROD0133,2,3346.96,8.6
OITEM004292,ORD002359,PROD0064,2,571.87,5.3
OITEM004293,ORD003005,PROD0121,1,3281.45,5.0
OITEM004294,ORD003005,PROD0116,1,12045.29,19.5
OITEM004295,ORD002663,PROD0084,1,2150.54,8.5
OITEM004296,ORD002663,PROD0192,2,860.27,1.0
OITEM004297,ORD001310,PROD0065,3,3747.18,20.0
OITEM004298,ORD003168,PROD0119,1,1717.49,20.1
OITEM004299,ORD001010,PROD0035,1,23101.08,12.2
OITEM004300,ORD001010,PROD0088,4,4731.52,14.1
OITEM004301,ORD000472,PROD0135,2,2799.9,8.9
OITEM004302,ORD000472,PROD0125,1,2687.39,18.4
OITEM004303,ORD000472,PROD0112,1,6570.09,13.6
OITEM004304,ORD001231,PROD0066,1,824.46,8.2
OITEM004305,ORD001231,PROD0034,3,19845.3,23.4
OITEM004306,ORD001231,PROD0064,4,571.78,4.0
OITEM004307,ORD001745,PROD0180,1,559.49,12.2
OITEM004308,ORD002268,PROD0165,1,223.51,15.2
OITEM004309,ORD002268,PROD0166,1,112.29,1.8
OITEM004310,ORD002268,PROD0119,2,1775.19,4.8
OITEM004311,ORD002307,PROD0065,2,3507.54,6.5
OITEM004312,ORD002856,PROD0130,1,3920.04,5.8
OITEM004313,ORD001142,PROD0074,1,564.41,22.4
OITEM004314,ORD001142,PROD0175,4,488.26,21.3
OITEM004315,ORD001142,PROD0064,2,596.03,20.7
OITEM004316,ORD001142,PROD0050,1,4258.27,16.0
OITEM004317,ORD001471,PROD0125,5,2854.91,3.8
OITEM004318,ORD001471,PROD0166,1,114.13,16.1
OITEM004319,ORD001471,PROD0102,1,11864.21,10.5
OITEM004320,ORD003116,PROD0004,4,27371.04,2.2
OITEM004321,ORD003116,PROD0112,4,6254.6,22.5
OITEM004322,ORD001668,PROD0119,1,1778.21,19.7
OITEM004323,ORD001668,PROD0064,2,565.9,8.9
OITEM004324,ORD000230,PROD0118,1,549.98,3.3
OITEM004325,ORD000230,PROD0150,2,17015.65,4.7
OITEM004326,ORD001037,PROD0168,1,684.13,1.3
OITEM004327,ORD001454,PROD0102,2,11624.81,3.6
OITEM004328,ORD002362,PROD0079,1,5448.56,3.7
OITEM004329,ORD002362,PROD0097,1,9562.5,7.4
OITEM004330,ORD001441,PROD0128,1,1044.59,3.1
OITEM004331,ORD001441,PROD0150,1,17842.42,17.2
OITEM004332,ORD002261,PROD0024,4,21676.35,22.3
OITEM004333,ORD003088,PROD0084,1,2156.67,1.4
OITEM004334,ORD003088,PROD0020,1,19505.77,2.3
OITEM004335,ORD003088,PROD0066,1,785.78,13.4
OITEM004336,ORD003088,PROD0128,1,1105.55,19.8
OITEM004337,ORD002474,PROD0092,4,5792.51,14.3
OITEM004338,ORD002972,PROD0113,1,7888.86,4.9
OITEM004339,ORD001164,PROD0036,1,5659.94,22.2
OITEM004340,ORD001164,PROD0134,1,689.18,1.1
OITEM004341,ORD002706,PROD0068,1,3371.0,23.7
OITEM004342,ORD002706,PROD0172,1,1049.26,17.9
OITEM004343,ORD002380,PROD0131,1,3082.69,6.0
OITEM004344,ORD000698,PROD0019,3,30282.3,7.5
OITEM004345,ORD001716,PROD0144,1,1113.39,14.2
OITEM004346,ORD001716,PROD0112,2,6044.48,6.4
OITEM004347,ORD000195,PROD0121,1,3170.63,21.6
OITEM004348,ORD000195,PROD0119,1,1714.39,15.3
OITEM004349,ORD001584,PROD0068,2,3381.49,20.3
OITEM004350,ORD001584,PROD0121,1,3406.14,16.5
OITEM004351,ORD001584,PROD0118,1,561.5,15.4
OITEM004352,ORD002815,PROD0070,1,2844.87,12.3
OITEM004353,ORD000897,PROD0118,2,551.54,21.3
OITEM004354,ORD000117,PROD0112,2,6373.53,9.1
OITEM004355,ORD000213,PROD0011,1,15877.4,12.7
OITEM004356,ORD000213,PROD0068,2,3589.98,2.8
OITEM004357,ORD001557,PROD0119,2,1805.9,8.9
OITEM004358,ORD001557,PROD0068,1,3495.9,17.6
OITEM004359,ORD001557,PROD0062,1,1242.3,9.2
OITEM004360,ORD001557,PROD0166,2,113.33,8.4
OITEM004361,ORD001295,PROD0024,1,20986.5,16.5
OITEM004362,ORD001295,PROD0021,2,46358.38,17.2
OITEM004363,ORD001295,PROD0031,1,5483.2,15.6
OITEM004364,ORD000336,PROD0176,2,1161.62,18.5
OITEM004365,ORD000336,PROD0053,2,1776.22,1.5
OITEM004366,ORD000387,PROD0031,2,5130.53,22.5
OITEM004367,ORD000387,PROD0024,2,21300.24,1.1
OITEM004368,ORD000387,PROD0019,1,31416.58,5.7
OITEM004369,ORD000387,PROD0084,1,2270.72,21.5
OITEM004370,ORD002275,PROD0132,2,215.29,12.4
OITEM004371,ORD002275,PROD0174,2,402.36,13.5
OITEM004372,ORD002901,PROD0058,1,3402.95,1.8
OITEM004373,ORD002901,PROD0066,1,785.75,1.6
OITEM004374,ORD002901,PROD0152,4,9070.43,24.5
OITEM004375,ORD002901,PROD0028,1,51781.93,7.1
OITEM004376,ORD000869,PROD0064,2,551.36,14.0
OITEM004377,ORD000869,PROD0095,1,7045.46,20.4
OITEM004378,ORD000869,PROD0002,1,34665.39,16.5
OITEM004379,ORD000869,PROD0066,1,825.16,13.5
OITEM004380,ORD001255,PROD0166,1,108.63,0.5
OITEM004381,ORD001255,PROD0021,5,44275.59,5.4
OITEM004382,ORD000616,PROD0048,1,619.61,9.6
OITEM004383,ORD000616,PROD0173,1,166.6,16.6
OITEM004384,ORD000616,PROD0121,1,3333.4,23.1
OITEM004385,ORD000616,PROD0031,1,5580.28,0.4
OITEM004386,ORD000504,PROD0119,1,1762.16,17.0
OITEM004387,ORD003045,PROD0046,1,2603.33,17.1
OITEM004388,ORD003045,PROD0166,1,105.22,4.2
OITEM004389,ORD000610,PROD0066,2,765.13,16.9
OITEM004390,ORD000021,PROD0009,1,19363.42,8.6
OITEM004391,ORD000750,PROD0160,1,14879.74,18.0
OITEM004392,ORD000750,PROD0166,1,106.69,13.7
OITEM004393,ORD002241,PROD0023,3,8918.2,15.1
OITEM004394,ORD002241,PROD0024,3,21668.21,18.2
OITEM004395,ORD002066,PROD0066,1,786.37,8.5
OITEM004396,ORD002066,PROD0047,1,3035.17,20.2
OITEM004397,ORD000653,PROD0107,1,2702.84,9.0
OITEM004398,ORD001442,PROD0166,3,110.9,0.4
OITEM004399,ORD001442,PROD0197,4,8096.64,14.4
OITEM004400,ORD002464,PROD0112,2,6501.37,14.5
OITEM004401,ORD002464,PROD0064,3,585.22,18.3
OITEM004402,ORD002853,PROD0099,2,1033.84,23.5
OITEM004403,ORD003093,PROD0128,3,1071.42,19.0
OITEM004404,ORD003093,PROD0066,2,777.93,12.4
OITEM004405,ORD003093,PROD0121,1,3188.92,22.4
OITEM004406,ORD000171,PROD0064,1,567.51,13.6
OITEM004407,ORD002882,PROD0158,2,11188.04,3.1
OITEM004408,ORD001476,PROD0095,1,7223.97,17.0
OITEM004409,ORD001476,PROD0162,3,9512.08,23.9
OITEM004410,ORD001476,PROD0135,1,3064.89,9.2
OITEM004411,ORD001476,PROD0132,1,203.37,2.5
OITEM004412,ORD003025,PROD0197,2,7853.73,11.8
OITEM004413,ORD000072,PROD0183,1,926.19,24.8
OITEM004414,ORD000072,PROD0119,2,1781.9,2.7
OITEM004415,ORD000051,PROD0166,1,107.27,9.7
OITEM004416,ORD003197,PROD0026,1,40245.76,3.2
OITEM004417,ORD003197,PROD0160,2,14034.88,3.6
OITEM004418,ORD003197,PROD0066,1,773.83,8.9
OITEM004419,ORD003197,PROD0166,3,104.8,21.5
OITEM004420,ORD001290,PROD0119,2,1827.77,13.0
OITEM004421,ORD001223,PROD0121,1,3196.51,6.7
OITEM004422,ORD001223,PROD0131,1,2987.58,13.5
OITEM004423,ORD002349,PROD0166,2,104.79,14.4
OITEM004424,ORD001882,PROD0084,1,2305.51,21.8
OITEM004425,ORD000104,PROD0121,5,3254.48,7.1
OITEM004426,ORD000104,PROD0136,1,2922.51,15.4
OITEM004427,ORD000104,PROD0119,4,1745.45,10.3
OITEM004428,ORD003050,PROD0063,1,2063.46,23.7
OITEM004429,ORD003050,PROD0066,2,784.01,10.7
OITEM004430,ORD003050,PROD0024,1,20834.47,1.6
OITEM004431,ORD000558,PROD0135,2,2832.27,20.6
OITEM004432,ORD000558,PROD0070,1,3008.19,6.6
OITEM004433,ORD000558,PROD0121,5,3253.23,23.0
OITEM004434,ORD000122,PROD0139,1,1631.1,20.8
OITEM004435,ORD000987,PROD0066,1,768.94,21.1
OITEM004436,ORD000132,PROD0031,2,5379.49,14.4
OITEM004437,ORD000132,PROD0063,2,2025.23,22.7
OITEM004438,ORD000404,PROD0132,2,209.11,18.0
OITEM004439,ORD000404,PROD0172,2,978.64,21.1
OITEM004440,ORD000086,PROD0168,1,690.0,15.6
OITEM004441,ORD001118,PROD0166,4,109.27,12.7
OITEM004442,ORD002054,PROD0200,1,3893.8,21.0
OITEM004443,ORD002054,PROD0035,4,24050.14,21.6
OITEM004444,ORD001234,PROD0034,1,20117.21,4.2
OITEM004445,ORD001625,PROD0119,3,1720.9,20.2
OITEM004446,ORD000944,PROD0004,1,29337.23,8.6
OITEM004447,ORD000944,PROD0020,2,18839.56,16.2
OITEM004448,ORD000944,PROD0118,1,543.76,16.7
OITEM004449,ORD002991,PROD0128,2,1098.73,21.3
OITEM004450,ORD002991,PROD0156,1,17936.92,4.3
OITEM004451,ORD000895,PROD0050,2,4570.98,19.4
OITEM004452,ORD000895,PROD0173,5,165.9,5.7
OITEM004453,ORD000895,PROD0008,1,16515.6,23.5
OITEM004454,ORD000023,PROD0128,2,1096.48,17.8
OITEM004455,ORD000023,PROD0166,1,112.21,2.7
OITEM004456,ORD000857,PROD0068,2,3534.73,24.0
OITEM004457,ORD000981,PROD0135,1,2955.83,15.4
OITEM004458,ORD000779,PROD0031,3,5410.35,18.3
OITEM004459,ORD000779,PROD0112,4,6256.82,7.6
OITEM004460,ORD000779,PROD0022,1,40249.7,22.5
OITEM004461,ORD000779,PROD0066,4,816.4,5.4
OITEM004462,ORD000223,PROD0133,1,3228.03,6.5
OITEM004463,ORD000223,PROD0134,3,669.21,21.0
OITEM004464,ORD001554,PROD0180,1,541.2,5.4
OITEM004465,ORD001335,PROD0135,1,2853.59,9.4
OITEM004466,ORD001335,PROD0067,3,2076.77,17.0
OITEM004467,ORD001335,PROD0128,1,1054.95,0.4
OITEM004468,ORD001000,PROD0114,2,14234.37,10.3
OITEM004469,ORD002525,PROD0176,1,1186.42,9.6
OITEM004470,ORD000833,PROD0050,3,4299.52,19.2
OITEM004471,ORD001670,PROD0095,1,6832.09,8.3
OITEM004472,ORD001670,PROD0112,1,6277.38,2.2
OITEM004473,ORD002266,PROD0068,1,3497.72,5.6
OITEM004474,ORD001828,PROD0024,1,21444.02,17.6
OITEM004475,ORD002322,PROD0066,1,763.21,5.8
OITEM004476,ORD002626,PROD0165,2,207.07,3.3
OITEM004477,ORD002626,PROD0004,2,27797.79,13.9
OITEM004478,ORD002626,PROD0119,3,1888.27,19.4
OITEM004479,ORD002626,PROD0063,1,2084.14,18.4
OITEM004480,ORD003102,PROD0080,1,5032.57,19.9
OITEM004481,ORD003102,PROD0193,4,4969.97,13.6
OITEM004482,ORD003102,PROD0034,3,19846.86,2.5
OITEM004483,ORD003102,PROD0066,1,814.52,7.0
OITEM004484,ORD001344,PROD0171,3,38.82,6.5
OITEM004485,ORD001344,PROD0119,1,1861.16,4.4
OITEM004486,ORD001998,PROD0060,1,3860.19,4.5
OITEM004487,ORD001977,PROD0119,2,1774.03,3.2
OITEM004488,ORD001977,PROD0121,1,3269.37,13.2
OITEM004489,ORD001008,PROD0145,2,10688.86,4.4
OITEM004490,ORD001004,PROD0173,4,166.55,9.8
OITEM004491,ORD002355,PROD0173,3,174.49,4.7
OITEM004492,ORD002355,PROD0125,3,2766.02,14.4
OITEM004493,ORD002355,PROD0004,3,28925.94,22.7
OITEM004494,ORD002355,PROD0078,1,4640.13,2.1
OITEM004495,ORD000225,PROD0102,2,11701.42,0.5
OITEM004496,ORD000225,PROD0024,1,22719.81,15.7
OITEM004497,ORD000225,PROD0066,1,758.08,0.2
OITEM004498,ORD000225,PROD0165,2,217.02,1.3
OITEM004499,ORD002329,PROD0166,1,105.1,10.6
OITEM004500,ORD000080,PROD0063,1,2090.67,17.0
OITEM004501,ORD000080,PROD0200,2,3706.17,5.6
OITEM004502,ORD000080,PROD0068,3,3495.8,18.5
OITEM004503,ORD001697,PROD0119,1,1825.37,11.6
OITEM004504,ORD000391,PROD0099,1,1013.79,3.1
OITEM004505,ORD002317,PROD0181,1,945.1,10.0
OITEM004506,ORD001006,PROD0121,5,3233.07,5.5
OITEM004507,ORD002072,PROD0130,2,3754.81,7.6
OITEM004508,ORD002072,PROD0165,3,214.21,23.7
OITEM004509,ORD000889,PROD0068,1,3367.81,16.5
OITEM004510,ORD000889,PROD0161,4,15418.26,10.9
OITEM004511,ORD002306,PROD0128,1,1107.55,5.4
OITEM004512,ORD000837,PROD0066,5,760.35,15.8
OITEM004513,ORD000837,PROD0047,1,3177.68,24.3
OITEM004514,ORD000837,PROD0121,1,3131.22,0.8
OITEM004515,ORD000540,PROD0026,1,37697.71,15.9
OITEM004516,ORD000540,PROD0112,2,6068.57,14.6
OITEM004517,ORD002989,PROD0068,1,3702.81,18.2
OITEM004518,ORD002989,PROD0192,1,912.27,14.5
OITEM004519,ORD002989,PROD0119,2,1856.61,1.6
OITEM004520,ORD002059,PROD0024,1,20826.27,6.9
OITEM004521,ORD002059,PROD0158,5,11657.14,2.9
OITEM004522,ORD000419,PROD0068,1,3654.31,8.0
OITEM004523,ORD001515,PROD0063,3,2079.28,23.1
OITEM004524,ORD001515,PROD0078,1,4950.05,12.6
OITEM004525,ORD002640,PROD0135,4,2975.02,5.0
OITEM004526,ORD003155,PROD0128,4,1096.74,23.0
OITEM004527,ORD003155,PROD0063,1,2161.12,21.8
OITEM004528,ORD001777,PROD0066,1,762.39,18.9
OITEM004529,ORD001777,PROD0047,1,2950.38,9.9
OITEM004530,ORD002995,PROD0046,2,2477.8,2.1
OITEM004531,ORD002995,PROD0019,1,31951.93,4.9
OITEM004532,ORD000029,PROD0030,1,4593.32,8.2
OITEM004533,ORD000911,PROD0024,2,22513.66,7.7
OITEM004534,ORD000911,PROD0166,1,112.99,3.1
OITEM004535,ORD003113,PROD0176,4,1191.92,6.8
OITEM004536,ORD002946,PROD0171,4,39.65,8.1
OITEM004537,ORD002946,PROD0173,2,166.24,7.5
OITEM004538,ORD002946,PROD0112,1,6439.55,13.1
OITEM004539,ORD000691,PROD0065,3,3590.89,4.8
OITEM004540,ORD002477,PROD0146,1,12576.58,0.2
OITEM004541,ORD002477,PROD0112,4,6299.84,3.9
OITEM004542,ORD002477,PROD0053,5,1828.9,21.5
OITEM004543,ORD000421,PROD0161,1,16441.96,8.9
OITEM004544,ORD000421,PROD0066,1,786.02,5.3
OITEM004545,ORD000421,PROD0166,2,110.76,11.6
OITEM004546,ORD000515,PROD0150,1,17191.87,15.6
OITEM004547,ORD001817,PROD0024,3,21508.33,15.4
OITEM004548,ORD001829,PROD0047,3,3070.37,16.2
OITEM004549,ORD002599,PROD0114,4,14955.67,10.8
OITEM004550,ORD002599,PROD0132,2,214.5,21.8
OITEM004551,ORD002599,PROD0168,2,650.39,21.2
OITEM004552,ORD000226,PROD0125,1,2884.99,10.1
OITEM004553,ORD000822,PROD0113,1,7652.0,6.6
OITEM004554,ORD000822,PROD0016,2,30109.09,14.3
OITEM004555,ORD001530,PROD0024,3,21438.95,17.7
OITEM004556,ORD001530,PROD0111,1,3754.95,18.0
OITEM004557,ORD001081,PROD0165,1,216.47,16.7
OITEM004558,ORD001081,PROD0112,1,6137.68,1.7
OITEM004559,ORD002159,PROD0066,3,823.08,7.2
OITEM004560,ORD002159,PROD0166,2,105.64,12.2
OITEM004561,ORD002159,PROD0183,2,929.46,14.1
OITEM004562,ORD002159,PROD0176,2,1259.37,14.3
OITEM004563,ORD001322,PROD0096,1,14679.21,11.2
OITEM004564,ORD000037,PROD0087,1,12674.68,8.6
OITEM004565,ORD000037,PROD0064,1,597.46,6.0
OITEM004566,ORD000373,PROD0031,1,5561.87,24.5
OITEM004567,ORD001352,PROD0166,1,106.79,0.8
OITEM004568,ORD000545,PROD0066,1,818.08,7.7
OITEM004569,ORD000545,PROD0092,1,5940.6,20.7
OITEM004570,ORD001550,PROD0078,4,4664.21,22.4
OITEM004571,ORD000347,PROD0079,1,5463.67,5.5
OITEM004572,ORD000347,PROD0160,3,14282.79,9.3
OITEM004573,ORD000347,PROD0084,5,2206.58,9.6
OITEM004574,ORD000347,PROD0095,2,6818.55,20.0
OITEM004575,ORD001710,PROD0119,1,1718.52,6.4
OITEM004576,ORD002574,PROD0099,2,1028.59,23.4
OITEM004577,ORD000267,PROD0003,2,34436.79,24.5
OITEM004578,ORD000267,PROD0063,1,2041.93,9.1
OITEM004579,ORD000245,PROD0063,2,2102.72,7.8
OITEM004580,ORD002332,PROD0131,2,2960.88,11.4
OITEM004581,ORD001775,PROD0118,1,554.59,13.1
OITEM004582,ORD001775,PROD0173,2,168.1,5.6
OITEM004583,ORD001775,PROD0112,3,6379.91,16.9
OITEM004584,ORD001045,PROD0197,3,7493.1,5.3
OITEM004585,ORD001045,PROD0079,1,5401.94,0.4
OITEM004586,ORD003121,PROD0068,1,3396.36,19.1
OITEM004587,ORD001644,PROD0158,3,11412.19,13.1
OITEM004588,ORD001644,PROD0166,2,109.14,5.3
OITEM004589,ORD000952,PROD0086,5,9327.65,8.9
OITEM004590,ORD000952,PROD0031,1,5234.76,20.6
OITEM004591,ORD000952,PROD0047,4,2942.31,16.7
OITEM004592,ORD000720,PROD0118,3,585.1,14.7
OITEM004593,ORD000720,PROD0128,4,1092.98,23.2
OITEM004594,ORD000720,PROD0119,1,1831.79,2.6
OITEM004595,ORD002992,PROD0026,2,38743.9,7.2
OITEM004596,ORD002992,PROD0050,2,4257.95,23.4
OITEM004597,ORD002992,PROD0052,1,2651.92,16.1
OITEM004598,ORD001962,PROD0145,1,9995.63,15.4
OITEM004599,ORD001962,PROD0132,2,212.81,24.1
OITEM004600,ORD001962,PROD0166,2,112.7,1.5
OITEM004601,ORD002755,PROD0142,1,3150.41,22.8
OITEM004602,ORD000574,PROD0050,2,4291.92,19.1
OITEM004603,ORD000574,PROD0139,1,1488.53,5.4
OITEM004604,ORD000574,PROD0020,2,20530.07,10.1
OITEM004605,ORD001506,PROD0119,3,1827.73,7.2
OITEM004606,ORD000845,PROD0088,2,4916.76,4.1
OITEM004607,ORD000845,PROD0066,1,765.02,18.2
OITEM004608,ORD000845,PROD0113,1,8172.05,2.5
OITEM004609,ORD000845,PROD0176,4,1201.21,13.6
OITEM004610,ORD001116,PROD0066,1,763.65,19.8
OITEM004611,ORD000266,PROD0112,3,6011.17,20.7
OITEM004612,ORD000266,PROD0046,2,2550.28,17.8
OITEM004613,ORD000266,PROD0128,1,1097.76,3.1
OITEM004614,ORD000266,PROD0135,2,2847.17,11.0
OITEM004615,ORD003115,PROD0136,1,3102.55,9.4
OITEM004616,ORD003115,PROD0066,5,779.58,19.3
OITEM004617,ORD000219,PROD0183,1,994.98,1.9
OITEM004618,ORD001958,PROD0120,1,3099.36,11.1
OITEM004619,ORD000659,PROD0021,1,45973.45,13.6
OITEM004620,ORD001093,PROD0035,2,24313.3,12.4
OITEM004621,ORD001093,PROD0002,1,35944.62,9.4
OITEM004622,ORD001093,PROD0024,1,22067.16,19.3
OITEM004623,ORD001093,PROD0096,1,14146.86,12.5
OITEM004624,ORD001990,PROD0006,4,19726.77,16.1
OITEM004625,ORD001990,PROD0047,1,3144.81,20.7
OITEM004626,ORD001990,PROD0095,1,6909.79,22.8
OITEM004627,ORD001990,PROD0121,4,3113.9,11.5
OITEM004628,ORD001930,PROD0116,3,12443.04,4.0
OITEM004629,ORD001930,PROD0135,1,2922.71,2.6
OITEM004630,ORD001930,PROD0003,3,32905.45,7.5
OITEM004631,ORD001930,PROD0112,5,6237.81,0.8
OITEM004632,ORD001735,PROD0134,2,695.96,1.5
OITEM004633,ORD001735,PROD0135,3,2956.65,2.4
OITEM004634,ORD002863,PROD0156,1,17612.18,23.5
OITEM004635,ORD001066,PROD0188,2,4478.2,16.7
OITEM004636,ORD001066,PROD0173,3,172.82,3.8
OITEM004637,ORD000582,PROD0063,3,2182.03,12.4
OITEM004638,ORD002752,PROD0165,1,205.9,22.8
OITEM004639,ORD002752,PROD0066,1,815.85,1.6
OITEM004640,ORD001271,PROD0165,1,213.98,22.8
OITEM004641,ORD001271,PROD0127,1,1457.1,20.4
OITEM004642,ORD001929,PROD0125,2,2708.07,3.8
OITEM004643,ORD001929,PROD0120,1,3181.24,13.1
OITEM004644,ORD001929,PROD0066,2,793.77,8.2
OITEM004645,ORD001929,PROD0005,1,5922.52,17.5
OITEM004646,ORD002061,PROD0031,3,5372.99,22.0
OITEM004647,ORD002061,PROD0119,1,1739.29,7.4
OITEM004648,ORD000376,PROD0006,1,19739.07,10.8
OITEM004649,ORD000376,PROD0128,1,1035.1,2.2
OITEM004650,ORD000376,PROD0119,1,1815.34,7.3
OITEM004651,ORD000376,PROD0121,1,3186.49,10.3
OITEM004652,ORD001487,PROD0130,4,3647.54,2.2
OITEM004653,ORD001021,PROD0165,1,208.62,6.1
OITEM004654,ORD001021,PROD0128,2,1058.29,0.7
OITEM004655,ORD001021,PROD0172,1,990.85,15.2
OITEM004656,ORD001021,PROD0034,1,20881.97,10.6
OITEM004657,ORD002314,PROD0142,4,3109.4,10.4
OITEM004658,ORD002074,PROD0192,2,922.81,0.5
OITEM004659,ORD003078,PROD0066,1,765.76,18.6
OITEM004660,ORD003078,PROD0075,4,2272.86,4.9
OITEM004661,ORD000011,PROD0121,4,3359.68,19.2
OITEM004662,ORD001855,PROD0192,1,921.36,14.0
OITEM004663,ORD002741,PROD0092,2,5489.42,5.1
OITEM004664,ORD002741,PROD0193,3,5064.24,6.2
OITEM004665,ORD001978,PROD0180,2,573.57,5.5
OITEM004666,ORD002077,PROD0136,1,3124.25,16.6
OITEM004667,ORD000392,PROD0009,1,18904.14,2.0
OITEM004668,ORD001718,PROD0112,2,6383.11,7.7
OITEM004669,ORD001718,PROD0150,2,17348.85,5.0
OITEM004670,ORD000397,PROD0114,1,15205.86,2.7
OITEM004671,ORD000397,PROD0052,1,2871.51,1.0
OITEM004672,ORD000397,PROD0120,1,3017.06,14.2
OITEM004673,ORD000954,PROD0172,1,1051.16,2.1
OITEM004674,ORD000954,PROD0135,1,3080.82,19.4
OITEM004675,ORD002057,PROD0135,1,3075.63,6.0
OITEM004676,ORD002985,PROD0112,2,6073.46,9.2
OITEM004677,ORD000875,PROD0095,1,7024.77,17.7
OITEM004678,ORD003080,PROD0064,1,557.82,15.5
OITEM004679,ORD003080,PROD0047,1,2951.56,24.5
OITEM004680,ORD003080,PROD0135,4,2885.26,4.5
OITEM004681,ORD001270,PROD0112,1,6526.38,18.1
OITEM004682,ORD001270,PROD0024,2,21703.62,17.8
OITEM004683,ORD001270,PROD0133,1,3073.99,11.8
OITEM004684,ORD002913,PROD0066,2,800.99,22.6
OITEM004685,ORD002913,PROD0121,1,3131.52,24.9
OITEM004686,ORD002913,PROD0004,2,26994.2,18.1
OITEM004687,ORD002913,PROD0132,1,209.94,5.4
OITEM004688,ORD003161,PROD0047,1,3028.17,7.5
OITEM004689,ORD003161,PROD0125,1,2919.25,14.0
OITEM004690,ORD003020,PROD0121,3,3192.85,21.4
OITEM004691,ORD003020,PROD0183,1,946.18,18.2
OITEM004692,ORD003020,PROD0031,2,5131.54,2.8
OITEM004693,ORD003020,PROD0166,1,114.0,14.4
OITEM004694,ORD001029,PROD0063,1,2094.37,0.0
OITEM004695,ORD001654,PROD0004,1,28021.82,15.2
OITEM004696,ORD001654,PROD0136,1,3038.48,6.0
OITEM004697,ORD001654,PROD0101,1,15308.11,0.3
OITEM004698,ORD002019,PROD0128,1,1058.87,3.3
OITEM004699,ORD002310,PROD0066,2,811.96,6.9
OITEM004700,ORD002310,PROD0128,1,1079.62,22.6
OITEM004701,ORD000290,PROD0112,1,6309.51,2.4
OITEM004702,ORD000290,PROD0183,3,972.55,21.7
OITEM004703,ORD000002,PROD0076,1,590.45,11.9
OITEM004704,ORD000002,PROD0121,3,3304.91,19.8
OITEM004705,ORD001917,PROD0031,3,5534.47,9.7
OITEM004706,ORD002909,PROD0171,1,39.33,18.3
OITEM004707,ORD002909,PROD0172,3,962.65,3.7
OITEM004708,ORD001204,PROD0119,1,1811.49,17.6
OITEM004709,ORD001204,PROD0139,1,1546.87,24.8
OITEM004710,ORD002726,PROD0132,2,211.74,16.4
OITEM004711,ORD002726,PROD0114,1,15282.59,17.7
OITEM004712,ORD000220,PROD0068,1,3370.08,12.2
OITEM004713,ORD000220,PROD0095,3,6646.26,7.2
OITEM004714,ORD000220,PROD0190,3,4936.01,6.9
OITEM004715,ORD000033,PROD0161,1,16190.97,2.0
OITEM004716,ORD000033,PROD0145,1,10087.62,12.5
OITEM004717,ORD000826,PROD0118,1,554.94,8.4
OITEM004718,ORD001386,PROD0121,3,3302.58,21.9
OITEM004719,ORD000263,PROD0128,3,1036.6,5.8
OITEM004720,ORD000263,PROD0024,1,21508.32,4.9
OITEM004721,ORD002549,PROD0063,2,2152.31,9.0
OITEM004722,ORD002549,PROD0095,1,7194.16,17.3
OITEM004723,ORD002549,PROD0037,5,21411.97,5.8
OITEM004724,ORD000757,PROD0063,1,2034.93,8.4
OITEM004725,ORD002689,PROD0171,5,37.09,20.3
OITEM004726,ORD002637,PROD0173,1,166.56,23.3
OITEM004727,ORD002637,PROD0135,1,2910.72,19.1
OITEM004728,ORD002637,PROD0144,3,1129.53,1.9
OITEM004729,ORD002008,PROD0061,3,1240.96,2.2
OITEM004730,ORD002008,PROD0171,1,36.43,8.3
OITEM004731,ORD000714,PROD0031,3,5187.78,1.1
OITEM004732,ORD000714,PROD0087,2,12763.49,22.8
OITEM004733,ORD000886,PROD0168,4,700.87,7.8
OITEM004734,ORD000886,PROD0024,1,22722.15,15.9
OITEM004735,ORD000886,PROD0166,1,108.63,13.7
OITEM004736,ORD002468,PROD0145,2,10423.85,5.8
OITEM004737,ORD002729,PROD0125,2,2801.89,4.7
OITEM004738,ORD002729,PROD0047,4,2984.48,7.1
OITEM004739,ORD002729,PROD0135,5,2845.1,7.6
OITEM004740,ORD002729,PROD0024,1,22216.91,13.8
OITEM004741,ORD003127,PROD0183,2,961.8,23.6
OITEM004742,ORD000137,PROD0030,1,4689.17,4.0
OITEM004743,ORD000137,PROD0165,1,217.17,4.7
OITEM004744,ORD000137,PROD0073,5,5420.87,17.9
OITEM004745,ORD000137,PROD0119,4,1798.76,14.4
OITEM004746,ORD001792,PROD0118,2,548.27,24.2
OITEM004747,ORD001841,PROD0087,1,12848.39,19.9
OITEM004748,ORD002137,PROD0024,5,21140.65,9.4
OITEM004749,ORD002137,PROD0166,1,110.73,8.6
OITEM004750,ORD001493,PROD0104,5,12198.44,11.3
OITEM004751,ORD001493,PROD0171,3,38.5,5.5
OITEM004752,ORD001493,PROD0119,2,1867.36,18.1
OITEM004753,ORD002843,PROD0135,3,2890.84,12.7
OITEM004754,ORD003056,PROD0181,5,946.69,9.1
OITEM004755,ORD003004,PROD0119,1,1718.99,22.7
OITEM004756,ORD003004,PROD0128,5,1070.47,5.3
OITEM004757,ORD000604,PROD0130,2,3807.3,2.4
OITEM004758,ORD000604,PROD0138,3,1762.49,4.5
OITEM004759,ORD000604,PROD0078,1,4939.51,23.2
OITEM004760,ORD000604,PROD0172,1,1051.07,2.7
OITEM004761,ORD001760,PROD0011,1,15464.61,0.5
OITEM004762,ORD001760,PROD0108,1,14586.96,15.5
OITEM004763,ORD002000,PROD0053,1,1885.34,20.8
OITEM004764,ORD002000,PROD0121,1,3299.04,9.4
OITEM004765,ORD002469,PROD0133,2,3382.5,9.3
OITEM004766,ORD002469,PROD0064,1,552.84,12.2
OITEM004767,ORD000191,PROD0135,2,2858.57,0.5
OITEM004768,ORD000191,PROD0133,2,3194.0,10.0
OITEM004769,ORD001205,PROD0192,1,873.63,15.1
OITEM004770,ORD001205,PROD0119,2,1860.14,19.7
OITEM004771,ORD001205,PROD0035,3,24534.76,6.7
OITEM004772,ORD002490,PROD0121,2,3392.42,21.1
OITEM004773,ORD002490,PROD0065,1,3591.95,4.6
OITEM004774,ORD002490,PROD0195,1,7443.7,5.3
OITEM004775,ORD001540,PROD0031,1,5284.35,8.0
OITEM004776,ORD001540,PROD0024,1,21295.28,4.1
OITEM004777,ORD001900,PROD0171,2,37.2,3.5
OITEM004778,ORD002429,PROD0066,1,827.47,17.3
OITEM004779,ORD000783,PROD0034,1,19608.76,7.5
OITEM004780,ORD000783,PROD0176,1,1195.28,15.5
OITEM004781,ORD002584,PROD0121,5,3086.15,4.3
OITEM004782,ORD001426,PROD0132,1,198.16,6.2
OITEM004783,ORD001426,PROD0047,2,2929.89,10.5
OITEM004784,ORD000753,PROD0020,1,18910.53,1.8
OITEM004785,ORD000753,PROD0166,2,105.48,17.3
OITEM004786,ORD001385,PROD0118,1,566.75,6.2
OITEM004787,ORD001385,PROD0181,1,885.24,7.9
OITEM004788,ORD001143,PROD0048,1,645.29,21.1
OITEM004789,ORD001143,PROD0166,5,113.54,8.6
OITEM004790,ORD001627,PROD0052,2,2832.93,5.2
OITEM004791,ORD001627,PROD0120,1,3170.49,5.4
OITEM004792,ORD002779,PROD0166,1,112.18,3.4
OITEM004793,ORD002779,PROD0185,1,7395.12,9.6
OITEM004794,ORD001896,PROD0031,2,5550.22,19.9
OITEM004795,ORD000712,PROD0081,1,5098.05,15.3
OITEM004796,ORD000060,PROD0166,1,109.13,23.6
OITEM004797,ORD000060,PROD0169,2,421.0,18.6
OITEM004798,ORD001453,PROD0024,1,21066.52,10.5
OITEM004799,ORD002500,PROD0166,1,110.31,1.7
OITEM004800,ORD002422,PROD0031,1,5507.73,3.7
OITEM004801,ORD002422,PROD0134,1,700.79,5.6
OITEM004802,ORD000390,PROD0173,1,174.4,2.1
OITEM004803,ORD000390,PROD0066,1,808.56,7.9
OITEM004804,ORD000441,PROD0066,2,775.41,17.6
OITEM004805,ORD001575,PROD0133,1,3160.99,18.5
OITEM004806,ORD001575,PROD0129,4,3154.48,13.4
OITEM004807,ORD001575,PROD0128,3,1057.13,7.8
OITEM004808,ORD001575,PROD0166,5,114.53,16.7
OITEM004809,ORD001123,PROD0063,3,2117.94,4.6
OITEM004810,ORD002366,PROD0024,3,21838.74,1.1
OITEM004811,ORD002427,PROD0128,3,1113.84,19.6
OITEM004812,ORD001597,PROD0078,5,5058.69,15.1
OITEM004813,ORD001611,PROD0180,2,538.65,24.0
OITEM004814,ORD001611,PROD0095,3,7132.93,10.6
OITEM004815,ORD002735,PROD0046,1,2680.73,0.3
OITEM004816,ORD000292,PROD0112,5,6352.73,0.9
OITEM004817,ORD000292,PROD0166,1,113.2,9.8
OITEM004818,ORD000292,PROD0118,3,559.13,12.6
OITEM004819,ORD000292,PROD0030,3,4723.42,1.2
OITEM004820,ORD001568,PROD0006,1,20693.09,21.9
OITEM004821,ORD001494,PROD0051,4,4947.07,6.3
OITEM004822,ORD001494,PROD0151,1,16562.71,1.3
OITEM004823,ORD001887,PROD0112,1,6101.23,7.4
OITEM004824,ORD001050,PROD0076,2,579.95,16.9
OITEM004825,ORD001050,PROD0031,1,5289.09,12.5
OITEM004826,ORD000764,PROD0099,2,1030.25,7.8
OITEM004827,ORD000764,PROD0047,3,2968.41,4.4
OITEM004828,ORD000764,PROD0028,2,51799.26,9.9
OITEM004829,ORD003108,PROD0052,1,2887.6,20.4
OITEM004830,ORD000278,PROD0176,1,1213.17,15.0
OITEM004831,ORD000278,PROD0172,1,1020.19,20.6
OITEM004832,ORD002733,PROD0066,1,807.6,11.0
OITEM004833,ORD000217,PROD0120,1,3091.79,13.0
OITEM004834,ORD000217,PROD0180,5,545.13,6.7
OITEM004835,ORD000217,PROD0132,2,200.62,12.8
OITEM004836,ORD000217,PROD0133,1,3072.29,20.3
OITEM004837,ORD002488,PROD0035,1,23232.37,23.9
OITEM004838,ORD002488,PROD0098,1,3349.41,24.3
OITEM004839,ORD001938,PROD0063,2,2084.53,13.4
OITEM004840,ORD001938,PROD0081,2,5141.49,11.8
OITEM004841,ORD001938,PROD0166,3,104.22,2.8
OITEM004842,ORD000028,PROD0119,2,1786.11,3.3
OITEM004843,ORD000028,PROD0131,3,3018.68,22.2
OITEM004844,ORD000044,PROD0066,1,780.58,4.9
OITEM004845,ORD000044,PROD0042,3,5468.63,0.8
OITEM004846,ORD003133,PROD0144,1,1124.01,4.9
OITEM004847,ORD003133,PROD0060,5,4013.36,9.1
OITEM004848,ORD000259,PROD0066,1,821.73,22.5
OITEM004849,ORD000259,PROD0166,1,105.65,16.3
OITEM004850,ORD001994,PROD0116,1,12339.87,7.3
OITEM004851,ORD002116,PROD0063,3,2027.28,22.8
OITEM004852,ORD002116,PROD0021,1,44299.47,16.3
OITEM004853,ORD001845,PROD0066,5,763.98,24.8
OITEM004854,ORD001845,PROD0166,1,114.42,28.9
OITEM004855,ORD001845,PROD0112,2,6471.55,32.9
OITEM004856,ORD001845,PROD0183,3,960.27,47.7
OITEM004857,ORD001657,PROD0119,2,1868.15,41.0
OITEM004858,ORD000464,PROD0135,3,3053.75,8.9
OITEM004859,ORD000464,PROD0132,2,200.79,36.9
OITEM004860,ORD000464,PROD0183,1,949.26,19.0
OITEM004861,ORD002224,PROD0166,1,108.06,21.9
OITEM004862,ORD002224,PROD0172,1,1019.31,5.9
OITEM004863,ORD002224,PROD0070,1,2896.65,6.3
OITEM004864,ORD002801,PROD0048,2,600.92,49.6
OITEM004865,ORD002801,PROD0095,2,7028.02,46.4
OITEM004866,ORD001810,PROD0046,1,2501.75,34.0
OITEM004867,ORD001752,PROD0166,4,104.82,47.7
OITEM004868,ORD003114,PROD0155,1,12481.59,19.7
OITEM004869,ORD003114,PROD0034,1,20747.51,13.7
OITEM004870,ORD003114,PROD0131,2,2949.85,34.1
OITEM004871,ORD003114,PROD0048,3,624.99,10.4
OITEM004872,ORD000702,PROD0133,1,3210.06,7.7
OITEM004873,ORD000702,PROD0121,1,3122.58,10.3
OITEM004874,ORD000652,PROD0047,3,3115.03,22.5
OITEM004875,ORD003083,PROD0182,1,275.65,43.8
OITEM004876,ORD003083,PROD0116,1,12151.03,48.8
OITEM004877,ORD002708,PROD0074,1,563.12,40.1
OITEM004878,ORD002708,PROD0183,1,956.43,23.6
OITEM004879,ORD002708,PROD0034,2,19374.15,13.8
OITEM004880,ORD002708,PROD0128,1,1115.61,22.7
OITEM004881,ORD000009,PROD0121,1,3116.81,20.1
OITEM004882,ORD002900,PROD0024,1,20925.66,9.6
OITEM004883,ORD002900,PROD0165,5,216.05,6.5
OITEM004884,ORD002900,PROD0046,1,2547.36,20.3
OITEM004885,ORD000996,PROD0168,3,648.99,16.4
OITEM004886,ORD002259,PROD0084,1,2194.62,10.1
OITEM004887,ORD002176,PROD0161,2,15171.63,18.0
OITEM004888,ORD002795,PROD0086,2,8686.74,30.6
OITEM004889,ORD002795,PROD0047,4,2991.89,43.0
OITEM004890,ORD002795,PROD0194,5,9474.74,25.6
OITEM004891,ORD001341,PROD0135,1,2911.47,26.7
OITEM004892,ORD002647,PROD0047,3,2920.37,48.6
OITEM004893,ORD002647,PROD0166,1,107.18,22.6
OITEM004894,ORD002647,PROD0084,1,2308.64,15.1
OITEM004895,ORD002963,PROD0079,4,5486.04,47.7
OITEM004896,ORD002963,PROD0066,4,774.79,38.2
OITEM004897,ORD000630,PROD0119,2,1716.83,38.0
OITEM004898,ORD000674,PROD0047,1,3083.47,13.4
OITEM004899,ORD000674,PROD0121,1,3299.34,38.1
OITEM004900,ORD000674,PROD0180,2,546.7,13.0
OITEM004901,ORD000854,PROD0183,5,924.74,12.1
OITEM004902,ORD000854,PROD0121,1,3317.07,18.2
OITEM004903,ORD001443,PROD0047,3,3139.04,25.9
OITEM004904,ORD002082,PROD0166,1,109.32,23.3
OITEM004905,ORD002109,PROD0114,1,14710.17,45.3
OITEM004906,ORD001025,PROD0119,2,1766.14,9.6
OITEM004907,ORD002554,PROD0150,2,17206.56,48.7
OITEM004908,ORD000244,PROD0047,1,3128.45,37.6
OITEM004909,ORD000244,PROD0066,1,814.81,40.2
OITEM004910,ORD000151,PROD0113,1,8120.66,17.3
OITEM004911,ORD001425,PROD0121,1,3342.24,44.7
OITEM004912,ORD001425,PROD0112,1,6428.3,22.8
OITEM004913,ORD000026,PROD0168,1,682.79,17.6
OITEM004914,ORD000026,PROD0047,1,3086.79,34.8
OITEM004915,ORD001513,PROD0190,1,5274.26,23.6
OITEM004916,ORD001513,PROD0050,1,4570.16,47.0
OITEM004917,ORD001513,PROD0135,1,2954.6,25.2
OITEM004918,ORD000056,PROD0064,1,578.44,26.7
OITEM004919,ORD001809,PROD0150,3,17736.52,42.1
OITEM004920,ORD000536,PROD0002,2,37977.43,9.8
OITEM004921,ORD001848,PROD0005,1,5724.0,48.4
OITEM004922,ORD001848,PROD0011,2,16449.06,7.9
OITEM004923,ORD001999,PROD0068,1,3528.68,31.0
OITEM004924,ORD002600,PROD0178,2,1318.1,34.0
OITEM004925,ORD000450,PROD0051,2,5253.36,13.5
OITEM004926,ORD003035,PROD0173,4,162.33,25.8
OITEM004927,ORD003035,PROD0066,1,786.26,45.1
OITEM004928,ORD000938,PROD0079,1,5120.33,22.7
OITEM004929,ORD000938,PROD0011,4,15191.3,7.1
OITEM004930,ORD000938,PROD0095,1,6925.99,36.0
OITEM004931,ORD002237,PROD0118,4,581.81,36.4
OITEM004932,ORD000710,PROD0028,1,52813.87,25.1
OITEM004933,ORD003094,PROD0161,5,15524.89,17.6
OITEM004934,ORD003094,PROD0166,1,110.45,10.0
OITEM004935,ORD003094,PROD0119,1,1814.37,31.2
OITEM004936,ORD003094,PROD0132,1,207.38,10.5
OITEM004937,ORD002979,PROD0155,1,11782.92,27.2
OITEM004938,ORD000648,PROD0122,2,2062.66,26.0
OITEM004939,ORD000648,PROD0030,1,4870.8,38.1
OITEM004940,ORD000648,PROD0166,3,113.62,25.5
OITEM004941,ORD000887,PROD0030,1,4583.72,9.2
OITEM004942,ORD000887,PROD0118,3,572.12,38.2
OITEM004943,ORD000887,PROD0123,5,3109.28,34.8
OITEM004944,ORD000334,PROD0128,1,1080.79,35.7
OITEM004945,ORD000334,PROD0196,2,9575.26,20.4
OITEM004946,ORD000334,PROD0161,2,15634.75,42.8
OITEM004947,ORD001398,PROD0031,1,5092.84,15.1
OITEM004948,ORD001398,PROD0060,4,4086.6,22.6
OITEM004949,ORD001415,PROD0131,1,3095.83,16.2
OITEM004950,ORD001415,PROD0181,2,880.66,37.0
OITEM004951,ORD000437,PROD0166,5,108.94,5.0
OITEM004952,ORD001502,PROD0066,3,755.2,7.4
OITEM004953,ORD000129,PROD0023,4,8967.72,23.7
OITEM004954,ORD000129,PROD0063,2,2214.06,23.7
OITEM004955,ORD002440,PROD0066,1,784.14,8.0
OITEM004956,ORD002440,PROD0063,2,2175.55,23.5
OITEM004957,ORD002440,PROD0122,1,2075.47,37.0
OITEM004958,ORD001483,PROD0166,2,108.51,16.6
OITEM004959,ORD001483,PROD0112,1,6239.17,6.7
OITEM004960,ORD001483,PROD0128,3,1088.24,6.2
OITEM004961,ORD002630,PROD0095,1,7111.02,7.6
OITEM004962,ORD000494,PROD0160,2,14333.2,10.9
OITEM004963,ORD000494,PROD0012,1,25946.18,47.9
OITEM004964,ORD001736,PROD0111,3,3584.99,8.2
OITEM004965,ORD002545,PROD0166,1,111.64,23.5
OITEM004966,ORD002545,PROD0195,2,7318.59,38.3
OITEM004967,ORD000457,PROD0084,2,2332.52,33.7
OITEM004968,ORD000457,PROD0132,1,206.82,10.6
OITEM004969,ORD000457,PROD0172,1,1001.22,31.0
OITEM004970,ORD001674,PROD0114,1,13914.12,11.9
OITEM004971,ORD001674,PROD0013,1,2752.27,18.1
OITEM004972,ORD000967,PROD0121,1,3295.69,46.4
OITEM004973,ORD002932,PROD0052,3,2734.01,9.9
OITEM004974,ORD002932,PROD0111,1,3590.56,26.1
OITEM004975,ORD002932,PROD0095,1,7247.74,9.6
OITEM004976,ORD002781,PROD0047,1,3008.2,21.3
OITEM004977,ORD002781,PROD0024,1,21299.13,30.2
OITEM004978,ORD000377,PROD0185,2,7599.81,41.5
OITEM004979,ORD001856,PROD0135,1,3044.54,49.7
OITEM004980,ORD000484,PROD0050,1,4509.02,36.4
OITEM004981,ORD001690,PROD0183,1,959.75,28.1
OITEM004982,ORD001690,PROD0102,1,11603.5,30.5
OITEM004983,ORD001690,PROD0190,1,5016.29,47.9
OITEM004984,ORD001643,PROD0063,3,2080.33,7.6
OITEM004985,ORD001643,PROD0135,1,2897.14,8.8
OITEM004986,ORD000040,PROD0074,1,581.97,37.4
OITEM004987,ORD000040,PROD0166,3,110.82,34.0
OITEM004988,ORD002919,PROD0128,1,1066.99,46.5
OITEM004989,ORD000396,PROD0119,1,1777.59,25.4
OITEM004990,ORD000713,PROD0081,1,5359.11,18.3
OITEM004991,ORD000713,PROD0075,4,2398.15,23.6
OITEM004992,ORD002916,PROD0047,1,3152.63,7.7
OITEM004993,ORD002916,PROD0051,1,4844.03,39.3
OITEM004994,ORD002916,PROD0166,1,109.57,31.3
OITEM004995,ORD001283,PROD0028,3,50138.76,36.4
OITEM004996,ORD001283,PROD0129,1,3085.02,32.3
OITEM004997,ORD001283,PROD0173,1,167.64,15.4
OITEM004998,ORD002617,PROD0063,2,2086.96,9.1
OITEM004999,ORD002617,PROD0075,1,2257.17,9.9
OITEM005000,ORD000692,PROD0119,2,1844.03,26.4
OITEM005001,ORD003130,PROD0183,2,936.17,46.1
OITEM005002,ORD001686,PROD0050,2,4180.14,32.6
OITEM005003,ORD001686,PROD0066,1,810.7,41.8
OITEM005004,ORD000156,PROD0034,1,20191.6,10.2
OITEM005005,ORD000156,PROD0066,3,760.1,12.0
OITEM005006,ORD000694,PROD0165,2,218.02,26.6
OITEM005007,ORD002811,PROD0119,1,1752.26,7.6
OITEM005008,ORD002811,PROD0188,1,4557.57,10.0
OITEM005009,ORD000866,PROD0047,4,2979.36,35.7
OITEM005010,ORD003163,PROD0063,2,2011.14,26.1
OITEM005011,ORD000429,PROD0133,1,3144.06,30.0
OITEM005012,ORD000429,PROD0113,1,7933.06,15.1
OITEM005013,ORD000429,PROD0150,1,17380.43,46.3
OITEM005014,ORD000429,PROD0131,2,3028.39,30.8
OITEM005015,ORD001537,PROD0192,1,903.06,43.4
OITEM005016,ORD001537,PROD0074,4,601.82,5.2
OITEM005017,ORD000759,PROD0031,1,5321.28,16.5
OITEM005018,ORD002971,PROD0063,1,2046.52,33.0
OITEM005019,ORD002971,PROD0166,1,110.61,43.1
OITEM005020,ORD002509,PROD0166,3,113.96,48.1
OITEM005021,ORD002509,PROD0112,3,6500.27,26.1
OITEM005022,ORD002136,PROD0172,1,1024.96,20.3
OITEM005023,ORD002230,PROD0104,2,11277.73,19.8
OITEM005024,ORD002230,PROD0025,2,23802.24,38.8
OITEM005025,ORD000477,PROD0029,2,2454.08,11.7
OITEM005026,ORD000495,PROD0166,1,114.32,8.6
OITEM005027,ORD000862,PROD0053,1,1768.19,31.2
OITEM005028,ORD001585,PROD0166,2,110.77,49.4
OITEM005029,ORD000196,PROD0173,1,163.24,27.9
OITEM005030,ORD000196,PROD0064,2,560.29,6.3
OITEM005031,ORD002035,PROD0095,5,6978.95,20.1
OITEM005032,ORD002035,PROD0128,1,1130.74,35.8
OITEM005033,ORD001632,PROD0162,1,10032.58,42.0
OITEM005034,ORD001632,PROD0144,1,1089.26,14.8
OITEM005035,ORD002411,PROD0133,2,3101.87,49.3
OITEM005036,ORD002411,PROD0050,2,4430.44,30.3
OITEM005037,ORD000384,PROD0192,5,916.13,10.8
OITEM005038,ORD000384,PROD0116,3,12249.44,29.0
OITEM005039,ORD000384,PROD0084,2,2218.01,17.2
OITEM005040,ORD003049,PROD0197,3,7906.4,41.3
OITEM005041,ORD000867,PROD0166,2,110.96,33.0
OITEM005042,ORD000867,PROD0064,1,556.96,17.9
OITEM005043,ORD000268,PROD0190,1,4920.58,6.6
OITEM005044,ORD000268,PROD0183,3,958.51,46.2
OITEM005045,ORD002479,PROD0063,1,2055.65,41.2
OITEM005046,ORD000128,PROD0142,1,3169.74,5.4
OITEM005047,ORD000128,PROD0119,3,1852.83,39.6
OITEM005048,ORD001064,PROD0135,1,2812.75,24.8
OITEM005049,ORD001018,PROD0156,1,16648.17,17.9
OITEM005050,ORD001018,PROD0128,1,1038.1,37.8
OITEM005051,ORD000344,PROD0165,1,214.94,23.6
OITEM005052,ORD001318,PROD0113,1,8308.61,47.2
OITEM005053,ORD001318,PROD0003,3,31532.4,29.1
OITEM005054,ORD002484,PROD0024,3,22429.24,28.8
OITEM005055,ORD002484,PROD0058,1,3367.98,35.7
OITEM005056,ORD002862,PROD0024,1,22185.48,5.5
OITEM005057,ORD002615,PROD0130,3,3624.7,19.0
OITEM005058,ORD001235,PROD0135,1,2953.79,23.3
OITEM005059,ORD002333,PROD0126,2,594.12,33.3
OITEM005060,ORD001642,PROD0145,1,10202.78,10.4
OITEM005061,ORD001642,PROD0121,2,3337.0,16.1
OITEM005062,ORD001981,PROD0119,2,1781.06,9.0
OITEM005063,ORD001981,PROD0104,5,11649.84,37.2
OITEM005064,ORD001981,PROD0004,1,28086.09,7.0
OITEM005065,ORD001236,PROD0173,1,162.3,14.4
OITEM005066,ORD001236,PROD0128,1,1099.81,5.8
OITEM005067,ORD001236,PROD0029,1,2491.26,42.1
OITEM005068,ORD001236,PROD0048,1,605.67,5.5
OITEM005069,ORD001635,PROD0119,5,1763.03,47.8
OITEM005070,ORD001635,PROD0084,5,2291.0,9.8
OITEM005071,ORD001635,PROD0029,1,2378.39,8.2
OITEM005072,ORD001635,PROD0130,1,3969.05,43.6
OITEM005073,ORD001621,PROD0068,1,3360.82,27.2
OITEM005074,ORD001621,PROD0004,2,27837.4,39.7
OITEM005075,ORD001972,PROD0041,1,5506.77,17.9
OITEM005076,ORD002128,PROD0173,1,161.52,9.2
OITEM005077,ORD002128,PROD0172,1,1048.87,13.9
OITEM005078,ORD003162,PROD0188,3,4480.24,30.8
OITEM005079,ORD003162,PROD0130,1,3650.82,43.9
OITEM005080,ORD003162,PROD0031,2,5360.33,21.8
OITEM005081,ORD000197,PROD0192,1,899.73,10.5
OITEM005082,ORD000197,PROD0066,3,815.31,35.1
OITEM005083,ORD001323,PROD0059,1,3879.6,41.8
OITEM005084,ORD001419,PROD0176,1,1265.62,39.7
OITEM005085,ORD002722,PROD0050,2,4368.59,19.7
OITEM005086,ORD001755,PROD0047,1,3052.01,36.0
OITEM005087,ORD001755,PROD0007,3,4492.09,25.7
OITEM005088,ORD000361,PROD0121,1,3303.13,36.0
OITEM005089,ORD001001,PROD0035,1,24212.35,25.5
OITEM005090,ORD003061,PROD0104,5,11146.73,37.2
OITEM005091,ORD003061,PROD0119,1,1788.74,8.6
OITEM005092,ORD002973,PROD0066,2,783.3,35.2
OITEM005093,ORD002973,PROD0052,3,2816.36,14.8
OITEM005094,ORD000496,PROD0030,1,4788.37,22.6
OITEM005095,ORD000496,PROD0118,1,584.87,24.6
OITEM005096,ORD001757,PROD0112,2,6103.19,38.9
OITEM005097,ORD001757,PROD0133,1,3084.82,22.9
OITEM005098,ORD001757,PROD0165,1,222.69,46.7
OITEM005099,ORD001757,PROD0048,3,645.1,35.0
OITEM005100,ORD003101,PROD0024,1,21983.14,20.8
OITEM005101,ORD000255,PROD0096,1,13898.22,25.8
OITEM005102,ORD000255,PROD0135,3,3079.48,14.3
OITEM005103,ORD002773,PROD0173,1,161.29,16.8
OITEM005104,ORD002610,PROD0081,1,5259.83,32.3
OITEM005105,ORD002610,PROD0025,1,23800.72,8.0
OITEM005106,ORD000308,PROD0087,2,13074.96,5.7
OITEM005107,ORD000308,PROD0081,1,4998.14,35.5
OITEM005108,ORD000641,PROD0135,1,3050.66,20.5
OITEM005109,ORD000641,PROD0133,1,3333.55,25.8
OITEM005110,ORD002228,PROD0172,1,993.41,36.1
OITEM005111,ORD002163,PROD0176,2,1199.16,20.5
OITEM005112,ORD001435,PROD0168,4,654.65,33.1
OITEM005113,ORD001435,PROD0144,2,1162.73,14.1
OITEM005114,ORD001435,PROD0166,1,110.66,36.3
OITEM005115,ORD001086,PROD0037,4,21933.7,45.2
OITEM005116,ORD001555,PROD0128,3,1121.9,38.7
OITEM005117,ORD001555,PROD0121,2,3385.0,25.1
OITEM005118,ORD001555,PROD0031,1,5596.04,33.9
OITEM005119,ORD000311,PROD0121,2,3317.73,28.2
OITEM005120,ORD001944,PROD0121,1,3378.87,11.0
OITEM005121,ORD001518,PROD0173,4,170.33,31.2
OITEM005122,ORD000935,PROD0145,1,10164.32,18.4
OITEM005123,ORD000935,PROD0041,1,5277.53,13.9
OITEM005124,ORD000200,PROD0149,1,5768.57,7.9
OITEM005125,ORD001794,PROD0119,1,1859.7,11.2
OITEM005126,ORD001794,PROD0166,5,105.7,35.3
OITEM005127,ORD002880,PROD0034,1,19887.44,41.2
OITEM005128,ORD001027,PROD0119,2,1758.23,37.3
OITEM005129,ORD001027,PROD0096,1,13860.0,42.8
OITEM005130,ORD003038,PROD0118,2,557.76,5.8
OITEM005131,ORD001154,PROD0031,2,5465.96,45.3
OITEM005132,ORD001154,PROD0024,1,21866.42,36.8
OITEM005133,ORD000913,PROD0013,1,2552.91,20.1
OITEM005134,ORD001927,PROD0151,2,16664.39,44.7
OITEM005135,ORD001927,PROD0174,1,407.69,11.0
OITEM005136,ORD001927,PROD0200,1,3773.49,20.8
OITEM005137,ORD001927,PROD0087,1,13451.6,48.7
OITEM005138,ORD002389,PROD0178,2,1269.08,13.4
OITEM005139,ORD002850,PROD0166,1,105.38,12.3
OITEM005140,ORD002850,PROD0034,2,19140.29,14.6
OITEM005141,ORD001707,PROD0166,2,105.29,22.7
OITEM005142,ORD001707,PROD0121,1,3195.43,46.8
OITEM005143,ORD003124,PROD0031,5,5248.7,49.0
OITEM005144,ORD003124,PROD0103,1,12616.31,32.0
OITEM005145,ORD001852,PROD0050,2,4313.45,22.3
OITEM005146,ORD001852,PROD0125,2,2850.13,27.9
OITEM005147,ORD001248,PROD0095,1,6772.61,7.8
OITEM005148,ORD001248,PROD0031,1,5458.88,9.2
OITEM005149,ORD000345,PROD0128,1,1041.12,44.8
OITEM005150,ORD000345,PROD0095,2,6777.01,48.3
OITEM005151,ORD000345,PROD0061,1,1309.04,37.2
OITEM005152,ORD000934,PROD0119,4,1861.67,27.6
OITEM005153,ORD000934,PROD0166,2,110.61,40.2
OITEM005154,ORD000934,PROD0112,1,6482.98,38.0
OITEM005155,ORD000844,PROD0131,3,2955.83,47.0
OITEM005156,ORD000844,PROD0132,2,200.59,41.2
OITEM005157,ORD000844,PROD0018,2,21712.69,5.8
OITEM005158,ORD000820,PROD0136,1,3107.68,49.7
OITEM005159,ORD000820,PROD0132,2,211.75,47.0
OITEM005160,ORD002665,PROD0156,1,16950.65,28.1
OITEM005161,ORD002665,PROD0119,1,1816.21,46.5
OITEM005162,ORD002665,PROD0115,1,6961.02,24.6
OITEM005163,ORD002982,PROD0166,2,107.46,32.3
OITEM005164,ORD003175,PROD0114,1,14238.59,40.5
OITEM005165,ORD003175,PROD0047,1,3009.82,9.0
OITEM005166,ORD000165,PROD0084,1,2277.38,27.9
OITEM005167,ORD000165,PROD0031,4,5242.27,15.3
OITEM005168,ORD002775,PROD0183,2,950.76,19.3
OITEM005169,ORD000059,PROD0121,1,3381.34,33.2
OITEM005170,ORD000043,PROD0084,1,2184.46,24.9
OITEM005171,ORD000043,PROD0119,1,1867.79,33.6
OITEM005172,ORD002517,PROD0063,2,2146.07,25.8
OITEM005173,ORD001866,PROD0172,2,966.13,36.1
OITEM005174,ORD002108,PROD0174,1,400.97,22.6
OITEM005175,ORD002108,PROD0133,4,3075.34,8.3
OITEM005176,ORD000338,PROD0133,2,3243.96,18.6
OITEM005177,ORD000338,PROD0166,1,112.15,45.6
OITEM005178,ORD002890,PROD0066,3,792.72,38.7
OITEM005179,ORD002289,PROD0035,1,23353.43,29.3
OITEM005180,ORD000851,PROD0127,4,1479.69,16.7
OITEM005181,ORD000907,PROD0119,1,1786.27,12.8
OITEM005182,ORD000907,PROD0064,1,574.74,13.0
OITEM005183,ORD003123,PROD0084,1,2155.82,34.1
OITEM005184,ORD001212,PROD0176,1,1168.81,29.0
OITEM005185,ORD001212,PROD0027,1,18571.3,40.9
OITEM005186,ORD000302,PROD0194,1,8767.1,5.9
OITEM005187,ORD000302,PROD0034,1,20777.3,29.9
OITEM005188,ORD000270,PROD0060,1,3829.89,32.7
OITEM005189,ORD001147,PROD0118,4,540.56,29.2
OITEM005190,ORD001147,PROD0116,1,11751.47,49.8
OITEM005191,ORD001147,PROD0012,1,26130.43,10.3
OITEM005192,ORD001147,PROD0166,1,110.52,39.5
OITEM005193,ORD002439,PROD0173,2,160.85,41.7
OITEM005194,ORD002439,PROD0031,3,5366.08,41.1
OITEM005195,ORD002439,PROD0118,2,553.69,5.3
OITEM005196,ORD000326,PROD0057,1,2728.35,34.4
OITEM005197,ORD002929,PROD0136,2,2963.39,29.7
OITEM005198,ORD002929,PROD0133,1,3258.16,16.6
OITEM005199,ORD001837,PROD0065,2,3572.51,46.4
OITEM005200,ORD001837,PROD0088,1,4720.3,30.4
OITEM005201,ORD001837,PROD0047,4,2987.02,22.0
OITEM005202,ORD001837,PROD0034,1,19896.69,40.2
OITEM005203,ORD001527,PROD0058,3,3567.75,6.0
OITEM005204,ORD001527,PROD0031,2,5517.77,28.4
OITEM005205,ORD000575,PROD0140,2,360.19,5.7
OITEM005206,ORD000564,PROD0009,1,18168.26,17.8
OITEM005207,ORD000564,PROD0055,2,5140.93,30.5
OITEM005208,ORD000564,PROD0063,1,2055.65,10.6
OITEM005209,ORD000062,PROD0066,5,782.65,12.7
OITEM005210,ORD000062,PROD0135,2,2799.71,47.9
OITEM005211,ORD001217,PROD0026,1,39930.18,12.5
OITEM005212,ORD001217,PROD0116,3,12536.76,36.8
OITEM005213,ORD001996,PROD0028,4,53133.32,21.3
OITEM005214,ORD001996,PROD0118,1,540.46,35.2
OITEM005215,ORD001996,PROD0128,3,1047.78,14.9
OITEM005216,ORD001996,PROD0131,1,2827.4,37.7
OITEM005217,ORD001447,PROD0135,1,2928.44,9.1
OITEM005218,ORD001960,PROD0075,1,2335.01,20.7
OITEM005219,ORD001960,PROD0172,2,965.7,31.2
OITEM005220,ORD002822,PROD0048,1,602.0,48.4
OITEM005221,ORD002822,PROD0065,3,3736.03,19.6
OITEM005222,ORD002822,PROD0029,1,2345.46,16.5
OITEM005223,ORD002103,PROD0066,1,831.55,36.7
OITEM005224,ORD002103,PROD0166,1,111.18,46.3
OITEM005225,ORD002396,PROD0133,1,3177.57,25.5
OITEM005226,ORD001646,PROD0034,2,19030.64,39.2
OITEM005227,ORD001646,PROD0024,2,22597.64,46.2
OITEM005228,ORD001646,PROD0078,4,4944.61,13.7
OITEM005229,ORD002207,PROD0199,1,7937.58,44.2
OITEM005230,ORD002207,PROD0128,1,1100.02,6.2
OITEM005231,ORD001880,PROD0172,4,1019.51,25.1
OITEM005232,ORD000683,PROD0096,1,13807.92,5.4
OITEM005233,ORD000683,PROD0048,3,601.4,29.0
OITEM005234,ORD000683,PROD0037,4,21207.84,28.1
OITEM005235,ORD000683,PROD0199,1,7906.72,49.0
OITEM005236,ORD001124,PROD0133,1,3278.55,22.5
OITEM005237,ORD002965,PROD0029,5,2452.53,30.2
OITEM005238,ORD001802,PROD0017,5,17740.11,44.4
OITEM005239,ORD001802,PROD0034,1,19597.48,29.9
OITEM005240,ORD002578,PROD0128,4,1027.45,8.2
OITEM005241,ORD002578,PROD0144,4,1118.66,26.9
OITEM005242,ORD000064,PROD0052,1,2797.9,24.1
OITEM005243,ORD002497,PROD0156,2,16573.69,23.3
OITEM005244,ORD003176,PROD0048,1,625.27,42.1
OITEM005245,ORD003176,PROD0119,1,1867.29,32.1
OITEM005246,ORD001028,PROD0004,2,29265.94,47.0
OITEM005247,ORD001028,PROD0066,1,806.75,8.5
OITEM005248,ORD002313,PROD0118,3,572.8,38.9
OITEM005249,ORD002313,PROD0031,1,5210.18,48.6
OITEM005250,ORD001556,PROD0066,1,768.78,8.9
OITEM005251,ORD001556,PROD0165,2,223.25,16.7
OITEM005252,ORD001556,PROD0041,3,5532.75,9.5
OITEM005253,ORD001431,PROD0132,1,199.36,43.0
OITEM005254,ORD001431,PROD0133,1,3355.29,6.0
OITEM005255,ORD000858,PROD0068,2,3492.4,8.6
OITEM005256,ORD000858,PROD0066,4,830.2,47.0
OITEM005257,ORD000858,PROD0096,2,14573.75,14.9
OITEM005258,ORD002701,PROD0029,1,2389.11,49.7
OITEM005259,ORD003001,PROD0114,1,14842.09,47.0
OITEM005260,ORD001526,PROD0064,1,583.28,31.1
OITEM005261,ORD001526,PROD0173,1,171.76,43.9
OITEM005262,ORD002564,PROD0119,2,1891.01,24.1
OITEM005263,ORD002564,PROD0128,1,1097.82,10.0
OITEM005264,ORD002564,PROD0166,2,112.7,40.8
OITEM005265,ORD002564,PROD0068,1,3413.44,39.5
OITEM005266,ORD002121,PROD0166,3,105.19,9.9
OITEM005267,ORD002121,PROD0061,1,1244.6,30.8
OITEM005268,ORD002121,PROD0040,1,2974.05,29.6
OITEM005269,ORD002121,PROD0047,1,2929.36,11.0
OITEM005270,ORD003138,PROD0119,3,1763.27,49.2
OITEM005271,ORD002161,PROD0004,1,28765.13,20.9
OITEM005272,ORD001577,PROD0172,1,1018.58,5.7
OITEM005273,ORD000923,PROD0066,3,791.59,19.2
OITEM005274,ORD001391,PROD0066,4,753.89,11.3
OITEM005275,ORD001886,PROD0031,4,5340.82,9.5
OITEM005276,ORD000843,PROD0007,2,4545.67,36.5
OITEM005277,ORD003098,PROD0172,2,1004.06,28.4
OITEM005278,ORD003098,PROD0081,1,5031.43,9.2
OITEM005279,ORD002393,PROD0119,2,1733.44,45.2
OITEM005280,ORD002881,PROD0051,2,5249.47,9.7
OITEM005281,ORD002455,PROD0128,2,1086.71,30.5
OITEM005282,ORD001280,PROD0066,3,784.1,16.1
OITEM005283,ORD001280,PROD0131,4,2908.22,6.2
OITEM005284,ORD001280,PROD0197,1,7579.55,23.1
OITEM005285,ORD002766,PROD0047,1,2990.83,30.3
OITEM005286,ORD002766,PROD0024,1,22045.02,16.1
OITEM005287,ORD000731,PROD0028,1,52854.03,27.2
OITEM005288,ORD000731,PROD0047,1,2978.06,20.6
OITEM005289,ORD002048,PROD0068,1,3559.92,41.3
OITEM005290,ORD002048,PROD0121,3,3100.34,31.4
OITEM005291,ORD002048,PROD0166,1,113.28,44.1
OITEM005292,ORD002048,PROD0114,2,14004.98,23.7
OITEM005293,ORD002790,PROD0121,1,3251.02,30.2
OITEM005294,ORD002790,PROD0043,1,1165.3,28.2
OITEM005295,ORD000486,PROD0066,1,794.43,9.9
OITEM005296,ORD000486,PROD0181,1,926.08,13.7
OITEM005297,ORD000988,PROD0119,1,1819.96,32.1
OITEM005298,ORD000249,PROD0192,1,853.89,32.9
OITEM005299,ORD000249,PROD0166,1,113.3,26.6
OITEM005300,ORD000249,PROD0152,1,9195.09,25.4
OITEM005301,ORD000249,PROD0050,5,4265.63,26.4
OITEM005302,ORD001480,PROD0050,1,4278.89,17.4
OITEM005303,ORD001480,PROD0112,2,5967.88,22.4
OITEM005304,ORD001650,PROD0017,1,17055.23,13.1
OITEM005305,ORD001650,PROD0018,3,21864.05,20.3
OITEM005306,ORD001650,PROD0166,1,111.3,45.7
OITEM005307,ORD002356,PROD0155,1,11609.4,13.6
OITEM005308,ORD000301,PROD0128,2,1100.07,39.9
OITEM005309,ORD000301,PROD0118,1,551.58,11.8
OITEM005310,ORD001717,PROD0131,2,3029.96,18.9
OITEM005311,ORD002315,PROD0068,2,3480.06,38.8
OITEM005312,ORD002315,PROD0177,1,1281.82,21.2
OITEM005313,ORD001784,PROD0066,4,805.02,10.7
OITEM005314,ORD002819,PROD0168,3,681.37,45.5
OITEM005315,ORD002819,PROD0030,1,4755.32,9.8
OITEM005316,ORD001109,PROD0031,2,5491.35,42.9
OITEM005317,ORD001109,PROD0035,1,22881.23,42.5
OITEM005318,ORD000424,PROD0152,1,9391.72,19.0
OITEM005319,ORD000424,PROD0197,2,7854.31,20.1
OITEM005320,ORD000982,PROD0028,3,51607.9,8.9
OITEM005321,ORD000982,PROD0139,1,1567.94,45.3
OITEM005322,ORD000982,PROD0011,4,16351.75,44.4
OITEM005323,ORD000970,PROD0047,2,3029.48,40.2
OITEM005324,ORD000970,PROD0066,1,771.17,26.7
OITEM005325,ORD002071,PROD0128,2,1086.85,7.9
OITEM005326,ORD000552,PROD0001,1,20577.37,31.2
OITEM005327,ORD000552,PROD0066,2,824.21,32.2
OITEM005328,ORD000552,PROD0128,1,1062.08,6.0
OITEM005329,ORD000552,PROD0019,1,33010.97,50.0
OITEM005330,ORD000489,PROD0128,1,1127.12,38.0
OITEM005331,ORD002731,PROD0066,3,769.18,16.6
OITEM005332,ORD001427,PROD0200,1,3738.06,49.6
OITEM005333,ORD001691,PROD0068,1,3651.3,15.5
OITEM005334,ORD002817,PROD0131,1,2837.26,20.6
OITEM005335,ORD003013,PROD0121,2,3178.1,27.7
OITEM005336,ORD001767,PROD0063,1,2045.02,32.9
OITEM005337,ORD000596,PROD0045,1,1127.98,27.1
OITEM005338,ORD000596,PROD0119,1,1844.19,40.0
OITEM005339,ORD002292,PROD0028,1,51583.26,28.5
OITEM005340,ORD002292,PROD0162,2,9272.02,27.0
OITEM005341,ORD002292,PROD0070,1,2902.45,21.3
OITEM005342,ORD002292,PROD0035,2,23062.58,14.0
OITEM005343,ORD000174,PROD0064,1,578.38,35.3
OITEM005344,ORD000174,PROD0122,3,1979.55,37.8
OITEM005345,ORD001314,PROD0166,1,109.81,30.5
OITEM005346,ORD001314,PROD0165,1,212.48,34.1
OITEM005347,ORD000001,PROD0128,2,1045.44,23.4
OITEM005348,ORD000001,PROD0031,1,5486.4,13.6
OITEM005349,ORD001473,PROD0112,1,6222.59,6.7
OITEM005350,ORD001473,PROD0063,2,2029.02,43.9
OITEM005351,ORD001161,PROD0011,3,16155.96,11.2
OITEM005352,ORD001171,PROD0040,2,2752.34,48.5
OITEM005353,ORD001623,PROD0193,1,5251.38,10.3
OITEM005354,ORD001623,PROD0087,1,13212.31,19.3
OITEM005355,ORD002452,PROD0066,3,776.92,19.1
OITEM005356,ORD002452,PROD0119,1,1808.5,40.6
OITEM005357,ORD002262,PROD0047,2,2958.46,29.7
OITEM005358,ORD002262,PROD0050,2,4287.01,45.0
OITEM005359,ORD002926,PROD0084,2,2259.26,5.9
OITEM005360,ORD002483,PROD0024,2,21974.04,12.2
OITEM005361,ORD000306,PROD0066,1,818.17,29.7
OITEM005362,ORD000818,PROD0165,2,222.56,36.7
OITEM005363,ORD000818,PROD0128,1,1032.02,36.3
OITEM005364,ORD000818,PROD0066,3,828.08,42.4
OITEM005365,ORD000795,PROD0066,2,809.63,47.6
OITEM005366,ORD000795,PROD0128,1,1064.36,45.9
OITEM005367,ORD000136,PROD0130,1,3931.52,42.4
OITEM005368,ORD001820,PROD0146,2,12373.49,35.5
OITEM005369,ORD000252,PROD0128,5,1103.92,25.2
OITEM005370,ORD000252,PROD0173,1,168.07,49.4
OITEM005371,ORD003189,PROD0068,1,3463.92,46.3
OITEM005372,ORD003064,PROD0172,3,994.96,28.5
OITEM005373,ORD001012,PROD0095,1,6942.08,18.0
OITEM005374,ORD000203,PROD0066,1,802.68,37.1
OITEM005375,ORD002293,PROD0068,1,3615.64,13.2
OITEM005376,ORD002293,PROD0096,3,13867.62,33.1
OITEM005377,ORD002293,PROD0043,4,1190.29,11.8
OITEM005378,ORD002293,PROD0076,1,549.05,28.5
OITEM005379,ORD002285,PROD0031,4,5533.45,10.2
OITEM005380,ORD002285,PROD0019,1,30865.43,44.5
OITEM005381,ORD002446,PROD0063,1,2153.26,47.8
OITEM005382,ORD002446,PROD0066,3,761.1,20.1
OITEM005383,ORD002446,PROD0068,2,3492.15,46.8
OITEM005384,ORD002446,PROD0112,3,6415.93,38.8
OITEM005385,ORD000532,PROD0135,1,3030.43,29.2
OITEM005386,ORD003047,PROD0158,3,11850.63,15.5
OITEM005387,ORD003047,PROD0066,1,810.02,9.2
OITEM005388,ORD002340,PROD0172,1,1035.39,43.7
OITEM005389,ORD002340,PROD0013,3,2713.86,39.6
OITEM005390,ORD002631,PROD0047,1,3103.9,13.2
OITEM005391,ORD002631,PROD0066,2,822.87,44.4
OITEM005392,ORD002631,PROD0060,1,3824.73,17.7
OITEM005393,ORD002111,PROD0064,1,569.11,30.5
OITEM005394,ORD000420,PROD0020,2,19953.59,42.6
OITEM005395,ORD001364,PROD0190,1,5084.56,5.1
OITEM005396,ORD001364,PROD0172,2,1023.81,47.2
OITEM005397,ORD001815,PROD0198,1,3473.47,11.7
OITEM005398,ORD001815,PROD0166,3,112.71,14.5
OITEM005399,ORD001877,PROD0119,4,1802.51,27.8
OITEM005400,ORD001877,PROD0031,1,5500.22,37.8
OITEM005401,ORD002519,PROD0112,1,6077.16,12.0
OITEM005402,ORD002519,PROD0066,1,792.55,47.5
OITEM005403,ORD002519,PROD0121,2,3217.88,44.8
OITEM005404,ORD002519,PROD0172,2,984.74,39.1
OITEM005405,ORD000772,PROD0043,1,1138.54,17.0
OITEM005406,ORD000067,PROD0112,3,6465.06,22.5
OITEM005407,ORD000067,PROD0166,2,109.3,40.5
OITEM005408,ORD000067,PROD0047,1,3136.21,45.7
OITEM005409,ORD000067,PROD0176,2,1268.42,13.4
OITEM005410,ORD002105,PROD0118,2,542.93,26.7
OITEM005411,ORD002105,PROD0158,1,12016.92,14.3
OITEM005412,ORD002105,PROD0156,1,17930.88,35.9
OITEM005413,ORD002386,PROD0119,1,1823.13,48.9
OITEM005414,ORD002758,PROD0075,2,2309.46,23.3
OITEM005415,ORD003181,PROD0178,1,1252.41,25.1
OITEM005416,ORD001921,PROD0030,1,4581.63,13.9
OITEM005417,ORD001491,PROD0120,1,3103.14,46.4
OITEM005418,ORD000836,PROD0183,3,936.16,12.3
OITEM005419,ORD000836,PROD0068,1,3473.92,31.8
OITEM005420,ORD000836,PROD0127,1,1499.38,24.0
OITEM005421,ORD002473,PROD0166,1,106.18,27.0
OITEM005422,ORD002473,PROD0119,1,1843.88,10.7
OITEM005423,ORD002473,PROD0029,1,2417.16,38.8
OITEM005424,ORD003057,PROD0108,1,15567.11,8.4
OITEM005425,ORD002044,PROD0024,1,22376.75,27.0
OITEM005426,ORD002044,PROD0119,1,1879.46,49.8
OITEM005427,ORD001097,PROD0131,3,3018.43,9.2
OITEM005428,ORD000425,PROD0031,1,5577.41,46.0
OITEM005429,ORD001913,PROD0031,2,5237.11,43.0
OITEM005430,ORD001188,PROD0172,2,977.01,38.1
OITEM005431,ORD002017,PROD0011,1,15612.52,45.5
OITEM005432,ORD002767,PROD0133,2,3245.83,40.1
OITEM005433,ORD002767,PROD0059,1,3692.63,40.8
OITEM005434,ORD002767,PROD0024,3,21722.63,24.7
OITEM005435,ORD002767,PROD0155,1,11665.12,38.5
OITEM005436,ORD001321,PROD0079,1,5315.38,22.0
OITEM005437,ORD001321,PROD0112,1,6149.78,27.5
OITEM005438,ORD001619,PROD0076,1,568.78,49.9
OITEM005439,ORD000657,PROD0121,3,3140.59,46.1
OITEM005440,ORD001987,PROD0164,1,9272.81,19.2
OITEM005441,ORD001353,PROD0078,1,4763.52,37.0
OITEM005442,ORD002592,PROD0004,1,27926.21,7.7
OITEM005443,ORD001688,PROD0112,3,6113.57,12.8
OITEM005444,ORD002094,PROD0095,2,7335.05,20.9
OITEM005445,ORD003142,PROD0111,2,3514.93,31.2
OITEM005446,ORD000894,PROD0024,2,22380.07,42.9
OITEM005447,ORD001457,PROD0121,1,3122.49,34.5
OITEM005448,ORD000115,PROD0066,3,780.82,27.9
OITEM005449,ORD000115,PROD0150,1,18032.93,25.4
OITEM005450,ORD000115,PROD0128,1,1116.23,6.6
OITEM005451,ORD001753,PROD0165,1,219.38,24.1
OITEM005452,ORD001753,PROD0068,2,3389.02,6.2
OITEM005453,ORD001753,PROD0047,2,3069.59,26.9
OITEM005454,ORD002346,PROD0030,1,4659.84,33.9
OITEM005455,ORD002110,PROD0132,1,210.56,20.5
OITEM005456,ORD001258,PROD0142,1,3380.6,23.5
OITEM005457,ORD001258,PROD0192,1,881.21,33.1
OITEM005458,ORD001258,PROD0068,3,3418.84,29.8
OITEM005459,ORD003074,PROD0002,2,36495.92,15.2
OITEM005460,ORD003074,PROD0121,2,3150.48,28.5
OITEM005461,ORD003074,PROD0082,1,2049.63,25.7
OITEM005462,ORD001911,PROD0002,2,36862.81,45.0
OITEM005463,ORD001911,PROD0119,1,1791.41,9.6
OITEM005464,ORD002737,PROD0024,3,22484.39,23.8
OITEM005465,ORD000957,PROD0031,3,5533.65,17.0
OITEM005466,ORD002894,PROD0063,2,2013.43,11.7
OITEM005467,ORD002894,PROD0051,1,4804.66,19.1
OITEM005468,ORD000600,PROD0048,1,601.58,14.8
OITEM005469,ORD000600,PROD0166,1,106.77,18.3
OITEM005470,ORD002042,PROD0128,1,1073.9,37.5
OITEM005471,ORD002042,PROD0166,3,114.61,6.6
OITEM005472,ORD002042,PROD0031,1,5247.87,6.8
OITEM005473,ORD000891,PROD0064,1,564.77,23.2
OITEM005474,ORD000991,PROD0034,1,20058.6,43.4
OITEM005475,ORD000991,PROD0040,1,2816.14,23.9
OITEM005476,ORD000991,PROD0120,2,3009.33,22.5
OITEM005477,ORD001605,PROD0171,2,37.52,20.6
OITEM005478,ORD000614,PROD0055,2,5022.88,6.0
OITEM005479,ORD001908,PROD0173,1,174.12,27.2
OITEM005480,ORD002745,PROD0034,1,20400.33,31.7
OITEM005481,ORD002745,PROD0121,3,3264.7,35.5
OITEM005482,ORD002745,PROD0103,3,13336.62,23.4
OITEM005483,ORD002884,PROD0121,1,3367.61,30.1
OITEM005484,ORD002593,PROD0011,2,16110.08,32.0
OITEM005485,ORD000296,PROD0025,1,23791.84,38.2
OITEM005486,ORD000296,PROD0031,2,5556.72,40.6
OITEM005487,ORD000296,PROD0166,1,107.08,43.9
OITEM005488,ORD002463,PROD0054,1,4628.77,34.5
OITEM005489,ORD002463,PROD0114,1,13891.44,35.3
OITEM005490,ORD002984,PROD0051,2,5242.44,27.5
OITEM005491,ORD002337,PROD0066,1,798.71,26.7
OITEM005492,ORD001055,PROD0103,1,12341.4,48.4
OITEM005493,ORD001679,PROD0084,1,2192.82,31.8
OITEM005494,ORD001679,PROD0144,4,1130.3,40.6
OITEM005495,ORD001679,PROD0122,3,2067.61,41.1
OITEM005496,ORD001679,PROD0031,1,5256.54,30.7
OITEM005497,ORD002078,PROD0075,2,2432.76,25.5
OITEM005498,ORD002078,PROD0166,1,113.21,10.8
OITEM005499,ORD000755,PROD0133,2,3178.81,33.5
OITEM005500,ORD000755,PROD0084,1,2167.67,46.2
OITEM005501,ORD000755,PROD0166,1,105.99,26.6
OITEM005502,ORD002721,PROD0168,2,654.53,20.3
OITEM005503,ORD001562,PROD0119,2,1724.02,49.5
OITEM005504,ORD001562,PROD0075,2,2370.06,6.4
OITEM005505,ORD001562,PROD0192,1,841.95,49.6
OITEM005506,ORD001738,PROD0066,3,812.5,38.6
OITEM005507,ORD001738,PROD0065,2,3733.61,38.2
OITEM005508,ORD001738,PROD0035,1,23762.61,17.7
OITEM005509,ORD001738,PROD0084,4,2278.48,31.1
OITEM005510,ORD002371,PROD0004,4,28321.25,31.5
OITEM005511,ORD002371,PROD0146,1,12594.21,30.0
OITEM005512,ORD002371,PROD0166,1,113.91,32.2
OITEM005513,ORD001374,PROD0031,1,5225.0,13.9
OITEM005514,ORD001374,PROD0075,2,2239.76,36.0
OITEM005515,ORD003159,PROD0116,4,12616.95,22.5
OITEM005516,ORD003159,PROD0181,2,957.08,20.3
OITEM005517,ORD000979,PROD0128,1,1039.47,27.5
OITEM005518,ORD000523,PROD0173,1,170.47,35.9
OITEM005519,ORD000523,PROD0119,3,1790.98,22.7
OITEM005520,ORD001175,PROD0087,1,13537.59,26.4
OITEM005521,ORD001175,PROD0155,3,12252.05,27.2
OITEM005522,ORD003198,PROD0068,1,3553.25,13.4
OITEM005523,ORD000274,PROD0128,4,1131.84,35.7
OITEM005524,ORD001268,PROD0063,5,2158.49,43.7
OITEM005525,ORD001268,PROD0119,3,1808.4,47.5
OITEM005526,ORD001268,PROD0024,3,21203.78,17.1
OITEM005527,ORD002928,PROD0029,1,2352.82,30.0
OITEM005528,ORD002928,PROD0047,1,3131.95,42.9
OITEM005529,ORD002928,PROD0132,2,212.52,34.1
OITEM005530,ORD000394,PROD0068,1,3451.79,22.5
OITEM005531,ORD001418,PROD0133,4,3258.39,11.5
OITEM005532,ORD000589,PROD0116,3,11547.96,27.8
OITEM005533,ORD001305,PROD0068,1,3364.34,27.7
OITEM005534,ORD001305,PROD0092,3,5541.39,17.4
OITEM005535,ORD002705,PROD0054,1,4479.37,11.4
OITEM005536,ORD002234,PROD0066,3,816.64,13.7
OITEM005537,ORD002955,PROD0121,5,3345.17,5.3
OITEM005538,ORD002449,PROD0133,1,3332.76,35.6
OITEM005539,ORD000815,PROD0024,1,21799.75,38.2
OITEM005540,ORD001936,PROD0166,1,104.13,26.1
OITEM005541,ORD001936,PROD0068,1,3604.03,29.1
OITEM005542,ORD001916,PROD0044,3,777.71,36.1
OITEM005543,ORD001916,PROD0120,1,2944.62,36.6
OITEM005544,ORD002930,PROD0145,1,10000.42,47.3
OITEM005545,ORD001091,PROD0084,2,2156.28,27.2
OITEM005546,ORD001091,PROD0003,4,32643.29,20.0
OITEM005547,ORD002342,PROD0119,1,1798.15,45.9
OITEM005548,ORD002342,PROD0115,1,6887.33,34.5
OITEM005549,ORD001501,PROD0141,2,569.38,39.7
OITEM005550,ORD003048,PROD0076,1,584.6,5.9
OITEM005551,ORD003048,PROD0155,1,11519.56,6.4
OITEM005552,ORD003048,PROD0063,1,2142.27,38.1
OITEM005553,ORD002058,PROD0050,1,4345.85,10.9
OITEM005554,ORD003054,PROD0064,4,569.58,20.4
OITEM005555,ORD003054,PROD0132,1,196.04,28.6
OITEM005556,ORD003054,PROD0051,1,4858.94,40.3
OITEM005557,ORD003054,PROD0166,1,104.39,28.9
OITEM005558,ORD001660,PROD0014,1,3785.39,27.5
OITEM005559,ORD001660,PROD0119,1,1876.31,12.6
OITEM005560,ORD000811,PROD0068,5,3711.31,20.9
OITEM005561,ORD000811,PROD0120,4,3064.85,9.1
OITEM005562,ORD002087,PROD0068,2,3710.16,22.5
OITEM005563,ORD002087,PROD0066,1,818.91,44.3
OITEM005564,ORD001574,PROD0051,1,4923.32,18.1
OITEM005565,ORD002084,PROD0200,2,3956.06,45.1
OITEM005566,ORD002534,PROD0128,1,1038.43,25.1
OITEM005567,ORD002534,PROD0113,2,8319.01,44.4
OITEM005568,ORD002534,PROD0166,1,112.28,37.3
OITEM005569,ORD002534,PROD0119,1,1747.28,41.3
OITEM005570,ORD000400,PROD0165,1,220.98,29.5
OITEM005571,ORD000400,PROD0063,2,2100.62,11.1
OITEM005572,ORD001861,PROD0128,1,1085.0,28.0
OITEM005573,ORD001902,PROD0173,1,160.82,15.4
OITEM005574,ORD001902,PROD0068,2,3437.65,22.3
OITEM005575,ORD001902,PROD0066,3,766.75,44.3
OITEM005576,ORD001902,PROD0118,1,586.87,7.6
OITEM005577,ORD001112,PROD0064,3,559.92,49.4
OITEM005578,ORD001980,PROD0133,2,3370.99,12.0
OITEM005579,ORD001980,PROD0119,2,1741.61,20.0
OITEM005580,ORD001980,PROD0136,2,3151.4,35.4
OITEM005581,ORD000937,PROD0112,2,6236.92,22.2
OITEM005582,ORD000412,PROD0128,3,1046.09,12.3
OITEM005583,ORD000412,PROD0124,1,1885.78,33.1
OITEM005584,ORD000412,PROD0173,2,167.07,35.5
OITEM005585,ORD000412,PROD0200,1,3849.18,42.7
OITEM005586,ORD001492,PROD0112,1,6144.19,35.7
OITEM005587,ORD001492,PROD0195,1,7150.36,41.1
OITEM005588,ORD001801,PROD0112,2,6362.19,37.8
OITEM005589,ORD001532,PROD0076,5,563.88,43.9
OITEM005590,ORD001532,PROD0131,2,2910.58,37.3
OITEM005591,ORD001532,PROD0133,3,3204.63,36.1
OITEM005592,ORD000663,PROD0051,2,5017.58,32.8
OITEM005593,ORD000663,PROD0081,1,4977.7,26.3
OITEM005594,ORD002326,PROD0134,1,655.15,16.5
OITEM005595,ORD002326,PROD0112,1,6456.64,25.9
OITEM005596,ORD000825,PROD0183,2,1012.17,38.6
OITEM005597,ORD000825,PROD0200,3,3902.35,47.8
OITEM005598,ORD001950,PROD0084,2,2229.48,39.9
OITEM005599,ORD002319,PROD0095,1,6807.44,37.2
OITEM005600,ORD002319,PROD0068,1,3422.18,18.2
OITEM005601,ORD002319,PROD0192,2,854.98,21.8
OITEM005602,ORD001864,PROD0047,1,2974.28,16.3
OITEM005603,ORD001864,PROD0135,1,2927.26,28.8
OITEM005604,ORD000474,PROD0171,1,39.05,42.7
OITEM005605,ORD000474,PROD0119,1,1881.94,25.7
OITEM005606,ORD000474,PROD0016,1,31172.72,46.7
OITEM005607,ORD000474,PROD0026,1,38102.4,39.3
OITEM005608,ORD003012,PROD0035,2,23970.14,30.6
OITEM005609,ORD002570,PROD0031,5,5269.44,7.2
OITEM005610,ORD002570,PROD0103,4,12589.02,49.3
OITEM005611,ORD000999,PROD0024,1,22492.32,13.9
OITEM005612,ORD000999,PROD0119,1,1800.24,36.2
OITEM005613,ORD000999,PROD0078,2,4979.57,24.8
OITEM005614,ORD000160,PROD0034,1,19042.09,22.9
OITEM005615,ORD000160,PROD0063,4,2208.55,26.0
OITEM005616,ORD000160,PROD0112,1,6055.42,22.0
OITEM005617,ORD000282,PROD0026,2,39026.01,18.1
OITEM005618,ORD002412,PROD0138,2,1812.38,16.1
OITEM005619,ORD002412,PROD0112,1,6349.52,33.6
OITEM005620,ORD002412,PROD0029,1,2425.56,38.1
OITEM005621,ORD001113,PROD0025,1,23320.28,17.4
OITEM005622,ORD001113,PROD0024,1,22154.07,36.7
OITEM005623,ORD001159,PROD0031,4,5181.67,32.3
OITEM005624,ORD001159,PROD0121,1,3275.8,38.7
OITEM005625,ORD001159,PROD0183,2,966.21,41.4
OITEM005626,ORD001390,PROD0063,3,2042.89,10.6
OITEM005627,ORD001390,PROD0034,1,19686.08,43.9
OITEM005628,ORD000791,PROD0200,1,3937.23,16.4
OITEM005629,ORD000791,PROD0133,1,3109.11,37.3
OITEM005630,ORD002949,PROD0031,1,5407.15,26.6
OITEM005631,ORD000874,PROD0128,2,1083.15,17.4
OITEM005632,ORD002148,PROD0150,2,18157.87,33.3
OITEM005633,ORD003008,PROD0166,2,112.41,46.3
OITEM005634,ORD003099,PROD0128,1,1128.63,5.7
OITEM005635,ORD001788,PROD0003,2,31625.56,22.0
OITEM005636,ORD001788,PROD0166,3,106.21,38.6
OITEM005637,ORD003091,PROD0064,3,589.65,37.2
OITEM005638,ORD002546,PROD0052,1,2845.37,28.0
OITEM005639,ORD002546,PROD0166,3,110.22,38.4
OITEM005640,ORD001932,PROD0112,1,6112.04,32.9
OITEM005641,ORD001932,PROD0120,1,3190.84,14.6
OITEM005642,ORD001932,PROD0166,1,106.55,17.7
OITEM005643,ORD002051,PROD0166,3,106.63,33.4
OITEM005644,ORD002051,PROD0121,1,3155.05,40.5
OITEM005645,ORD003052,PROD0119,1,1856.85,39.7
OITEM005646,ORD003052,PROD0035,1,24171.89,14.6
OITEM005647,ORD000077,PROD0060,2,3832.06,31.9
OITEM005648,ORD001681,PROD0121,1,3380.53,31.4
OITEM005649,ORD001681,PROD0156,1,16518.86,34.4
OITEM005650,ORD000736,PROD0135,3,2836.86,8.7
OITEM005651,ORD000736,PROD0084,1,2168.71,49.8
OITEM005652,ORD001366,PROD0112,2,6449.52,42.9
OITEM005653,ORD002160,PROD0190,1,5008.68,46.8
OITEM005654,ORD002160,PROD0150,2,18097.2,39.1
OITEM005655,ORD002152,PROD0040,1,2881.72,24.7
OITEM005656,ORD002152,PROD0066,1,813.1,7.9
OITEM005657,ORD001125,PROD0119,1,1830.69,21.9
OITEM005658,ORD001125,PROD0047,3,2926.15,27.9
OITEM005659,ORD001125,PROD0152,3,9113.16,5.7
OITEM005660,ORD000506,PROD0041,2,5095.09,33.5
OITEM005661,ORD000951,PROD0035,4,22976.39,36.2
OITEM005662,ORD000403,PROD0066,5,760.27,39.0
OITEM005663,ORD000403,PROD0087,2,13107.33,27.7
OITEM005664,ORD000102,PROD0052,1,2789.81,8.4
OITEM005665,ORD001984,PROD0173,1,159.4,31.2
OITEM005666,ORD001984,PROD0172,4,1037.59,43.7
OITEM005667,ORD001714,PROD0048,2,586.77,6.6
OITEM005668,ORD001714,PROD0024,2,22345.64,8.6
OITEM005669,ORD001580,PROD0114,1,14116.92,11.1
OITEM005670,ORD001580,PROD0171,1,39.3,46.8
OITEM005671,ORD001580,PROD0170,2,118.47,49.5
OITEM005672,ORD002232,PROD0024,1,21124.83,20.1
OITEM005673,ORD002232,PROD0119,3,1760.04,21.8
OITEM005674,ORD002847,PROD0004,1,27170.52,32.4
OITEM005675,ORD002847,PROD0017,1,18577.57,7.5
OITEM005676,ORD001189,PROD0168,3,695.38,10.6
OITEM005677,ORD002504,PROD0031,1,5536.82,16.1
OITEM005678,ORD000742,PROD0117,1,3397.94,24.8
OITEM005679,ORD000742,PROD0047,1,2887.02,8.1
OITEM005680,ORD003097,PROD0063,2,2025.63,4.9
OITEM005681,ORD003097,PROD0102,3,11654.3,21.3
OITEM005682,ORD003097,PROD0004,1,26931.34,23.7
OITEM005683,ORD000771,PROD0031,3,5313.83,12.4
OITEM005684,ORD000771,PROD0112,1,6033.22,1.2
OITEM005685,ORD000771,PROD0173,3,162.49,16.3
OITEM005686,ORD001542,PROD0119,4,1751.16,12.9
OITEM005687,ORD001542,PROD0075,5,2321.25,9.6
OITEM005688,ORD003144,PROD0166,1,114.67,0.1
OITEM005689,ORD003144,PROD0053,2,1815.4,19.4
OITEM005690,ORD003144,PROD0029,4,2539.63,23.5
OITEM005691,ORD002450,PROD0132,1,200.52,20.0
OITEM005692,ORD001533,PROD0172,3,956.77,3.4
OITEM005693,ORD002769,PROD0104,1,11575.0,23.5
OITEM005694,ORD002515,PROD0065,1,3650.29,15.0
OITEM005695,ORD002515,PROD0047,2,2959.52,2.5
OITEM005696,ORD002542,PROD0120,2,3163.53,16.1
OITEM005697,ORD002542,PROD0048,4,614.44,17.3
OITEM005698,ORD001238,PROD0058,1,3271.49,24.8
OITEM005699,ORD001458,PROD0168,1,659.33,24.0
OITEM005700,ORD000034,PROD0119,4,1877.73,21.2
OITEM005701,ORD000852,PROD0121,1,3401.58,6.5
OITEM005702,ORD000852,PROD0051,2,5088.07,5.2
OITEM005703,ORD000852,PROD0133,2,3297.47,15.3
OITEM005704,ORD000158,PROD0040,2,2900.49,8.5
OITEM005705,ORD002978,PROD0066,5,792.02,19.1
OITEM005706,ORD002336,PROD0112,1,6418.97,18.6
OITEM005707,ORD002336,PROD0114,1,14425.58,4.3
OITEM005708,ORD002336,PROD0048,1,633.73,6.6
OITEM005709,ORD003046,PROD0122,2,1950.93,18.8
OITEM005710,ORD003046,PROD0031,3,5225.33,2.7
OITEM005711,ORD003046,PROD0035,5,23123.87,3.4
OITEM005712,ORD001245,PROD0131,4,2978.7,10.5
OITEM005713,ORD001245,PROD0024,1,21707.35,16.0
OITEM005714,ORD001245,PROD0111,1,3516.54,24.9
OITEM005715,ORD003180,PROD0034,3,20313.02,1.6
OITEM005716,ORD000933,PROD0028,2,49279.88,14.7
OITEM005717,ORD000948,PROD0112,4,6309.46,12.1
OITEM005718,ORD000948,PROD0158,1,11838.09,10.9
OITEM005719,ORD000749,PROD0031,2,5479.75,11.2
OITEM005720,ORD000749,PROD0119,4,1759.08,9.2
OITEM005721,ORD000749,PROD0133,1,3323.22,5.8
OITEM005722,ORD001969,PROD0128,1,1059.2,4.3
OITEM005723,ORD000488,PROD0047,2,2940.65,10.3
OITEM005724,ORD002837,PROD0185,4,7681.18,7.5
OITEM005725,ORD000732,PROD0078,2,4847.04,6.2
OITEM005726,ORD002038,PROD0112,1,6467.34,0.9
OITEM005727,ORD002038,PROD0003,5,34110.5,1.9
OITEM005728,ORD002038,PROD0119,1,1881.13,23.5
OITEM005729,ORD001499,PROD0166,1,104.29,13.1
OITEM005730,ORD001499,PROD0142,1,3128.12,23.9
OITEM005731,ORD002682,PROD0111,2,3579.32,4.8
OITEM005732,ORD001859,PROD0166,3,112.87,19.3
OITEM005733,ORD002499,PROD0133,1,3097.9,4.0
OITEM005734,ORD002499,PROD0075,1,2300.27,15.0
OITEM005735,ORD000399,PROD0131,4,2976.67,2.3
OITEM005736,ORD002223,PROD0128,1,1064.83,4.3
OITEM005737,ORD002223,PROD0180,1,545.83,20.9
OITEM005738,ORD003024,PROD0040,1,2799.83,23.2
OITEM005739,ORD001510,PROD0066,2,753.32,22.9
OITEM005740,ORD001510,PROD0061,1,1292.44,5.5
OITEM005741,ORD001510,PROD0171,1,39.87,9.9
OITEM005742,ORD002062,PROD0166,1,110.55,6.4
OITEM005743,ORD002062,PROD0104,1,12056.93,0.1
OITEM005744,ORD002062,PROD0053,1,1785.95,17.6
OITEM005745,ORD001339,PROD0127,1,1456.44,15.4
OITEM005746,ORD001339,PROD0120,1,2930.56,10.2
OITEM005747,ORD001339,PROD0128,1,1082.3,18.0
OITEM005748,ORD002539,PROD0171,1,38.35,7.8
OITEM005749,ORD002539,PROD0071,1,1208.35,6.3
OITEM005750,ORD001408,PROD0024,1,21395.06,19.8
OITEM005751,ORD001408,PROD0116,1,12351.29,14.4
OITEM005752,ORD002119,PROD0135,1,2887.93,4.7
OITEM005753,ORD002119,PROD0047,1,2882.59,20.2
OITEM005754,ORD000595,PROD0066,1,811.83,11.7
OITEM005755,ORD000595,PROD0119,2,1723.65,8.9
OITEM005756,ORD000980,PROD0084,2,2267.97,10.6
OITEM005757,ORD000503,PROD0119,2,1870.6,24.5
OITEM005758,ORD001077,PROD0051,1,5070.79,0.9
OITEM005759,ORD001904,PROD0064,4,562.44,6.0
OITEM005760,ORD001218,PROD0031,2,5509.64,3.2
OITEM005761,ORD001220,PROD0135,5,2880.18,13.5
OITEM005762,ORD001469,PROD0166,1,107.48,8.2
OITEM005763,ORD002505,PROD0047,3,2888.25,8.5
OITEM005764,ORD002505,PROD0073,2,5262.4,17.6
OITEM005765,ORD001186,PROD0066,3,761.2,13.7
OITEM005766,ORD001186,PROD0155,4,12127.85,14.0
OITEM005767,ORD001186,PROD0098,3,3228.35,7.1
OITEM005768,ORD001405,PROD0048,1,626.05,15.7
OITEM005769,ORD001405,PROD0066,1,818.47,14.2
OITEM005770,ORD001769,PROD0132,1,204.26,8.7
OITEM005771,ORD001769,PROD0116,1,12396.4,24.2
OITEM005772,ORD001769,PROD0074,1,597.23,1.1
OITEM005773,ORD000318,PROD0133,1,3147.27,22.9
OITEM005774,ORD000318,PROD0183,2,944.94,1.5
OITEM005775,ORD000206,PROD0031,4,5363.17,0.9
OITEM005776,ORD000206,PROD0130,1,3711.26,22.0
OITEM005777,ORD000057,PROD0116,1,12141.1,7.9
OITEM005778,ORD000057,PROD0031,1,5491.39,16.2
OITEM005779,ORD001365,PROD0172,1,1012.73,2.9
OITEM005780,ORD001365,PROD0135,3,2987.44,1.7
OITEM005781,ORD001365,PROD0064,2,553.35,5.5
OITEM005782,ORD001211,PROD0050,3,4406.19,17.1
OITEM005783,ORD001211,PROD0031,1,5516.27,22.1
OITEM005784,ORD002138,PROD0166,1,109.14,6.5
OITEM005785,ORD000416,PROD0024,1,21324.78,5.8
OITEM005786,ORD000416,PROD0173,2,159.27,14.8
OITEM005787,ORD000665,PROD0017,1,18448.51,18.6
OITEM005788,ORD000665,PROD0173,1,168.93,2.0
OITEM005789,ORD000665,PROD0066,1,801.12,12.5
OITEM005790,ORD001044,PROD0133,1,3149.33,8.5
OITEM005791,ORD001044,PROD0197,4,7980.59,24.4
OITEM005792,ORD001737,PROD0166,1,112.32,1.1
OITEM005793,ORD001737,PROD0197,3,7577.26,15.8
OITEM005794,ORD001737,PROD0068,2,3437.99,3.5
OITEM005795,ORD001737,PROD0179,3,980.49,24.3
OITEM005796,ORD000358,PROD0172,1,986.72,11.7
OITEM005797,ORD000471,PROD0200,1,3966.06,10.0
OITEM005798,ORD000471,PROD0119,1,1803.0,24.4
OITEM005799,ORD000054,PROD0104,1,11659.05,13.6
OITEM005800,ORD000054,PROD0135,5,2983.48,1.0
OITEM005801,ORD000697,PROD0029,1,2458.77,18.7
OITEM005802,ORD000697,PROD0035,1,23854.2,12.3
OITEM005803,ORD002288,PROD0166,1,104.13,15.3
OITEM005804,ORD001596,PROD0166,1,112.99,10.8
OITEM005805,ORD001596,PROD0063,1,2033.37,14.2
OITEM005806,ORD001596,PROD0047,1,2910.02,5.9
OITEM005807,ORD001596,PROD0120,1,3046.47,12.5
OITEM005808,ORD000018,PROD0009,1,18459.76,1.1
OITEM005809,ORD000018,PROD0121,2,3292.99,5.7
OITEM005810,ORD000018,PROD0165,2,222.75,6.9
OITEM005811,ORD000317,PROD0060,2,3816.48,6.0
OITEM005812,ORD000317,PROD0128,1,1086.51,18.1
OITEM005813,ORD002097,PROD0045,1,1042.11,18.6
OITEM005814,ORD001152,PROD0139,5,1574.4,16.5
OITEM005815,ORD001152,PROD0166,1,108.08,3.8
OITEM005816,ORD001152,PROD0002,2,35976.68,0.8
OITEM005817,ORD001152,PROD0031,4,5534.15,22.2
OITEM005818,ORD000530,PROD0004,1,28987.39,11.2
OITEM005819,ORD000530,PROD0192,1,843.96,23.6
OITEM005820,ORD000530,PROD0068,1,3645.25,13.1
OITEM005821,ORD000307,PROD0066,2,791.63,24.1
OITEM005822,ORD000307,PROD0135,1,2938.14,22.6
OITEM005823,ORD001296,PROD0197,1,7597.47,18.2
OITEM005824,ORD001296,PROD0118,2,551.25,22.9
OITEM005825,ORD001296,PROD0066,1,828.51,7.9
OITEM005826,ORD000521,PROD0116,1,12084.7,11.4
OITEM005827,ORD000521,PROD0153,1,13574.23,19.4
OITEM005828,ORD000521,PROD0166,1,113.88,24.1
OITEM005829,ORD000310,PROD0166,1,106.74,7.6
OITEM005830,ORD000310,PROD0031,3,5170.46,10.5
OITEM005831,ORD000824,PROD0119,1,1813.94,23.3
OITEM005832,ORD000824,PROD0034,2,19387.74,12.9
OITEM005833,ORD000824,PROD0118,1,556.45,23.2
OITEM005834,ORD000824,PROD0199,1,7963.04,6.5
OITEM005835,ORD002608,PROD0040,1,2871.5,1.1
OITEM005836,ORD001122,PROD0135,2,2971.72,9.1
OITEM005837,ORD001122,PROD0166,2,109.42,18.2
OITEM005838,ORD001561,PROD0116,2,12669.6,16.1
OITEM005839,ORD002518,PROD0031,1,5271.93,15.0
OITEM005840,ORD002518,PROD0114,2,14151.99,3.9
OITEM005841,ORD002518,PROD0183,2,976.04,10.5
OITEM005842,ORD002975,PROD0060,1,3900.74,6.2
OITEM005843,ORD003118,PROD0131,2,2824.46,5.3
OITEM005844,ORD003118,PROD0063,1,2011.61,24.0
OITEM005845,ORD003118,PROD0029,3,2478.1,3.6
OITEM005846,ORD002660,PROD0004,1,29228.87,11.5
OITEM005847,ORD001197,PROD0133,1,3165.42,24.9
OITEM005848,ORD000562,PROD0118,3,566.48,6.7
OITEM005849,ORD000761,PROD0135,4,2921.73,16.1
OITEM005850,ORD002131,PROD0024,2,22229.54,6.7
OITEM005851,ORD002131,PROD0133,1,3370.89,3.8
OITEM005852,ORD000112,PROD0135,2,2825.09,4.4
OITEM005853,ORD000112,PROD0084,3,2331.7,7.7
OITEM005854,ORD000112,PROD0174,1,425.0,13.7
OITEM005855,ORD000112,PROD0028,3,53866.71,8.9
OITEM005856,ORD002954,PROD0050,2,4392.56,0.8
OITEM005857,ORD001140,PROD0165,1,214.4,23.9
OITEM005858,ORD000046,PROD0150,1,17225.39,12.3
OITEM005859,ORD001383,PROD0113,1,7984.63,5.2
OITEM005860,ORD001383,PROD0051,3,5297.54,22.2
OITEM005861,ORD003185,PROD0041,1,5518.2,12.4
OITEM005862,ORD003185,PROD0119,1,1783.47,9.5
OITEM005863,ORD002493,PROD0132,3,208.46,13.9
OITEM005864,ORD002493,PROD0066,1,811.32,13.1
OITEM005865,ORD002493,PROD0119,3,1837.35,16.5
OITEM005866,ORD002493,PROD0060,3,4157.29,19.4
OITEM005867,ORD002997,PROD0064,3,573.88,0.7
OITEM005868,ORD002997,PROD0087,3,12573.43,1.5
OITEM005869,ORD002997,PROD0119,1,1752.99,18.8
OITEM005870,ORD001676,PROD0183,1,1004.34,6.1
OITEM005871,ORD001676,PROD0052,1,2775.61,9.6
OITEM005872,ORD000277,PROD0041,1,5539.24,24.5
OITEM005873,ORD001636,PROD0047,3,3127.09,15.6
OITEM005874,ORD001636,PROD0112,1,5988.21,22.1
OITEM005875,ORD001636,PROD0119,3,1840.77,16.9
OITEM005876,ORD002922,PROD0189,1,5927.0,2.8
OITEM005877,ORD002904,PROD0135,1,2839.45,8.4
OITEM005878,ORD002904,PROD0073,2,5318.32,22.1
OITEM005879,ORD001758,PROD0128,1,1084.21,9.4
OITEM005880,ORD001758,PROD0124,4,1859.02,20.7
OITEM005881,ORD000953,PROD0172,1,1045.53,17.9
OITEM005882,ORD000953,PROD0166,2,110.66,6.6
OITEM005883,ORD002460,PROD0081,1,5346.13,4.6
OITEM005884,ORD002460,PROD0165,2,220.29,13.9
OITEM005885,ORD001300,PROD0166,3,110.07,21.8
OITEM005886,ORD001300,PROD0058,1,3345.44,5.8
OITEM005887,ORD002002,PROD0096,2,14278.07,14.4
OITEM005888,ORD002002,PROD0084,1,2151.11,20.3
OITEM005889,ORD002002,PROD0004,3,27046.27,3.0
OITEM005890,ORD002002,PROD0021,1,44377.1,23.6
OITEM005891,ORD001617,PROD0123,1,3175.5,6.2
OITEM005892,ORD002338,PROD0047,1,2999.88,5.5
OITEM005893,ORD002338,PROD0129,2,3118.91,18.7
OITEM005894,ORD002338,PROD0183,4,985.43,3.6
OITEM005895,ORD002338,PROD0031,1,5249.57,5.8
OITEM005896,ORD002912,PROD0111,4,3742.34,3.2
OITEM005897,ORD002679,PROD0165,2,226.16,24.6
OITEM005898,ORD002679,PROD0075,1,2321.85,6.2
OITEM005899,ORD002679,PROD0031,1,5604.39,0.6
OITEM005900,ORD000627,PROD0068,1,3583.03,10.1
OITEM005901,ORD000627,PROD0063,2,2013.82,3.1
OITEM005902,ORD001256,PROD0132,1,202.32,14.4
OITEM005903,ORD001711,PROD0064,2,583.04,18.5
OITEM005904,ORD002522,PROD0095,1,6780.26,16.6
OITEM005905,ORD002522,PROD0143,2,3510.07,6.4
OITEM005906,ORD001160,PROD0168,2,676.45,2.7
OITEM005907,ORD001475,PROD0013,5,2603.9,21.8
OITEM005908,ORD000741,PROD0166,1,108.02,16.3
OITEM005909,ORD000741,PROD0119,1,1746.87,20.6
OITEM005910,ORD000340,PROD0031,2,5198.55,6.3
OITEM005911,ORD002251,PROD0066,5,775.19,12.3
OITEM005912,ORD002251,PROD0112,2,6433.16,12.3
OITEM005913,ORD001698,PROD0112,1,6393.8,2.0
OITEM005914,ORD001200,PROD0066,4,765.09,4.4
OITEM005915,ORD000408,PROD0132,1,212.67,4.5
OITEM005916,ORD000271,PROD0084,1,2208.02,3.3
OITEM005917,ORD002861,PROD0011,1,16078.57,3.7
OITEM005918,ORD002861,PROD0088,1,5026.62,17.0
OITEM005919,ORD002861,PROD0192,1,917.88,18.1
OITEM005920,ORD001381,PROD0121,2,3327.26,1.0
OITEM005921,ORD001381,PROD0084,1,2174.12,2.7
OITEM005922,ORD001381,PROD0166,1,104.16,4.5
OITEM005923,ORD001381,PROD0118,2,586.48,14.3
OITEM005924,ORD002428,PROD0063,3,2144.55,2.0
OITEM005925,ORD002428,PROD0102,2,11670.54,14.0
OITEM005926,ORD002870,PROD0116,1,12157.72,11.5
OITEM005927,ORD001867,PROD0047,1,2908.4,6.6
OITEM005928,ORD000902,PROD0050,3,4489.46,8.2
OITEM005929,ORD002711,PROD0166,1,110.82,17.8
OITEM005930,ORD002235,PROD0119,1,1890.97,23.3
OITEM005931,ORD002696,PROD0116,3,12105.79,1.5
OITEM005932,ORD001194,PROD0135,1,2830.29,17.0
OITEM005933,ORD001194,PROD0102,1,11884.29,14.0
OITEM005934,ORD000629,PROD0082,2,2071.35,24.6
OITEM005935,ORD000254,PROD0047,1,2953.73,8.4
OITEM005936,ORD000254,PROD0119,1,1834.42,23.3
OITEM005937,ORD000254,PROD0024,1,21196.65,8.2
OITEM005938,ORD001424,PROD0198,4,3285.28,9.8
OITEM005939,ORD000768,PROD0031,1,5535.96,24.1
OITEM005940,ORD001292,PROD0061,1,1306.5,1.8
OITEM005941,ORD000305,PROD0084,1,2140.16,12.7
OITEM005942,ORD000305,PROD0113,1,8183.54,19.6
OITEM005943,ORD000305,PROD0047,1,2913.89,4.0
OITEM005944,ORD000260,PROD0135,3,3001.18,18.9
OITEM005945,ORD000260,PROD0034,2,19323.82,18.9
OITEM005946,ORD000260,PROD0011,1,15439.37,7.9
OITEM005947,ORD001726,PROD0190,1,5267.29,3.4
OITEM005948,ORD002278,PROD0063,1,2089.63,2.4
OITEM005949,ORD002278,PROD0046,1,2575.65,22.3
OITEM005950,ORD003122,PROD0133,4,3305.51,4.0
OITEM005951,ORD003122,PROD0099,1,983.09,8.9
OITEM005952,ORD003122,PROD0063,4,2094.75,6.5
OITEM005953,ORD001403,PROD0180,1,579.27,23.8
OITEM005954,ORD001403,PROD0103,5,12446.71,4.4
