order_id,customer_id,order_date,order_status,shipping_city,shipping_state,region
ORD000170,CUST00074,2024-06-01 08:50:00,Delivered,Hyderabad,Telangana,South
ORD000016,CUST00378,2024-06-01 09:08:00,Delivered,Noida,Uttar Pradesh,North
ORD001992,CUST00253,2024-06-01 09:20:00,Delivered,Lucknow,Uttar Pradesh,North
ORD002533,CUST00132,2024-06-01 13:05:00,Delivered,Noida,Uttar Pradesh,North
ORD000918,CUST00408,2024-06-01 15:35:00,Delivered,Thiruvananthapuram,Kerala,South
ORD002344,CUST00058,2024-06-01 16:31:00,Cancelled,Jaipur,Rajasthan,North
ORD002270,CUST00179,2024-06-01 17:35:00,Delivered,Hyderabad,Telangana,South
ORD002375,CUST00356,2024-06-01 19:51:00,Delivered,Bhubaneswar,Odisha,East
ORD000365,CUST00126,2024-06-01 22:07:00,Cancelled,Thiruvananthapuram,Kerala,South
ORD002895,CUST00330,2024-06-02 08:01:00,Pending,Bengaluru,Karnataka,South
ORD001863,CUST00476,2024-06-02 09:22:00,Delivered,Chennai,Tamil Nadu,South
ORD002669,CUST00101,2024-06-02 11:33:00,Delivered,Chennai,Tamil Nadu,South
ORD001567,CUST00049,2024-06-02 18:20:00,Pending,Lucknow,Uttar Pradesh,North
ORD002704,CUST00484,2024-06-02 19:05:00,Delivered,Coimbatore,Tamil Nadu,South
ORD000788,CUST00135,2024-06-03 11:47:00,Delivered,Delhi,Delhi,North
ORD002559,CUST00042,2024-06-03 12:40:00,Delivered,Chandigarh,Punjab,North
ORD001783,CUST00271,2024-06-03 17:35:00,Delivered,Mumbai,Maharashtra,West
ORD003190,CUST00301,2024-06-03 17:46:00,Delivered,Lucknow,Uttar Pradesh,North
ORD000915,CUST00154,2024-06-03 17:47:00,Delivered,Delhi,Delhi,North
ORD000977,CUST00456,2024-06-03 18:23:00,Delivered,Chandigarh,Punjab,North
ORD001482,CUST00150,2024-06-03 20:02:00,Delivered,Coimbatore,Tamil Nadu,South
ORD000502,CUST00129,2024-06-03 21:45:00,Pending,Kochi,Kerala,South
ORD001966,CUST00208,2024-06-03 22:12:00,Delivered,Mysuru,Karnataka,South
ORD002339,CUST00465,2024-06-03 22:55:00,Cancelled,Pune,Maharashtra,West
ORD001209,CUST00125,2024-06-04 09:40:00,Delivered,Noida,Uttar Pradesh,North
ORD003147,CUST00005,2024-06-04 12:36:00,Delivered,Mumbai,Maharashtra,West
ORD002757,CUST00424,2024-06-04 12:43:00,Delivered,Kolkata,West Bengal,East
ORD001440,CUST00247,2024-06-04 13:01:00,Delivered,Bengaluru,Karnataka,South
ORD002407,CUST00095,2024-06-04 18:22:00,Returned,Mumbai,Maharashtra,West
ORD002037,CUST00447,2024-06-04 20:20:00,Delivered,Kochi,Kerala,South
ORD001765,CUST00463,2024-06-04 20:34:00,Returned,Mumbai,Maharashtra,West
ORD000113,CUST00045,2024-06-04 21:32:00,Cancelled,Bengaluru,Karnataka,South
ORD002677,CUST00109,2024-06-05 11:36:00,Delivered,Delhi,Delhi,North
ORD001751,CUST00225,2024-06-05 12:26:00,Delivered,Mysuru,Karnataka,South
ORD000908,CUST00435,2024-06-05 14:03:00,Delivered,Delhi,Delhi,North
ORD001742,CUST00301,2024-06-05 14:26:00,Delivered,Lucknow,Uttar Pradesh,North
ORD000053,CUST00416,2024-06-05 14:48:00,Delivered,Chandigarh,Punjab,North
ORD001170,CUST00386,2024-06-05 17:01:00,Delivered,Ahmedabad,Gujarat,West
ORD000406,CUST00487,2024-06-05 17:04:00,Delivered,Raipur,Chhattisgarh,Central
ORD000527,CUST00280,2024-06-05 17:42:00,Cancelled,Hyderabad,Telangana,South
ORD000440,CUST00147,2024-06-05 18:06:00,Cancelled,Lucknow,Uttar Pradesh,North
ORD002594,CUST00494,2024-06-05 19:48:00,Returned,Indore,Madhya Pradesh,Central
ORD002905,CUST00237,2024-06-05 20:00:00,Pending,Lucknow,Uttar Pradesh,North
ORD002369,CUST00443,2024-06-06 08:03:00,Cancelled,Nagpur,Maharashtra,West
ORD003139,CUST00138,2024-06-06 10:04:00,Delivered,Bengaluru,Karnataka,South
ORD000590,CUST00218,2024-06-06 10:34:00,Delivered,Bengaluru,Karnataka,South
ORD002401,CUST00051,2024-06-06 11:18:00,Cancelled,Patna,Bihar,East
ORD002891,CUST00295,2024-06-06 15:08:00,Delivered,Noida,Uttar Pradesh,North
ORD002218,CUST00329,2024-06-06 15:46:00,Delivered,Chennai,Tamil Nadu,South
ORD000809,CUST00400,2024-06-06 20:51:00,Returned,Surat,Gujarat,West
ORD002807,CUST00126,2024-06-06 21:18:00,Returned,Gurugram,Haryana,North
ORD001088,CUST00044,2024-06-07 09:13:00,Delivered,Mysuru,Karnataka,South
ORD000097,CUST00128,2024-06-07 10:49:00,Delivered,Kolkata,West Bengal,East
ORD000571,CUST00385,2024-06-07 16:05:00,Delivered,Surat,Gujarat,West
ORD001401,CUST00046,2024-06-08 08:07:00,Pending,Jaipur,Rajasthan,North
ORD001329,CUST00418,2024-06-08 13:15:00,Delivered,Mumbai,Maharashtra,West
ORD002728,CUST00455,2024-06-08 15:33:00,Delivered,Delhi,Delhi,North
ORD002611,CUST00206,2024-06-08 17:27:00,Delivered,Bhubaneswar,Odisha,East
ORD001107,CUST00273,2024-06-09 08:04:00,Delivered,Thiruvananthapuram,Kerala,South
ORD001721,CUST00128,2024-06-09 09:21:00,Delivered,Kolkata,West Bengal,East
ORD000173,CUST00034,2024-06-09 16:34:00,Returned,Kochi,Kerala,South
ORD001964,CUST00444,2024-06-09 17:25:00,Returned,Pune,Maharashtra,West
ORD002011,CUST00356,2024-06-09 18:33:00,Delivered,Bhubaneswar,Odisha,East
ORD002840,CUST00233,2024-06-09 19:54:00,Delivered,Bhopal,Madhya Pradesh,Central
ORD001438,CUST00005,2024-06-09 20:06:00,Delivered,Mumbai,Maharashtra,West
ORD003178,CUST00337,2024-06-09 22:30:00,Returned,Kolkata,West Bengal,East
ORD000703,CUST00480,2024-06-10 08:12:00,Cancelled,Delhi,Delhi,North
ORD002725,CUST00254,2024-06-10 08:41:00,Delivered,Jaipur,Rajasthan,North
ORD001166,CUST00017,2024-06-10 08:44:00,Returned,Coimbatore,Tamil Nadu,South
ORD000143,CUST00207,2024-06-10 15:00:00,Delivered,Hyderabad,Telangana,South
ORD000796,CUST00095,2024-06-10 18:34:00,Delivered,Mumbai,Maharashtra,West
ORD002120,CUST00312,2024-06-10 18:37:00,Delivered,Mysuru,Karnataka,South
ORD002197,CUST00101,2024-06-10 21:27:00,Delivered,Chennai,Tamil Nadu,South
ORD003059,CUST00186,2024-06-10 22:57:00,Pending,Kolkata,West Bengal,East
ORD000790,CUST00361,2024-06-11 08:02:00,Cancelled,Mysuru,Karnataka,South
ORD000052,CUST00174,2024-06-11 08:36:00,Cancelled,Gurugram,Haryana,North
ORD001294,CUST00465,2024-06-11 10:02:00,Cancelled,Pune,Maharashtra,West
ORD000747,CUST00191,2024-06-11 11:24:00,Returned,Gurugram,Haryana,North
ORD000639,CUST00088,2024-06-11 12:37:00,Delivered,Thiruvananthapuram,Kerala,South
ORD000385,CUST00073,2024-06-11 12:40:00,Delivered,Surat,Gujarat,West
ORD002589,CUST00332,2024-06-11 12:54:00,Cancelled,Kochi,Kerala,South
ORD002365,CUST00149,2024-06-11 15:03:00,Delivered,Bengaluru,Karnataka,South
ORD001762,CUST00499,2024-06-11 16:18:00,Delivered,Pune,Maharashtra,West
ORD000508,CUST00496,2024-06-11 20:57:00,Delivered,Ahmedabad,Gujarat,West
ORD003090,CUST00258,2024-06-11 21:05:00,Delivered,Pune,Maharashtra,West
ORD000520,CUST00111,2024-06-11 21:44:00,Delivered,Bhubaneswar,Odisha,East
ORD001169,CUST00199,2024-06-12 08:42:00,Delivered,Chennai,Tamil Nadu,South
ORD001333,CUST00129,2024-06-12 16:43:00,Delivered,Kochi,Kerala,South
ORD002607,CUST00182,2024-06-12 16:52:00,Pending,Hyderabad,Telangana,South
ORD001396,CUST00353,2024-06-13 12:31:00,Delivered,Delhi,Delhi,North
ORD002885,CUST00221,2024-06-13 16:52:00,Pending,Mysuru,Karnataka,South
ORD001662,CUST00319,2024-06-13 18:33:00,Delivered,Chandigarh,Punjab,North
ORD000526,CUST00179,2024-06-13 20:22:00,Delivered,Hyderabad,Telangana,South
ORD002331,CUST00019,2024-06-14 09:27:00,Delivered,Mumbai,Maharashtra,West
ORD000446,CUST00363,2024-06-14 13:45:00,Delivered,Bhubaneswar,Odisha,East
ORD002368,CUST00213,2024-06-14 13:57:00,Delivered,Hyderabad,Telangana,South
ORD000378,CUST00080,2024-06-14 14:57:00,Delivered,Ahmedabad,Gujarat,West
ORD000248,CUST00201,2024-06-14 15:56:00,Delivered,Delhi,Delhi,North
ORD000549,CUST00022,2024-06-15 08:27:00,Delivered,Bengaluru,Karnataka,South
ORD001347,CUST00485,2024-06-15 08:55:00,Delivered,Bhubaneswar,Odisha,East
ORD001722,CUST00354,2024-06-15 11:07:00,Delivered,Noida,Uttar Pradesh,North
ORD002777,CUST00105,2024-06-15 12:00:00,Delivered,Thiruvananthapuram,Kerala,South
ORD001583,CUST00088,2024-06-15 17:52:00,Delivered,Thiruvananthapuram,Kerala,South
ORD002899,CUST00207,2024-06-15 19:08:00,Delivered,Hyderabad,Telangana,South
ORD002641,CUST00399,2024-06-15 19:16:00,Delivered,Chennai,Tamil Nadu,South
ORD000469,CUST00251,2024-06-15 20:22:00,Returned,Chandigarh,Punjab,North
ORD001057,CUST00363,2024-06-16 21:34:00,Delivered,Bhubaneswar,Odisha,East
ORD002309,CUST00313,2024-06-17 08:27:00,Cancelled,Ahmedabad,Gujarat,West
ORD000501,CUST00146,2024-06-17 09:02:00,Delivered,Guwahati,Assam,East
ORD001941,CUST00095,2024-06-17 11:56:00,Delivered,Mumbai,Maharashtra,West
ORD002918,CUST00249,2024-06-17 11:58:00,Delivered,Thiruvananthapuram,Kerala,South
ORD002141,CUST00495,2024-06-17 12:47:00,Delivered,Coimbatore,Tamil Nadu,South
ORD001689,CUST00101,2024-06-17 12:49:00,Delivered,Chennai,Tamil Nadu,South
ORD002215,CUST00405,2024-06-17 13:09:00,Cancelled,Mumbai,Maharashtra,West
ORD001139,CUST00324,2024-06-17 14:25:00,Delivered,Ahmedabad,Gujarat,West
ORD001016,CUST00001,2024-06-17 15:31:00,Delivered,Hyderabad,Telangana,South
ORD002264,CUST00405,2024-06-17 16:57:00,Delivered,Mumbai,Maharashtra,West
ORD002558,CUST00356,2024-06-18 08:48:00,Cancelled,Bhubaneswar,Odisha,East
ORD002494,CUST00128,2024-06-18 12:05:00,Delivered,Kolkata,West Bengal,East
ORD001034,CUST00102,2024-06-18 13:33:00,Delivered,Mysuru,Karnataka,South
ORD001072,CUST00196,2024-06-18 15:32:00,Delivered,Bengaluru,Karnataka,South
ORD002980,CUST00260,2024-06-18 17:30:00,Cancelled,Bhopal,Madhya Pradesh,Central
ORD000261,CUST00113,2024-06-18 18:15:00,Delivered,Mumbai,Maharashtra,West
ORD000572,CUST00405,2024-06-18 20:34:00,Delivered,Thiruvananthapuram,Kerala,South
ORD002877,CUST00476,2024-06-18 21:55:00,Delivered,Chennai,Tamil Nadu,South
ORD002135,CUST00447,2024-06-18 22:27:00,Delivered,Kochi,Kerala,South
ORD003076,CUST00140,2024-06-19 14:05:00,Pending,Pune,Maharashtra,West
ORD002113,CUST00020,2024-06-19 15:19:00,Delivered,Kolkata,West Bengal,East
ORD002157,CUST00148,2024-06-19 20:00:00,Cancelled,Ahmedabad,Gujarat,West
ORD000587,CUST00426,2024-06-20 09:18:00,Cancelled,Bengaluru,Karnataka,South
ORD001485,CUST00296,2024-06-20 10:35:00,Cancelled,Bhopal,Madhya Pradesh,Central
ORD003171,CUST00226,2024-06-20 13:33:00,Delivered,Indore,Madhya Pradesh,Central
ORD001706,CUST00473,2024-06-21 11:30:00,Delivered,Bhubaneswar,Odisha,East
ORD001961,CUST00331,2024-06-21 13:31:00,Delivered,Lucknow,Uttar Pradesh,North
ORD002673,CUST00055,2024-06-21 14:20:00,Delivered,Kochi,Kerala,South
ORD002107,CUST00133,2024-06-21 15:27:00,Delivered,Mysuru,Karnataka,South
ORD002523,CUST00175,2024-06-21 20:08:00,Delivered,Nagpur,Maharashtra,West
ORD002252,CUST00078,2024-06-21 21:34:00,Delivered,Mysuru,Karnataka,South
ORD000871,CUST00446,2024-06-21 22:26:00,Delivered,Jaipur,Rajasthan,North
ORD001163,CUST00494,2024-06-22 08:30:00,Delivered,Indore,Madhya Pradesh,Central
ORD001608,CUST00186,2024-06-22 11:30:00,Delivered,Kolkata,West Bengal,East
ORD000817,CUST00443,2024-06-22 12:17:00,Delivered,Nagpur,Maharashtra,West
ORD000725,CUST00175,2024-06-22 13:26:00,Delivered,Nagpur,Maharashtra,West
ORD003135,CUST00092,2024-06-22 14:11:00,Delivered,Hyderabad,Telangana,South
ORD001224,CUST00021,2024-06-22 14:36:00,Delivered,Gurugram,Haryana,North
ORD001791,CUST00221,2024-06-22 16:23:00,Delivered,Mysuru,Karnataka,South
ORD002879,CUST00458,2024-06-22 16:59:00,Returned,Mysuru,Karnataka,South
ORD001285,CUST00049,2024-06-22 17:37:00,Delivered,Lucknow,Uttar Pradesh,North
ORD000453,CUST00155,2024-06-22 18:14:00,Delivered,Mumbai,Maharashtra,West
ORD002432,CUST00254,2024-06-22 18:59:00,Delivered,Jaipur,Rajasthan,North
ORD000524,CUST00195,2024-06-22 19:41:00,Delivered,Pune,Maharashtra,West
ORD002643,CUST00410,2024-06-22 20:09:00,Delivered,Lucknow,Uttar Pradesh,North
ORD001263,CUST00247,2024-06-22 20:10:00,Delivered,Bengaluru,Karnataka,South
ORD002150,CUST00111,2024-06-22 20:48:00,Delivered,Bhubaneswar,Odisha,East
ORD001496,CUST00480,2024-06-22 20:57:00,Returned,Delhi,Delhi,North
ORD000382,CUST00241,2024-06-22 21:53:00,Delivered,Jaipur,Rajasthan,North
ORD001590,CUST00059,2024-06-23 08:25:00,Returned,Mumbai,Maharashtra,West
ORD002646,CUST00251,2024-06-23 10:17:00,Delivered,Coimbatore,Tamil Nadu,South
ORD001566,CUST00331,2024-06-23 11:55:00,Delivered,Lucknow,Uttar Pradesh,North
ORD001754,CUST00336,2024-06-23 12:57:00,Delivered,Kolkata,West Bengal,East
ORD001068,CUST00017,2024-06-23 14:05:00,Delivered,Coimbatore,Tamil Nadu,South
ORD001667,CUST00219,2024-06-23 16:27:00,Delivered,Chennai,Tamil Nadu,South
ORD002124,CUST00277,2024-06-23 16:45:00,Delivered,Noida,Uttar Pradesh,North
ORD001039,CUST00122,2024-06-23 17:54:00,Delivered,Raipur,Chhattisgarh,Central
ORD001002,CUST00179,2024-06-23 17:57:00,Cancelled,Hyderabad,Telangana,South
ORD002068,CUST00351,2024-06-23 18:20:00,Delivered,Coimbatore,Tamil Nadu,South
ORD000859,CUST00080,2024-06-23 18:31:00,Pending,Ahmedabad,Gujarat,West
ORD002552,CUST00163,2024-06-23 19:30:00,Delivered,Bengaluru,Karnataka,South
ORD001899,CUST00382,2024-06-23 20:38:00,Returned,Raipur,Chhattisgarh,Central
ORD000298,CUST00161,2024-06-23 21:30:00,Returned,Chennai,Tamil Nadu,South
ORD002961,CUST00035,2024-06-23 21:54:00,Delivered,Hyderabad,Telangana,South
ORD002516,CUST00356,2024-06-23 21:54:00,Delivered,Bhubaneswar,Odisha,East
ORD001589,CUST00494,2024-06-24 11:16:00,Cancelled,Indore,Madhya Pradesh,Central
ORD001591,CUST00301,2024-06-24 12:09:00,Delivered,Lucknow,Uttar Pradesh,North
ORD002416,CUST00018,2024-06-24 12:55:00,Returned,Jaipur,Rajasthan,North
ORD000903,CUST00111,2024-06-24 14:05:00,Pending,Ahmedabad,Gujarat,West
ORD001883,CUST00495,2024-06-24 14:41:00,Cancelled,Coimbatore,Tamil Nadu,South
ORD000973,CUST00143,2024-06-24 17:36:00,Returned,Kochi,Kerala,South
ORD002263,CUST00458,2024-06-24 18:00:00,Delivered,Mysuru,Karnataka,South
ORD001181,CUST00499,2024-06-24 18:28:00,Pending,Pune,Maharashtra,West
ORD001733,CUST00400,2024-06-24 20:32:00,Delivered,Surat,Gujarat,West
ORD002406,CUST00095,2024-06-24 21:13:00,Delivered,Mumbai,Maharashtra,West
ORD002239,CUST00388,2024-06-25 10:41:00,Pending,Pune,Maharashtra,West
ORD001712,CUST00218,2024-06-25 13:50:00,Delivered,Bengaluru,Karnataka,South
ORD000076,CUST00148,2024-06-25 16:11:00,Delivered,Ahmedabad,Gujarat,West
ORD002855,CUST00449,2024-06-25 21:47:00,Delivered,Noida,Uttar Pradesh,North
ORD000645,CUST00036,2024-06-25 22:08:00,Delivered,Pune,Maharashtra,West
ORD002298,CUST00301,2024-06-25 22:46:00,Returned,Lucknow,Uttar Pradesh,North
ORD000765,CUST00435,2024-06-26 13:23:00,Delivered,Delhi,Delhi,North
ORD000719,CUST00088,2024-06-26 15:24:00,Returned,Thiruvananthapuram,Kerala,South
ORD000926,CUST00483,2024-06-26 17:52:00,Delivered,Lucknow,Uttar Pradesh,North
ORD001703,CUST00439,2024-06-26 18:26:00,Delivered,Hyderabad,Telangana,South
ORD001975,CUST00291,2024-06-27 10:28:00,Delivered,Mysuru,Karnataka,South
ORD000840,CUST00150,2024-06-27 11:10:00,Delivered,Coimbatore,Tamil Nadu,South
ORD002751,CUST00154,2024-06-27 12:51:00,Pending,Delhi,Delhi,North
ORD000729,CUST00243,2024-06-27 15:20:00,Delivered,Surat,Gujarat,West
ORD002250,CUST00092,2024-06-27 21:50:00,Delivered,Hyderabad,Telangana,South
ORD000666,CUST00172,2024-06-27 22:32:00,Cancelled,Kolkata,West Bengal,East
ORD000141,CUST00470,2024-06-28 09:00:00,Delivered,Chennai,Tamil Nadu,South
ORD003058,CUST00474,2024-06-28 12:06:00,Delivered,Kochi,Kerala,South
ORD001233,CUST00331,2024-06-28 12:41:00,Delivered,Lucknow,Uttar Pradesh,North
ORD001682,CUST00331,2024-06-28 17:23:00,Cancelled,Lucknow,Uttar Pradesh,North
ORD001582,CUST00020,2024-06-28 19:08:00,Delivered,Kolkata,West Bengal,East
ORD002538,CUST00335,2024-06-28 21:39:00,Cancelled,Surat,Gujarat,West
ORD002039,CUST00126,2024-06-29 08:04:00,Returned,Gurugram,Haryana,North
ORD001639,CUST00464,2024-06-29 09:53:00,Delivered,Mysuru,Karnataka,South
ORD001297,CUST00493,2024-06-29 11:56:00,Delivered,Pune,Maharashtra,West
ORD000395,CUST00175,2024-06-29 16:40:00,Delivered,Nagpur,Maharashtra,West
ORD002140,CUST00163,2024-06-29 17:49:00,Delivered,Bengaluru,Karnataka,South
ORD002045,CUST00396,2024-06-29 18:15:00,Cancelled,Surat,Gujarat,West
ORD001307,CUST00249,2024-06-29 19:49:00,Delivered,Indore,Madhya Pradesh,Central
ORD001761,CUST00088,2024-06-29 19:56:00,Delivered,Thiruvananthapuram,Kerala,South
ORD000204,CUST00099,2024-06-29 20:54:00,Delivered,Gurugram,Haryana,North
ORD002180,CUST00120,2024-06-29 21:33:00,Returned,Coimbatore,Tamil Nadu,South
ORD002740,CUST00333,2024-06-29 22:44:00,Delivered,Chandigarh,Punjab,North
ORD002560,CUST00067,2024-06-30 09:17:00,Delivered,Delhi,Delhi,North
ORD002144,CUST00347,2024-06-30 09:49:00,Cancelled,Nagpur,Maharashtra,West
ORD000083,CUST00494,2024-06-30 10:20:00,Delivered,Indore,Madhya Pradesh,Central
ORD000133,CUST00247,2024-06-30 10:28:00,Delivered,Noida,Uttar Pradesh,North
ORD001023,CUST00319,2024-06-30 10:54:00,Delivered,Chandigarh,Punjab,North
ORD000007,CUST00029,2024-06-30 13:01:00,Returned,Delhi,Delhi,North
ORD000073,CUST00187,2024-06-30 14:00:00,Cancelled,Gurugram,Haryana,North
ORD000598,CUST00240,2024-06-30 14:57:00,Cancelled,Bhubaneswar,Odisha,East
ORD000920,CUST00111,2024-06-30 19:33:00,Delivered,Bhubaneswar,Odisha,East
ORD001148,CUST00228,2024-06-30 19:38:00,Delivered,Kochi,Kerala,South
ORD002749,CUST00431,2024-06-30 21:14:00,Delivered,Bengaluru,Karnataka,South
ORD002604,CUST00046,2024-06-30 21:57:00,Delivered,Jaipur,Rajasthan,North
ORD000212,CUST00172,2024-06-30 22:00:00,Delivered,Noida,Uttar Pradesh,North
ORD000959,CUST00397,2024-06-30 22:38:00,Delivered,Mumbai,Maharashtra,West
ORD001734,CUST00254,2024-07-01 09:09:00,Cancelled,Jaipur,Rajasthan,North
ORD001416,CUST00132,2024-07-01 09:34:00,Returned,Noida,Uttar Pradesh,North
ORD000482,CUST00323,2024-07-01 10:32:00,Delivered,Bhubaneswar,Odisha,East
ORD001915,CUST00289,2024-07-01 10:40:00,Delivered,Kochi,Kerala,South
ORD000930,CUST00052,2024-07-01 17:59:00,Delivered,Kochi,Kerala,South
ORD000313,CUST00175,2024-07-01 18:38:00,Delivered,Nagpur,Maharashtra,West
ORD002304,CUST00286,2024-07-01 21:05:00,Delivered,Gurugram,Haryana,North
ORD002999,CUST00201,2024-07-01 21:27:00,Delivered,Pune,Maharashtra,West
ORD002962,CUST00121,2024-07-02 08:38:00,Delivered,Chennai,Tamil Nadu,South
ORD002324,CUST00416,2024-07-02 11:00:00,Pending,Chandigarh,Punjab,North
ORD002318,CUST00487,2024-07-02 11:11:00,Delivered,Raipur,Chhattisgarh,Central
ORD001675,CUST00195,2024-07-02 12:21:00,Delivered,Pune,Maharashtra,West
ORD002305,CUST00062,2024-07-02 13:54:00,Delivered,Noida,Uttar Pradesh,North
ORD002871,CUST00052,2024-07-02 15:27:00,Returned,Kochi,Kerala,South
ORD001868,CUST00332,2024-07-02 18:58:00,Cancelled,Kochi,Kerala,South
ORD001511,CUST00247,2024-07-02 21:50:00,Delivered,Bengaluru,Karnataka,South
ORD003136,CUST00439,2024-07-03 08:19:00,Cancelled,Hyderabad,Telangana,South
ORD001284,CUST00302,2024-07-03 09:04:00,Delivered,Bhopal,Madhya Pradesh,Central
ORD001063,CUST00199,2024-07-03 10:17:00,Delivered,Chennai,Tamil Nadu,South
ORD002907,CUST00278,2024-07-03 10:18:00,Delivered,Chandigarh,Punjab,North
ORD003039,CUST00015,2024-07-03 13:17:00,Delivered,Mysuru,Karnataka,South
ORD000093,CUST00030,2024-07-03 14:43:00,Delivered,Bengaluru,Karnataka,South
ORD002168,CUST00051,2024-07-04 09:55:00,Delivered,Patna,Bihar,East
ORD000235,CUST00088,2024-07-04 10:01:00,Delivered,Thiruvananthapuram,Kerala,South
ORD002129,CUST00354,2024-07-04 10:16:00,Returned,Noida,Uttar Pradesh,North
ORD001922,CUST00485,2024-07-04 12:23:00,Delivered,Bhubaneswar,Odisha,East
ORD000031,CUST00324,2024-07-04 14:52:00,Cancelled,Ahmedabad,Gujarat,West
ORD000744,CUST00267,2024-07-04 14:55:00,Cancelled,Ahmedabad,Gujarat,West
ORD002227,CUST00431,2024-07-04 18:10:00,Returned,Bengaluru,Karnataka,South
ORD000475,CUST00326,2024-07-04 19:36:00,Delivered,Thiruvananthapuram,Kerala,South
ORD001997,CUST00113,2024-07-04 21:22:00,Delivered,Mumbai,Maharashtra,West
ORD002437,CUST00084,2024-07-05 10:30:00,Pending,Thiruvananthapuram,Kerala,South
ORD001750,CUST00096,2024-07-05 18:45:00,Cancelled,Ahmedabad,Gujarat,West
ORD001090,CUST00291,2024-07-05 20:18:00,Returned,Mysuru,Karnataka,South
ORD000690,CUST00288,2024-07-05 20:45:00,Delivered,Thiruvananthapuram,Kerala,South
ORD000722,CUST00329,2024-07-05 21:01:00,Delivered,Chennai,Tamil Nadu,South
ORD000327,CUST00069,2024-07-06 09:25:00,Cancelled,Chandigarh,Punjab,North
ORD001182,CUST00278,2024-07-06 11:36:00,Pending,Chandigarh,Punjab,North
ORD001985,CUST00113,2024-07-06 12:18:00,Delivered,Mumbai,Maharashtra,West
ORD000127,CUST00331,2024-07-06 14:52:00,Delivered,Lucknow,Uttar Pradesh,North
ORD000805,CUST00295,2024-07-06 14:56:00,Delivered,Noida,Uttar Pradesh,North
ORD000539,CUST00439,2024-07-06 18:03:00,Delivered,Hyderabad,Telangana,South
ORD001651,CUST00158,2024-07-06 18:09:00,Delivered,Pune,Maharashtra,West
ORD000560,CUST00129,2024-07-06 18:21:00,Delivered,Kochi,Kerala,South
ORD001816,CUST00283,2024-07-07 08:17:00,Delivered,Bengaluru,Karnataka,South
ORD002189,CUST00086,2024-07-07 11:46:00,Delivered,Bengaluru,Karnataka,South
ORD000622,CUST00246,2024-07-07 11:58:00,Delivered,Coimbatore,Tamil Nadu,South
ORD002702,CUST00347,2024-07-07 12:20:00,Pending,Nagpur,Maharashtra,West
ORD001051,CUST00088,2024-07-07 13:49:00,Delivered,Thiruvananthapuram,Kerala,South
ORD000312,CUST00472,2024-07-07 14:05:00,Delivered,Mumbai,Maharashtra,West
ORD001466,CUST00246,2024-07-07 14:07:00,Delivered,Coimbatore,Tamil Nadu,South
ORD003002,CUST00135,2024-07-07 14:44:00,Delivered,Delhi,Delhi,North
ORD000704,CUST00494,2024-07-07 16:18:00,Delivered,Kochi,Kerala,South
ORD002598,CUST00392,2024-07-07 16:24:00,Delivered,Ahmedabad,Gujarat,West
ORD000516,CUST00450,2024-07-07 17:58:00,Cancelled,Pune,Maharashtra,West
ORD000461,CUST00101,2024-07-07 19:05:00,Delivered,Chennai,Tamil Nadu,South
ORD003092,CUST00354,2024-07-08 08:00:00,Pending,Noida,Uttar Pradesh,North
ORD000246,CUST00088,2024-07-08 08:24:00,Cancelled,Thiruvananthapuram,Kerala,South
ORD000946,CUST00260,2024-07-08 10:12:00,Delivered,Bhopal,Madhya Pradesh,Central
ORD002345,CUST00399,2024-07-08 13:48:00,Pending,Chennai,Tamil Nadu,South
ORD001696,CUST00273,2024-07-08 14:26:00,Delivered,Thiruvananthapuram,Kerala,South
ORD001185,CUST00144,2024-07-08 15:19:00,Delivered,Delhi,Delhi,North
ORD001871,CUST00138,2024-07-08 15:23:00,Delivered,Bengaluru,Karnataka,South
ORD001789,CUST00363,2024-07-08 16:07:00,Cancelled,Bhubaneswar,Odisha,East
ORD002358,CUST00294,2024-07-08 16:39:00,Delivered,Noida,Uttar Pradesh,North
ORD002804,CUST00143,2024-07-08 21:33:00,Delivered,Kochi,Kerala,South
ORD002829,CUST00032,2024-07-09 09:29:00,Delivered,Bhopal,Madhya Pradesh,Central
ORD002662,CUST00292,2024-07-09 10:51:00,Delivered,Hyderabad,Telangana,South
ORD001517,CUST00260,2024-07-09 11:22:00,Delivered,Bhopal,Madhya Pradesh,Central
ORD001822,CUST00430,2024-07-09 12:05:00,Delivered,Chennai,Tamil Nadu,South
ORD001232,CUST00293,2024-07-09 13:05:00,Delivered,Delhi,Delhi,North
ORD000976,CUST00138,2024-07-09 16:54:00,Returned,Bengaluru,Karnataka,South
ORD002170,CUST00283,2024-07-09 17:43:00,Cancelled,Bengaluru,Karnataka,South
ORD001853,CUST00191,2024-07-09 18:16:00,Pending,Gurugram,Haryana,North
ORD001606,CUST00321,2024-07-09 19:38:00,Delivered,Bhubaneswar,Odisha,East
ORD001907,CUST00466,2024-07-09 20:26:00,Delivered,Coimbatore,Tamil Nadu,South
ORD001325,CUST00260,2024-07-10 08:07:00,Delivered,Bhopal,Madhya Pradesh,Central
ORD000114,CUST00202,2024-07-10 10:48:00,Delivered,Kochi,Kerala,South
ORD000414,CUST00026,2024-07-10 12:13:00,Pending,Ahmedabad,Gujarat,West
ORD002032,CUST00036,2024-07-10 18:34:00,Delivered,Pune,Maharashtra,West
ORD002784,CUST00205,2024-07-10 22:22:00,Delivered,Kochi,Kerala,South
ORD000257,CUST00027,2024-07-11 08:20:00,Returned,Lucknow,Uttar Pradesh,North
ORD002321,CUST00228,2024-07-11 09:21:00,Cancelled,Kochi,Kerala,South
ORD002391,CUST00270,2024-07-11 10:18:00,Delivered,Noida,Uttar Pradesh,North
ORD000613,CUST00055,2024-07-11 12:53:00,Delivered,Kochi,Kerala,South
ORD003062,CUST00052,2024-07-11 13:42:00,Delivered,Kochi,Kerala,South
ORD002173,CUST00146,2024-07-11 13:55:00,Delivered,Guwahati,Assam,East
ORD001624,CUST00458,2024-07-11 15:03:00,Delivered,Mysuru,Karnataka,South
ORD002122,CUST00138,2024-07-11 17:10:00,Delivered,Bengaluru,Karnataka,South
ORD001430,CUST00059,2024-07-11 21:44:00,Delivered,Mumbai,Maharashtra,West
ORD000625,CUST00113,2024-07-11 22:49:00,Returned,Mumbai,Maharashtra,West
ORD000626,CUST00143,2024-07-12 12:08:00,Delivered,Kochi,Kerala,South
ORD000752,CUST00113,2024-07-12 13:23:00,Delivered,Mumbai,Maharashtra,West
ORD002341,CUST00057,2024-07-12 14:47:00,Delivered,Surat,Gujarat,West
ORD002475,CUST00340,2024-07-12 16:59:00,Delivered,Kochi,Kerala,South
ORD000537,CUST00465,2024-07-12 19:41:00,Delivered,Pune,Maharashtra,West
ORD002585,CUST00285,2024-07-12 21:34:00,Delivered,Mumbai,Maharashtra,West
ORD001850,CUST00451,2024-07-13 10:46:00,Delivered,Ahmedabad,Gujarat,West
ORD000733,CUST00019,2024-07-13 12:13:00,Delivered,Mumbai,Maharashtra,West
ORD001373,CUST00095,2024-07-13 15:22:00,Delivered,Mumbai,Maharashtra,West
ORD001461,CUST00172,2024-07-13 15:43:00,Delivered,Kolkata,West Bengal,East
ORD001519,CUST00428,2024-07-13 16:20:00,Delivered,Mumbai,Maharashtra,West
ORD002770,CUST00485,2024-07-13 17:50:00,Delivered,Bhubaneswar,Odisha,East
ORD003191,CUST00088,2024-07-13 18:25:00,Delivered,Thiruvananthapuram,Kerala,South
ORD002579,CUST00093,2024-07-13 20:10:00,Returned,Ahmedabad,Gujarat,West
ORD001076,CUST00167,2024-07-13 21:06:00,Delivered,Bhubaneswar,Odisha,East
ORD002167,CUST00306,2024-07-13 22:59:00,Delivered,Mysuru,Karnataka,South
ORD002193,CUST00167,2024-07-14 11:59:00,Returned,Bhubaneswar,Odisha,East
ORD000517,CUST00179,2024-07-14 12:25:00,Delivered,Hyderabad,Telangana,South
ORD001573,CUST00008,2024-07-14 14:38:00,Pending,Ahmedabad,Gujarat,West
ORD001804,CUST00017,2024-07-14 15:48:00,Delivered,Coimbatore,Tamil Nadu,South
ORD001522,CUST00353,2024-07-14 18:45:00,Delivered,Delhi,Delhi,North
ORD003070,CUST00008,2024-07-14 19:14:00,Delivered,Ahmedabad,Gujarat,West
ORD001363,CUST00449,2024-07-15 10:34:00,Delivered,Noida,Uttar Pradesh,North
ORD002418,CUST00447,2024-07-15 12:13:00,Returned,Kochi,Kerala,South
ORD000615,CUST00320,2024-07-15 13:49:00,Delivered,Lucknow,Uttar Pradesh,North
ORD000161,CUST00441,2024-07-15 19:25:00,Delivered,Chandigarh,Punjab,North
ORD002383,CUST00022,2024-07-15 19:30:00,Pending,Bengaluru,Karnataka,South
ORD003169,CUST00080,2024-07-15 22:12:00,Delivered,Ahmedabad,Gujarat,West
ORD001075,CUST00143,2024-07-16 12:49:00,Delivered,Kochi,Kerala,South
ORD002768,CUST00497,2024-07-16 17:33:00,Cancelled,Surat,Gujarat,West
ORD000146,CUST00463,2024-07-16 19:51:00,Delivered,Mumbai,Maharashtra,West
ORD000925,CUST00148,2024-07-16 20:19:00,Delivered,Ahmedabad,Gujarat,West
ORD001541,CUST00149,2024-07-16 22:05:00,Delivered,Bengaluru,Karnataka,South
ORD000643,CUST00487,2024-07-17 13:52:00,Delivered,Raipur,Chhattisgarh,Central
ORD000841,CUST00230,2024-07-17 17:21:00,Pending,Kochi,Kerala,South
ORD001894,CUST00022,2024-07-18 09:01:00,Delivered,Bengaluru,Karnataka,South
ORD002098,CUST00430,2024-07-18 09:12:00,Delivered,Chennai,Tamil Nadu,South
ORD000152,CUST00338,2024-07-18 19:09:00,Delivered,Chennai,Tamil Nadu,South
ORD000901,CUST00353,2024-07-18 21:58:00,Delivered,Delhi,Delhi,North
ORD002896,CUST00462,2024-07-19 11:34:00,Returned,Thiruvananthapuram,Kerala,South
ORD003187,CUST00045,2024-07-19 11:41:00,Returned,Bengaluru,Karnataka,South
ORD001807,CUST00355,2024-07-19 14:14:00,Delivered,Chandigarh,Punjab,North
ORD000085,CUST00492,2024-07-19 16:24:00,Delivered,Ahmedabad,Gujarat,West
ORD002236,CUST00012,2024-07-19 17:27:00,Delivered,Noida,Uttar Pradesh,North
ORD001865,CUST00080,2024-07-19 20:44:00,Delivered,Ahmedabad,Gujarat,West
ORD000670,CUST00184,2024-07-20 09:30:00,Cancelled,Jaipur,Rajasthan,North
ORD002968,CUST00273,2024-07-20 14:57:00,Cancelled,Thiruvananthapuram,Kerala,South
ORD000186,CUST00252,2024-07-20 19:49:00,Delivered,Surat,Gujarat,West
ORD003043,CUST00189,2024-07-20 21:35:00,Cancelled,Guwahati,Assam,East
ORD002690,CUST00331,2024-07-20 21:44:00,Pending,Lucknow,Uttar Pradesh,North
ORD000187,CUST00292,2024-07-21 09:49:00,Delivered,Hyderabad,Telangana,South
ORD002941,CUST00027,2024-07-21 11:08:00,Delivered,Lucknow,Uttar Pradesh,North
ORD001069,CUST00414,2024-07-21 13:28:00,Delivered,Bhubaneswar,Odisha,East
ORD000443,CUST00218,2024-07-21 17:07:00,Delivered,Bengaluru,Karnataka,South
ORD000473,CUST00195,2024-07-21 18:20:00,Delivered,Pune,Maharashtra,West
ORD002276,CUST00448,2024-07-21 18:46:00,Delivered,Coimbatore,Tamil Nadu,South
ORD001739,CUST00246,2024-07-21 19:48:00,Delivered,Coimbatore,Tamil Nadu,South
ORD000617,CUST00385,2024-07-21 21:17:00,Delivered,Surat,Gujarat,West
ORD000467,CUST00468,2024-07-21 22:37:00,Delivered,Gurugram,Haryana,North
ORD000510,CUST00340,2024-07-22 08:33:00,Pending,Bhubaneswar,Odisha,East
ORD000664,CUST00120,2024-07-22 09:14:00,Delivered,Coimbatore,Tamil Nadu,South
ORD001417,CUST00022,2024-07-22 10:00:00,Delivered,Bengaluru,Karnataka,South
ORD001633,CUST00103,2024-07-22 17:13:00,Returned,Delhi,Delhi,North
ORD000896,CUST00078,2024-07-22 17:15:00,Delivered,Mysuru,Karnataka,South
ORD002245,CUST00035,2024-07-22 17:36:00,Returned,Hyderabad,Telangana,South
ORD002015,CUST00232,2024-07-22 19:04:00,Delivered,Thiruvananthapuram,Kerala,South
ORD001024,CUST00450,2024-07-22 21:38:00,Delivered,Pune,Maharashtra,West
ORD002864,CUST00018,2024-07-23 08:51:00,Delivered,Jaipur,Rajasthan,North
ORD000929,CUST00386,2024-07-23 09:07:00,Pending,Chennai,Tamil Nadu,South
ORD002378,CUST00017,2024-07-23 09:56:00,Delivered,Coimbatore,Tamil Nadu,South
ORD002047,CUST00455,2024-07-23 10:53:00,Delivered,Delhi,Delhi,North
ORD001912,CUST00078,2024-07-23 13:37:00,Delivered,Mysuru,Karnataka,South
ORD001040,CUST00356,2024-07-23 17:39:00,Delivered,Bhubaneswar,Odisha,East
ORD002434,CUST00335,2024-07-23 18:38:00,Delivered,Surat,Gujarat,West
ORD003067,CUST00226,2024-07-23 20:20:00,Delivered,Pune,Maharashtra,West
ORD002834,CUST00045,2024-07-24 13:08:00,Delivered,Bengaluru,Karnataka,South
ORD000978,CUST00228,2024-07-24 15:30:00,Delivered,Kochi,Kerala,South
ORD000739,CUST00052,2024-07-24 15:57:00,Returned,Kochi,Kerala,South
ORD000696,CUST00474,2024-07-24 18:00:00,Delivered,Kochi,Kerala,South
ORD001609,CUST00239,2024-07-24 18:51:00,Returned,Hyderabad,Telangana,South
ORD003030,CUST00080,2024-07-25 08:23:00,Delivered,Ahmedabad,Gujarat,West
ORD002056,CUST00329,2024-07-25 08:38:00,Delivered,Bhubaneswar,Odisha,East
ORD001528,CUST00287,2024-07-25 10:15:00,Delivered,Nagpur,Maharashtra,West
ORD002550,CUST00487,2024-07-25 11:25:00,Delivered,Jaipur,Rajasthan,North
ORD000642,CUST00095,2024-07-25 14:58:00,Delivered,Mumbai,Maharashtra,West
ORD001337,CUST00159,2024-07-25 15:39:00,Delivered,Ahmedabad,Gujarat,West
ORD001092,CUST00278,2024-07-25 16:28:00,Delivered,Chandigarh,Punjab,North
ORD001740,CUST00249,2024-07-25 18:15:00,Delivered,Thiruvananthapuram,Kerala,South
ORD002572,CUST00121,2024-07-25 19:46:00,Delivered,Pune,Maharashtra,West
ORD002498,CUST00055,2024-07-25 21:44:00,Delivered,Kochi,Kerala,South
ORD001720,CUST00049,2024-07-25 21:57:00,Delivered,Bengaluru,Karnataka,South
ORD000679,CUST00150,2024-07-25 22:34:00,Delivered,Coimbatore,Tamil Nadu,South
ORD001558,CUST00452,2024-07-25 22:38:00,Delivered,Bengaluru,Karnataka,South
ORD000576,CUST00045,2024-07-25 22:47:00,Pending,Bengaluru,Karnataka,South
ORD000015,CUST00017,2024-07-26 12:28:00,Delivered,Coimbatore,Tamil Nadu,South
ORD001460,CUST00259,2024-07-26 13:11:00,Delivered,Jaipur,Rajasthan,North
ORD002133,CUST00311,2024-07-26 14:25:00,Cancelled,Nagpur,Maharashtra,West
ORD001800,CUST00051,2024-07-26 14:30:00,Returned,Patna,Bihar,East
ORD002231,CUST00052,2024-07-26 17:06:00,Cancelled,Kochi,Kerala,South
ORD001956,CUST00199,2024-07-26 20:17:00,Delivered,Chennai,Tamil Nadu,South
ORD001521,CUST00440,2024-07-26 20:35:00,Delivered,Surat,Gujarat,West
ORD001299,CUST00318,2024-07-26 22:10:00,Returned,Coimbatore,Tamil Nadu,South
ORD002456,CUST00143,2024-07-26 22:16:00,Cancelled,Kochi,Kerala,South
ORD001901,CUST00227,2024-07-27 09:03:00,Delivered,Gurugram,Haryana,North
ORD002680,CUST00140,2024-07-27 14:02:00,Delivered,Pune,Maharashtra,West
ORD002988,CUST00014,2024-07-27 15:50:00,Delivered,Bengaluru,Karnataka,South
ORD001833,CUST00026,2024-07-27 16:26:00,Delivered,Ahmedabad,Gujarat,West
ORD000705,CUST00132,2024-07-27 17:32:00,Delivered,Noida,Uttar Pradesh,North
ORD002083,CUST00259,2024-07-27 17:48:00,Delivered,Jaipur,Rajasthan,North
ORD000856,CUST00429,2024-07-27 17:54:00,Delivered,Mysuru,Karnataka,South
ORD000262,CUST00189,2024-07-27 20:58:00,Pending,Mumbai,Maharashtra,West
ORD000785,CUST00231,2024-07-28 08:49:00,Delivered,Patna,Bihar,East
ORD000770,CUST00180,2024-07-28 13:43:00,Delivered,Kochi,Kerala,South
ORD001167,CUST00382,2024-07-28 19:50:00,Returned,Raipur,Chhattisgarh,Central
ORD002201,CUST00029,2024-07-28 21:20:00,Delivered,Delhi,Delhi,North
ORD001407,CUST00393,2024-07-29 08:09:00,Delivered,Chennai,Tamil Nadu,South
ORD002796,CUST00477,2024-07-29 13:27:00,Delivered,Jaipur,Rajasthan,North
ORD000329,CUST00396,2024-07-29 18:39:00,Delivered,Surat,Gujarat,West
ORD001286,CUST00121,2024-07-29 19:43:00,Delivered,Chennai,Tamil Nadu,South
ORD002405,CUST00110,2024-07-29 20:03:00,Cancelled,Mumbai,Maharashtra,West
ORD002996,CUST00148,2024-07-30 08:10:00,Delivered,Ahmedabad,Gujarat,West
ORD000876,CUST00179,2024-07-30 11:33:00,Cancelled,Hyderabad,Telangana,South
ORD002220,CUST00153,2024-07-30 16:25:00,Delivered,Jaipur,Rajasthan,North
ORD000882,CUST00243,2024-07-30 18:10:00,Delivered,Surat,Gujarat,West
ORD001371,CUST00393,2024-07-31 10:43:00,Delivered,Chennai,Tamil Nadu,South
ORD000766,CUST00343,2024-07-31 20:16:00,Delivered,Lucknow,Uttar Pradesh,North
ORD001500,CUST00018,2024-08-01 09:58:00,Cancelled,Mumbai,Maharashtra,West
ORD000188,CUST00150,2024-08-01 14:17:00,Delivered,Coimbatore,Tamil Nadu,South
ORD002692,CUST00476,2024-08-01 20:23:00,Delivered,Chennai,Tamil Nadu,South
ORD001178,CUST00486,2024-08-01 21:02:00,Delivered,Chandigarh,Punjab,North
ORD001437,CUST00376,2024-08-02 08:04:00,Delivered,Ahmedabad,Gujarat,West
ORD000688,CUST00137,2024-08-02 15:11:00,Delivered,Nagpur,Maharashtra,West
ORD002800,CUST00253,2024-08-02 17:32:00,Delivered,Lucknow,Uttar Pradesh,North
ORD001369,CUST00042,2024-08-02 17:46:00,Delivered,Chandigarh,Punjab,North
ORD000601,CUST00189,2024-08-02 18:51:00,Returned,Guwahati,Assam,East
ORD001772,CUST00242,2024-08-02 20:47:00,Returned,Nagpur,Maharashtra,West
ORD003006,CUST00136,2024-08-02 22:22:00,Delivered,Mysuru,Karnataka,South
ORD001599,CUST00055,2024-08-03 12:46:00,Cancelled,Kochi,Kerala,South
ORD000728,CUST00416,2024-08-03 13:04:00,Delivered,Chandigarh,Punjab,North
ORD000956,CUST00092,2024-08-03 14:33:00,Cancelled,Hyderabad,Telangana,South
ORD003174,CUST00302,2024-08-03 17:17:00,Delivered,Bhopal,Madhya Pradesh,Central
ORD003085,CUST00132,2024-08-03 20:31:00,Delivered,Noida,Uttar Pradesh,North
ORD000975,CUST00032,2024-08-04 09:44:00,Pending,Bhopal,Madhya Pradesh,Central
ORD002092,CUST00244,2024-08-04 11:54:00,Pending,Coimbatore,Tamil Nadu,South
ORD000325,CUST00398,2024-08-04 14:34:00,Cancelled,Nagpur,Maharashtra,West
ORD001103,CUST00220,2024-08-04 15:30:00,Delivered,Coimbatore,Tamil Nadu,South
ORD002675,CUST00375,2024-08-05 12:26:00,Delivered,Nagpur,Maharashtra,West
ORD001507,CUST00229,2024-08-05 15:06:00,Cancelled,Kolkata,West Bengal,East
ORD001934,CUST00161,2024-08-05 15:47:00,Pending,Chennai,Tamil Nadu,South
ORD002833,CUST00243,2024-08-05 17:28:00,Delivered,Surat,Gujarat,West
ORD000546,CUST00067,2024-08-05 20:46:00,Delivered,Delhi,Delhi,North
ORD000012,CUST00322,2024-08-06 09:17:00,Delivered,Guwahati,Assam,East
ORD002421,CUST00184,2024-08-06 10:57:00,Delivered,Jaipur,Rajasthan,North
ORD001570,CUST00138,2024-08-06 14:59:00,Delivered,Bengaluru,Karnataka,South
ORD001613,CUST00172,2024-08-06 16:02:00,Returned,Kolkata,West Bengal,East
ORD002454,CUST00412,2024-08-06 17:52:00,Delivered,Lucknow,Uttar Pradesh,North
ORD000676,CUST00483,2024-08-06 22:48:00,Cancelled,Lucknow,Uttar Pradesh,North
ORD001830,CUST00367,2024-08-07 11:48:00,Returned,Mysuru,Karnataka,South
ORD001019,CUST00264,2024-08-07 15:05:00,Returned,Noida,Uttar Pradesh,North
ORD001134,CUST00445,2024-08-07 21:18:00,Delivered,Coimbatore,Tamil Nadu,South
ORD000367,CUST00370,2024-08-07 21:30:00,Returned,Mumbai,Maharashtra,West
ORD002003,CUST00173,2024-08-07 22:38:00,Returned,Pune,Maharashtra,West
ORD002763,CUST00431,2024-08-08 12:56:00,Returned,Bengaluru,Karnataka,South
ORD002715,CUST00492,2024-08-08 20:25:00,Delivered,Hyderabad,Telangana,South
ORD000812,CUST00010,2024-08-08 21:04:00,Delivered,Gurugram,Haryana,North
ORD002652,CUST00049,2024-08-09 09:37:00,Pending,Lucknow,Uttar Pradesh,North
ORD002021,CUST00239,2024-08-09 10:28:00,Delivered,Hyderabad,Telangana,South
ORD000561,CUST00497,2024-08-09 11:48:00,Returned,Surat,Gujarat,West
ORD000945,CUST00316,2024-08-09 13:31:00,Returned,Nagpur,Maharashtra,West
ORD001780,CUST00278,2024-08-09 14:05:00,Delivered,Noida,Uttar Pradesh,North
ORD000285,CUST00129,2024-08-09 19:36:00,Delivered,Kochi,Kerala,South
ORD000103,CUST00045,2024-08-09 21:41:00,Pending,Bengaluru,Karnataka,South
ORD001634,CUST00427,2024-08-10 08:33:00,Pending,Surat,Gujarat,West
ORD003154,CUST00243,2024-08-10 10:30:00,Delivered,Surat,Gujarat,West
ORD001983,CUST00221,2024-08-10 10:54:00,Pending,Mysuru,Karnataka,South
ORD000229,CUST00306,2024-08-10 11:28:00,Delivered,Chennai,Tamil Nadu,South
ORD001355,CUST00111,2024-08-10 12:29:00,Delivered,Bhubaneswar,Odisha,East
ORD002290,CUST00273,2024-08-10 19:36:00,Delivered,Thiruvananthapuram,Kerala,South
ORD002573,CUST00138,2024-08-10 22:29:00,Delivered,Bengaluru,Karnataka,South
ORD001875,CUST00132,2024-08-11 10:35:00,Delivered,Noida,Uttar Pradesh,North
ORD001484,CUST00060,2024-08-11 14:28:00,Delivered,Kochi,Kerala,South
ORD001910,CUST00300,2024-08-11 17:06:00,Delivered,Delhi,Delhi,North
ORD002771,CUST00007,2024-08-12 08:31:00,Cancelled,Ahmedabad,Gujarat,West
ORD001190,CUST00039,2024-08-12 13:33:00,Cancelled,Gurugram,Haryana,North
ORD000172,CUST00246,2024-08-12 14:44:00,Delivered,Coimbatore,Tamil Nadu,South
ORD000167,CUST00293,2024-08-12 18:11:00,Pending,Delhi,Delhi,North
ORD000149,CUST00073,2024-08-12 18:43:00,Delivered,Pune,Maharashtra,West
ORD000470,CUST00189,2024-08-12 18:56:00,Pending,Guwahati,Assam,East
ORD001529,CUST00199,2024-08-12 20:19:00,Delivered,Chennai,Tamil Nadu,South
ORD000680,CUST00177,2024-08-13 08:45:00,Pending,Hyderabad,Telangana,South
ORD000050,CUST00173,2024-08-13 09:06:00,Pending,Pune,Maharashtra,West
ORD002461,CUST00309,2024-08-13 12:09:00,Delivered,Gurugram,Haryana,North
ORD003128,CUST00415,2024-08-13 13:39:00,Delivered,Thiruvananthapuram,Kerala,South
ORD000519,CUST00291,2024-08-13 17:44:00,Pending,Mysuru,Karnataka,South
ORD002053,CUST00330,2024-08-13 19:03:00,Returned,Bengaluru,Karnataka,South
ORD001434,CUST00243,2024-08-13 20:27:00,Delivered,Surat,Gujarat,West
ORD002178,CUST00025,2024-08-13 21:44:00,Delivered,Pune,Maharashtra,West
ORD000723,CUST00207,2024-08-14 09:24:00,Returned,Hyderabad,Telangana,South
ORD001685,CUST00161,2024-08-14 09:52:00,Delivered,Chennai,Tamil Nadu,South
ORD002842,CUST00450,2024-08-14 09:58:00,Cancelled,Pune,Maharashtra,West
ORD000928,CUST00145,2024-08-14 13:09:00,Pending,Mumbai,Maharashtra,West
ORD002301,CUST00126,2024-08-14 13:51:00,Delivered,Gurugram,Haryana,North
ORD000433,CUST00202,2024-08-14 14:56:00,Returned,Kochi,Kerala,South
ORD003104,CUST00356,2024-08-14 15:14:00,Returned,Bhubaneswar,Odisha,East
ORD002376,CUST00470,2024-08-14 17:33:00,Returned,Chennai,Tamil Nadu,South
ORD001279,CUST00393,2024-08-14 18:59:00,Delivered,Nagpur,Maharashtra,West
ORD002921,CUST00287,2024-08-14 20:09:00,Delivered,Nagpur,Maharashtra,West
ORD000984,CUST00095,2024-08-15 13:55:00,Delivered,Mumbai,Maharashtra,West
ORD001158,CUST00109,2024-08-15 15:33:00,Delivered,Delhi,Delhi,North
ORD001031,CUST00199,2024-08-15 22:24:00,Delivered,Chennai,Tamil Nadu,South
ORD000316,CUST00044,2024-08-16 14:30:00,Delivered,Mysuru,Karnataka,South
ORD001348,CUST00279,2024-08-16 16:41:00,Delivered,Chandigarh,Punjab,North
ORD003151,CUST00138,2024-08-16 18:58:00,Delivered,Bengaluru,Karnataka,South
ORD001414,CUST00192,2024-08-16 21:20:00,Cancelled,Gurugram,Haryana,North
ORD002267,CUST00005,2024-08-17 16:13:00,Cancelled,Mumbai,Maharashtra,West
ORD001578,CUST00386,2024-08-17 17:05:00,Delivered,Ahmedabad,Gujarat,West
ORD001131,CUST00225,2024-08-17 18:19:00,Delivered,Mysuru,Karnataka,South
ORD001543,CUST00138,2024-08-17 18:42:00,Delivered,Bengaluru,Karnataka,South
ORD000289,CUST00416,2024-08-17 19:04:00,Delivered,Chandigarh,Punjab,North
ORD002712,CUST00267,2024-08-18 10:54:00,Delivered,Ahmedabad,Gujarat,West
ORD001202,CUST00381,2024-08-18 11:02:00,Delivered,Pune,Maharashtra,West
ORD002351,CUST00290,2024-08-18 14:38:00,Pending,Hyderabad,Telangana,South
ORD001593,CUST00271,2024-08-18 16:27:00,Pending,Mumbai,Maharashtra,West
ORD000514,CUST00073,2024-08-18 18:38:00,Returned,Surat,Gujarat,West
ORD002655,CUST00175,2024-08-18 19:17:00,Delivered,Nagpur,Maharashtra,West
ORD000738,CUST00030,2024-08-18 21:30:00,Delivered,Bengaluru,Karnataka,South
ORD002742,CUST00409,2024-08-18 22:29:00,Delivered,Delhi,Delhi,North
ORD000183,CUST00347,2024-08-19 10:44:00,Delivered,Nagpur,Maharashtra,West
ORD000806,CUST00036,2024-08-19 11:10:00,Cancelled,Pune,Maharashtra,West
ORD001508,CUST00319,2024-08-19 13:31:00,Delivered,Chandigarh,Punjab,North
ORD003036,CUST00428,2024-08-19 19:42:00,Delivered,Mumbai,Maharashtra,West
ORD000448,CUST00045,2024-08-19 19:59:00,Delivered,Bengaluru,Karnataka,South
ORD002750,CUST00332,2024-08-19 20:09:00,Pending,Kochi,Kerala,South
ORD001620,CUST00267,2024-08-20 12:39:00,Pending,Ahmedabad,Gujarat,West
ORD002171,CUST00200,2024-08-20 16:26:00,Cancelled,Nagpur,Maharashtra,West
ORD000389,CUST00132,2024-08-20 20:51:00,Returned,Noida,Uttar Pradesh,North
ORD001421,CUST00356,2024-08-20 20:57:00,Delivered,Bhubaneswar,Odisha,East
ORD000362,CUST00394,2024-08-21 11:02:00,Delivered,Coimbatore,Tamil Nadu,South
ORD001349,CUST00351,2024-08-21 13:41:00,Cancelled,Coimbatore,Tamil Nadu,South
ORD002184,CUST00492,2024-08-21 15:07:00,Delivered,Ahmedabad,Gujarat,West
ORD002825,CUST00132,2024-08-21 16:47:00,Cancelled,Noida,Uttar Pradesh,North
ORD000349,CUST00480,2024-08-21 22:23:00,Delivered,Delhi,Delhi,North
ORD000748,CUST00149,2024-08-22 13:39:00,Delivered,Bengaluru,Karnataka,South
ORD002794,CUST00348,2024-08-22 16:28:00,Cancelled,Thiruvananthapuram,Kerala,South
ORD000084,CUST00247,2024-08-23 09:11:00,Delivered,Bengaluru,Karnataka,South
ORD000950,CUST00018,2024-08-23 13:43:00,Delivered,Jaipur,Rajasthan,North
ORD000168,CUST00331,2024-08-23 20:04:00,Delivered,Lucknow,Uttar Pradesh,North
ORD002687,CUST00192,2024-08-24 09:53:00,Delivered,Gurugram,Haryana,North
ORD000969,CUST00395,2024-08-24 12:28:00,Pending,Mumbai,Maharashtra,West
ORD002547,CUST00393,2024-08-24 15:29:00,Cancelled,Chennai,Tamil Nadu,South
ORD002772,CUST00498,2024-08-24 18:09:00,Delivered,Bengaluru,Karnataka,South
ORD000838,CUST00423,2024-08-25 08:37:00,Cancelled,Mumbai,Maharashtra,West
ORD001265,CUST00140,2024-08-25 09:45:00,Cancelled,Pune,Maharashtra,West
ORD001030,CUST00424,2024-08-25 09:49:00,Delivered,Kolkata,West Bengal,East
ORD003112,CUST00199,2024-08-25 20:31:00,Delivered,Chennai,Tamil Nadu,South
ORD000483,CUST00179,2024-08-25 21:10:00,Delivered,Hyderabad,Telangana,South
ORD000356,CUST00105,2024-08-25 21:26:00,Pending,Thiruvananthapuram,Kerala,South
ORD001779,CUST00146,2024-08-26 09:09:00,Cancelled,Guwahati,Assam,East
ORD001165,CUST00132,2024-08-26 13:51:00,Delivered,Noida,Uttar Pradesh,North
ORD001099,CUST00138,2024-08-26 16:05:00,Pending,Bengaluru,Karnataka,South
ORD001340,CUST00303,2024-08-26 22:11:00,Delivered,Indore,Madhya Pradesh,Central
ORD000734,CUST00018,2024-08-27 11:53:00,Returned,Jaipur,Rajasthan,North
ORD002710,CUST00472,2024-08-27 20:33:00,Delivered,Mumbai,Maharashtra,West
ORD002282,CUST00330,2024-08-28 16:07:00,Cancelled,Bengaluru,Karnataka,South
ORD001989,CUST00017,2024-08-28 19:47:00,Delivered,Coimbatore,Tamil Nadu,South
ORD000863,CUST00261,2024-08-29 08:12:00,Delivered,Chennai,Tamil Nadu,South
ORD002805,CUST00106,2024-08-29 09:03:00,Delivered,Chennai,Tamil Nadu,South
ORD002614,CUST00029,2024-08-29 09:45:00,Delivered,Delhi,Delhi,North
ORD002146,CUST00363,2024-08-29 10:11:00,Delivered,Bhubaneswar,Odisha,East
ORD000111,CUST00416,2024-08-29 12:38:00,Delivered,Chandigarh,Punjab,North
ORD001768,CUST00293,2024-08-29 13:16:00,Returned,Delhi,Delhi,North
ORD001327,CUST00088,2024-08-29 18:35:00,Cancelled,Ahmedabad,Gujarat,West
ORD003164,CUST00406,2024-08-29 19:50:00,Delivered,Pune,Maharashtra,West
ORD000655,CUST00218,2024-08-30 10:16:00,Delivered,Bengaluru,Karnataka,South
ORD000427,CUST00129,2024-08-30 13:27:00,Cancelled,Kochi,Kerala,South
ORD001671,CUST00079,2024-08-30 15:11:00,Delivered,Chennai,Tamil Nadu,South
ORD002520,CUST00033,2024-08-30 20:45:00,Delivered,Mumbai,Maharashtra,West
ORD000931,CUST00455,2024-08-30 21:18:00,Delivered,Delhi,Delhi,North
ORD001320,CUST00264,2024-08-31 08:18:00,Delivered,Noida,Uttar Pradesh,North
ORD002569,CUST00027,2024-08-31 08:35:00,Returned,Lucknow,Uttar Pradesh,North
ORD002274,CUST00029,2024-08-31 09:16:00,Cancelled,Delhi,Delhi,North
ORD001227,CUST00145,2024-08-31 09:34:00,Delivered,Gurugram,Haryana,North
ORD002043,CUST00189,2024-08-31 10:20:00,Cancelled,Guwahati,Assam,East
ORD001046,CUST00286,2024-08-31 11:51:00,Returned,Gurugram,Haryana,North
ORD001155,CUST00138,2024-08-31 13:07:00,Returned,Bengaluru,Karnataka,South
ORD001995,CUST00131,2024-08-31 17:55:00,Delivered,Thiruvananthapuram,Kerala,South
ORD001928,CUST00202,2024-08-31 19:29:00,Returned,Kochi,Kerala,South
ORD001728,CUST00453,2024-08-31 20:07:00,Delivered,Kochi,Kerala,South
ORD000163,CUST00242,2024-09-01 09:15:00,Delivered,Nagpur,Maharashtra,West
ORD001979,CUST00017,2024-09-01 09:23:00,Delivered,Coimbatore,Tamil Nadu,South
ORD003131,CUST00195,2024-09-01 13:33:00,Returned,Pune,Maharashtra,West
ORD002196,CUST00217,2024-09-01 14:41:00,Cancelled,Pune,Maharashtra,West
ORD001665,CUST00032,2024-09-01 16:27:00,Delivered,Bhopal,Madhya Pradesh,Central
ORD002409,CUST00492,2024-09-01 22:35:00,Delivered,Ahmedabad,Gujarat,West
ORD001065,CUST00113,2024-09-02 17:38:00,Delivered,Mumbai,Maharashtra,West
ORD000224,CUST00080,2024-09-02 19:20:00,Delivered,Ahmedabad,Gujarat,West
ORD001560,CUST00032,2024-09-02 20:42:00,Delivered,Bhopal,Madhya Pradesh,Central
ORD002190,CUST00351,2024-09-02 22:42:00,Delivered,Coimbatore,Tamil Nadu,South
ORD000348,CUST00052,2024-09-03 08:47:00,Delivered,Kochi,Kerala,South
ORD000303,CUST00446,2024-09-03 09:35:00,Delivered,Jaipur,Rajasthan,North
ORD001033,CUST00307,2024-09-03 10:07:00,Cancelled,Mysuru,Karnataka,South
ORD001905,CUST00399,2024-09-03 18:03:00,Delivered,Surat,Gujarat,West
ORD002357,CUST00448,2024-09-03 19:50:00,Delivered,Coimbatore,Tamil Nadu,South
ORD000964,CUST00055,2024-09-03 20:09:00,Cancelled,Kochi,Kerala,South
ORD003153,CUST00253,2024-09-04 09:59:00,Returned,Lucknow,Uttar Pradesh,North
ORD001239,CUST00029,2024-09-04 11:31:00,Delivered,Noida,Uttar Pradesh,North
ORD000835,CUST00128,2024-09-04 11:40:00,Delivered,Kolkata,West Bengal,East
ORD001708,CUST00180,2024-09-04 13:58:00,Returned,Kochi,Kerala,South
ORD000079,CUST00306,2024-09-04 14:39:00,Delivered,Chennai,Tamil Nadu,South
ORD001974,CUST00221,2024-09-04 15:20:00,Delivered,Mysuru,Karnataka,South
ORD000121,CUST00039,2024-09-04 20:05:00,Delivered,Gurugram,Haryana,North
ORD000939,CUST00447,2024-09-04 20:44:00,Returned,Kochi,Kerala,South
ORD001946,CUST00494,2024-09-05 09:21:00,Delivered,Indore,Madhya Pradesh,Central
ORD001805,CUST00356,2024-09-05 10:55:00,Pending,Bhubaneswar,Odisha,East
ORD003040,CUST00129,2024-09-05 16:43:00,Pending,Surat,Gujarat,West
ORD002620,CUST00017,2024-09-05 16:58:00,Delivered,Coimbatore,Tamil Nadu,South
ORD002465,CUST00351,2024-09-05 20:41:00,Delivered,Coimbatore,Tamil Nadu,South
ORD003126,CUST00441,2024-09-06 08:18:00,Delivered,Chandigarh,Punjab,North
ORD000724,CUST00087,2024-09-06 11:43:00,Cancelled,Pune,Maharashtra,West
ORD000568,CUST00427,2024-09-06 16:52:00,Pending,Surat,Gujarat,West
ORD000231,CUST00129,2024-09-06 18:19:00,Cancelled,Kochi,Kerala,South
ORD000105,CUST00444,2024-09-06 21:52:00,Delivered,Pune,Maharashtra,West
ORD002789,CUST00254,2024-09-07 10:43:00,Pending,Jaipur,Rajasthan,North
ORD002951,CUST00120,2024-09-07 11:26:00,Delivered,Coimbatore,Tamil Nadu,South
ORD001105,CUST00054,2024-09-07 13:25:00,Delivered,Ahmedabad,Gujarat,West
ORD001702,CUST00444,2024-09-07 13:35:00,Delivered,Pune,Maharashtra,West
ORD002993,CUST00354,2024-09-07 14:26:00,Delivered,Noida,Uttar Pradesh,North
ORD001150,CUST00441,2024-09-07 15:24:00,Delivered,Chandigarh,Punjab,North
ORD001007,CUST00260,2024-09-07 16:45:00,Delivered,Bhopal,Madhya Pradesh,Central
ORD001449,CUST00231,2024-09-07 17:11:00,Delivered,Patna,Bihar,East
ORD002583,CUST00249,2024-09-07 21:07:00,Cancelled,Thiruvananthapuram,Kerala,South
ORD000892,CUST00021,2024-09-07 21:44:00,Delivered,Gurugram,Haryana,North
ORD001015,CUST00052,2024-09-08 08:39:00,Pending,Kochi,Kerala,South
ORD000089,CUST00126,2024-09-08 12:08:00,Delivered,Gurugram,Haryana,North
ORD001336,CUST00331,2024-09-08 16:43:00,Delivered,Lucknow,Uttar Pradesh,North
ORD001117,CUST00464,2024-09-08 16:44:00,Delivered,Mysuru,Karnataka,South
ORD001933,CUST00467,2024-09-09 11:29:00,Returned,Pune,Maharashtra,West
ORD000006,CUST00428,2024-09-09 17:38:00,Delivered,Mumbai,Maharashtra,West
ORD001645,CUST00351,2024-09-09 21:03:00,Cancelled,Coimbatore,Tamil Nadu,South
ORD003184,CUST00445,2024-09-09 21:54:00,Delivered,Patna,Bihar,East
ORD001104,CUST00494,2024-09-10 10:55:00,Returned,Indore,Madhya Pradesh,Central
ORD001603,CUST00420,2024-09-10 15:05:00,Delivered,Delhi,Delhi,North
ORD000681,CUST00360,2024-09-10 17:33:00,Delivered,Patna,Bihar,East
ORD001993,CUST00113,2024-09-10 19:26:00,Delivered,Mumbai,Maharashtra,West
ORD002277,CUST00496,2024-09-10 19:41:00,Delivered,Ahmedabad,Gujarat,West
ORD000773,CUST00497,2024-09-10 21:10:00,Returned,Surat,Gujarat,West
ORD000324,CUST00026,2024-09-11 08:53:00,Delivered,Ahmedabad,Gujarat,West
ORD002198,CUST00449,2024-09-11 09:18:00,Delivered,Noida,Uttar Pradesh,North
ORD001444,CUST00283,2024-09-11 09:52:00,Returned,Bengaluru,Karnataka,South
ORD001951,CUST00019,2024-09-11 11:34:00,Delivered,Mumbai,Maharashtra,West
ORD001595,CUST00287,2024-09-11 11:45:00,Delivered,Nagpur,Maharashtra,West
ORD003110,CUST00355,2024-09-11 14:39:00,Delivered,Chandigarh,Punjab,North
ORD002839,CUST00148,2024-09-11 18:46:00,Returned,Ahmedabad,Gujarat,West
ORD002419,CUST00406,2024-09-11 21:48:00,Delivered,Pune,Maharashtra,West
ORD000276,CUST00249,2024-09-12 09:23:00,Cancelled,Thiruvananthapuram,Kerala,South
ORD001432,CUST00113,2024-09-12 09:27:00,Cancelled,Mumbai,Maharashtra,West
ORD001477,CUST00338,2024-09-12 10:19:00,Returned,Chennai,Tamil Nadu,South
ORD002974,CUST00362,2024-09-12 11:24:00,Returned,Nagpur,Maharashtra,West
ORD003117,CUST00175,2024-09-12 13:41:00,Delivered,Nagpur,Maharashtra,West
ORD000422,CUST00004,2024-09-12 19:15:00,Delivered,Thiruvananthapuram,Kerala,South
ORD001351,CUST00456,2024-09-12 21:35:00,Delivered,Chandigarh,Punjab,North
ORD001242,CUST00113,2024-09-13 08:02:00,Delivered,Lucknow,Uttar Pradesh,North
ORD002887,CUST00052,2024-09-13 09:51:00,Returned,Kochi,Kerala,South
ORD002797,CUST00239,2024-09-13 14:29:00,Delivered,Hyderabad,Telangana,South
ORD000807,CUST00247,2024-09-13 14:53:00,Delivered,Bengaluru,Karnataka,South
ORD002513,CUST00059,2024-09-13 14:57:00,Pending,Mumbai,Maharashtra,West
ORD002785,CUST00353,2024-09-13 18:24:00,Delivered,Delhi,Delhi,North
ORD000444,CUST00494,2024-09-14 09:31:00,Delivered,Indore,Madhya Pradesh,Central
ORD002147,CUST00277,2024-09-14 10:12:00,Delivered,Noida,Uttar Pradesh,North
ORD003196,CUST00484,2024-09-14 10:40:00,Pending,Coimbatore,Tamil Nadu,South
ORD001009,CUST00228,2024-09-14 14:02:00,Pending,Kochi,Kerala,South
ORD002145,CUST00094,2024-09-14 14:41:00,Delivered,Kolkata,West Bengal,East
ORD002619,CUST00351,2024-09-14 17:09:00,Delivered,Coimbatore,Tamil Nadu,South
ORD002914,CUST00439,2024-09-14 21:41:00,Delivered,Hyderabad,Telangana,South
ORD002591,CUST00329,2024-09-14 22:57:00,Delivered,Chennai,Tamil Nadu,South
ORD000215,CUST00005,2024-09-15 14:31:00,Delivered,Mumbai,Maharashtra,West
ORD001237,CUST00217,2024-09-15 15:47:00,Delivered,Pune,Maharashtra,West
ORD001747,CUST00189,2024-09-15 20:10:00,Delivered,Guwahati,Assam,East
ORD001243,CUST00347,2024-09-15 20:46:00,Delivered,Nagpur,Maharashtra,West
ORD000242,CUST00344,2024-09-16 09:12:00,Cancelled,Hyderabad,Telangana,South
ORD002373,CUST00261,2024-09-16 09:42:00,Delivered,Chennai,Tamil Nadu,South
ORD000179,CUST00112,2024-09-16 11:03:00,Delivered,Guwahati,Assam,East
ORD000363,CUST00105,2024-09-16 13:45:00,Delivered,Thiruvananthapuram,Kerala,South
ORD000585,CUST00369,2024-09-16 20:47:00,Returned,Pune,Maharashtra,West
ORD000819,CUST00121,2024-09-17 08:31:00,Delivered,Chennai,Tamil Nadu,South
ORD000717,CUST00292,2024-09-17 09:51:00,Delivered,Hyderabad,Telangana,South
ORD001463,CUST00383,2024-09-17 10:25:00,Delivered,Pune,Maharashtra,West
ORD002821,CUST00370,2024-09-17 16:16:00,Returned,Mumbai,Maharashtra,West
ORD000893,CUST00195,2024-09-17 16:35:00,Returned,Pune,Maharashtra,West
ORD002699,CUST00007,2024-09-17 20:37:00,Delivered,Ahmedabad,Gujarat,West
ORD002983,CUST00109,2024-09-17 20:49:00,Delivered,Delhi,Delhi,North
ORD001749,CUST00012,2024-09-18 10:57:00,Returned,Hyderabad,Telangana,South
ORD002753,CUST00446,2024-09-18 12:42:00,Delivered,Jaipur,Rajasthan,North
ORD000176,CUST00045,2024-09-18 14:37:00,Returned,Bengaluru,Karnataka,South
ORD000463,CUST00418,2024-09-18 15:17:00,Delivered,Mumbai,Maharashtra,West
ORD003095,CUST00187,2024-09-18 17:54:00,Delivered,Gurugram,Haryana,North
ORD003007,CUST00400,2024-09-18 18:28:00,Pending,Surat,Gujarat,West
ORD002382,CUST00010,2024-09-19 09:34:00,Returned,Gurugram,Haryana,North
ORD000022,CUST00490,2024-09-19 16:57:00,Delivered,Bengaluru,Karnataka,South
ORD000535,CUST00396,2024-09-19 21:28:00,Delivered,Surat,Gujarat,West
ORD001759,CUST00069,2024-09-20 11:56:00,Delivered,Pune,Maharashtra,West
ORD002209,CUST00188,2024-09-20 15:09:00,Returned,Thiruvananthapuram,Kerala,South
ORD002923,CUST00179,2024-09-21 09:01:00,Delivered,Hyderabad,Telangana,South
ORD000721,CUST00249,2024-09-21 15:43:00,Delivered,Thiruvananthapuram,Kerala,South
ORD000990,CUST00218,2024-09-21 15:52:00,Delivered,Bengaluru,Karnataka,South
ORD002487,CUST00408,2024-09-21 19:00:00,Delivered,Thiruvananthapuram,Kerala,South
ORD000314,CUST00101,2024-09-22 08:13:00,Delivered,Chennai,Tamil Nadu,South
ORD001129,CUST00367,2024-09-22 15:12:00,Delivered,Mysuru,Karnataka,South
ORD001963,CUST00055,2024-09-22 15:45:00,Delivered,Kochi,Kerala,South
ORD001940,CUST00196,2024-09-23 08:12:00,Delivered,Bengaluru,Karnataka,South
ORD000169,CUST00344,2024-09-23 08:16:00,Delivered,Nagpur,Maharashtra,West
ORD002838,CUST00428,2024-09-23 09:11:00,Cancelled,Mumbai,Maharashtra,West
ORD001943,CUST00021,2024-09-23 11:01:00,Delivered,Gurugram,Haryana,North
ORD001854,CUST00203,2024-09-23 12:15:00,Cancelled,Pune,Maharashtra,West
ORD002384,CUST00201,2024-09-23 19:09:00,Delivered,Pune,Maharashtra,West
ORD003167,CUST00355,2024-09-23 20:42:00,Delivered,Chandigarh,Punjab,North
ORD000020,CUST00138,2024-09-23 21:24:00,Delivered,Bengaluru,Karnataka,South
ORD002848,CUST00492,2024-09-23 21:46:00,Delivered,Ahmedabad,Gujarat,West
ORD003152,CUST00189,2024-09-24 08:50:00,Delivered,Guwahati,Assam,East
ORD001878,CUST00492,2024-09-24 09:08:00,Delivered,Ahmedabad,Gujarat,West
ORD000321,CUST00138,2024-09-24 10:48:00,Cancelled,Bengaluru,Karnataka,South
ORD000522,CUST00055,2024-09-24 11:13:00,Returned,Kochi,Kerala,South
ORD000265,CUST00321,2024-09-24 17:20:00,Pending,Kochi,Kerala,South
ORD000647,CUST00260,2024-09-25 10:11:00,Delivered,Bhopal,Madhya Pradesh,Central
ORD002648,CUST00055,2024-09-25 12:29:00,Pending,Kochi,Kerala,South
ORD002535,CUST00437,2024-09-25 12:48:00,Delivered,Mysuru,Karnataka,South
ORD001479,CUST00189,2024-09-25 20:31:00,Delivered,Guwahati,Assam,East
ORD001524,CUST00388,2024-09-25 21:47:00,Delivered,Pune,Maharashtra,West
ORD000055,CUST00203,2024-09-26 11:32:00,Pending,Pune,Maharashtra,West
ORD000916,CUST00187,2024-09-26 12:05:00,Delivered,Gurugram,Haryana,North
ORD003145,CUST00499,2024-09-26 18:12:00,Delivered,Pune,Maharashtra,West
ORD001525,CUST00311,2024-09-26 18:34:00,Returned,Nagpur,Maharashtra,West
ORD002036,CUST00018,2024-09-27 09:48:00,Delivered,Jaipur,Rajasthan,North
ORD000386,CUST00210,2024-09-27 12:41:00,Cancelled,Chandigarh,Punjab,North
ORD002557,CUST00135,2024-09-27 15:13:00,Delivered,Delhi,Delhi,North
ORD002812,CUST00146,2024-09-27 22:43:00,Returned,Guwahati,Assam,East
ORD001062,CUST00294,2024-09-27 22:50:00,Delivered,Chandigarh,Punjab,North
ORD001207,CUST00399,2024-09-28 10:57:00,Delivered,Chennai,Tamil Nadu,South
ORD000371,CUST00100,2024-09-28 11:54:00,Delivered,Hyderabad,Telangana,South
ORD002238,CUST00133,2024-09-28 14:31:00,Delivered,Mysuru,Karnataka,South
ORD000758,CUST00497,2024-09-29 10:26:00,Delivered,Surat,Gujarat,West
ORD000974,CUST00293,2024-09-29 11:14:00,Cancelled,Lucknow,Uttar Pradesh,North
ORD001778,CUST00483,2024-09-29 11:52:00,Pending,Lucknow,Uttar Pradesh,North
ORD001824,CUST00084,2024-09-29 12:49:00,Delivered,Thiruvananthapuram,Kerala,South
ORD002562,CUST00064,2024-09-29 16:13:00,Cancelled,Coimbatore,Tamil Nadu,South
ORD000919,CUST00140,2024-09-29 18:36:00,Delivered,Pune,Maharashtra,West
ORD001683,CUST00218,2024-09-29 19:43:00,Delivered,Bengaluru,Karnataka,South
ORD000232,CUST00143,2024-09-30 08:13:00,Delivered,Kochi,Kerala,South
ORD001017,CUST00494,2024-09-30 08:38:00,Delivered,Indore,Madhya Pradesh,Central
ORD001230,CUST00494,2024-09-30 12:25:00,Delivered,Indore,Madhya Pradesh,Central
ORD002070,CUST00126,2024-09-30 12:41:00,Returned,Gurugram,Haryana,North
ORD003079,CUST00147,2024-09-30 13:34:00,Delivered,Lucknow,Uttar Pradesh,North
ORD001246,CUST00395,2024-09-30 17:14:00,Delivered,Pune,Maharashtra,West
ORD002529,CUST00356,2024-09-30 21:19:00,Delivered,Bhubaneswar,Odisha,East
ORD002286,CUST00182,2024-10-01 09:24:00,Delivered,Hyderabad,Telangana,South
ORD001319,CUST00441,2024-10-01 09:24:00,Cancelled,Chandigarh,Punjab,North
ORD001602,CUST00070,2024-10-01 11:23:00,Returned,Delhi,Delhi,North
ORD003018,CUST00480,2024-10-01 13:48:00,Delivered,Delhi,Delhi,North
ORD001317,CUST00406,2024-10-01 14:11:00,Delivered,Pune,Maharashtra,West
ORD000740,CUST00247,2024-10-01 15:11:00,Pending,Bengaluru,Karnataka,South
ORD002040,CUST00013,2024-10-01 19:29:00,Delivered,Surat,Gujarat,West
ORD002095,CUST00477,2024-10-01 19:46:00,Delivered,Jaipur,Rajasthan,North
ORD002433,CUST00002,2024-10-01 20:05:00,Delivered,Mysuru,Karnataka,South
ORD002489,CUST00312,2024-10-01 20:11:00,Delivered,Mysuru,Karnataka,South
ORD001549,CUST00122,2024-10-01 20:20:00,Delivered,Raipur,Chhattisgarh,Central
ORD001219,CUST00485,2024-10-02 09:02:00,Delivered,Noida,Uttar Pradesh,North
ORD001832,CUST00397,2024-10-02 09:17:00,Delivered,Mumbai,Maharashtra,West
ORD001803,CUST00376,2024-10-02 10:48:00,Delivered,Ahmedabad,Gujarat,West
ORD000123,CUST00007,2024-10-02 15:20:00,Returned,Surat,Gujarat,West
ORD000802,CUST00095,2024-10-02 15:48:00,Delivered,Mumbai,Maharashtra,West
ORD001693,CUST00013,2024-10-02 17:15:00,Delivered,Surat,Gujarat,West
ORD000124,CUST00129,2024-10-02 20:54:00,Pending,Kochi,Kerala,South
ORD002016,CUST00396,2024-10-02 21:13:00,Delivered,Surat,Gujarat,West
ORD000364,CUST00440,2024-10-02 21:29:00,Delivered,Surat,Gujarat,West
ORD003077,CUST00306,2024-10-02 22:22:00,Pending,Chennai,Tamil Nadu,South
ORD002720,CUST00145,2024-10-03 08:30:00,Cancelled,Mumbai,Maharashtra,West
ORD000065,CUST00394,2024-10-03 08:51:00,Cancelled,Lucknow,Uttar Pradesh,North
ORD002836,CUST00095,2024-10-03 13:32:00,Delivered,Mumbai,Maharashtra,West
ORD003103,CUST00056,2024-10-03 13:48:00,Delivered,Thiruvananthapuram,Kerala,South
ORD001825,CUST00195,2024-10-03 14:43:00,Delivered,Gurugram,Haryana,North
ORD002826,CUST00367,2024-10-03 15:30:00,Delivered,Mysuru,Karnataka,South
ORD000650,CUST00340,2024-10-03 15:43:00,Delivered,Kochi,Kerala,South
ORD000883,CUST00494,2024-10-03 15:59:00,Delivered,Indore,Madhya Pradesh,Central
ORD001512,CUST00303,2024-10-03 16:13:00,Delivered,Indore,Madhya Pradesh,Central
ORD001085,CUST00260,2024-10-03 16:20:00,Pending,Bhopal,Madhya Pradesh,Central
ORD001392,CUST00363,2024-10-03 16:29:00,Cancelled,Bhubaneswar,Odisha,East
ORD001361,CUST00273,2024-10-03 16:45:00,Delivered,Thiruvananthapuram,Kerala,South
ORD002253,CUST00385,2024-10-03 16:53:00,Returned,Surat,Gujarat,West
ORD001796,CUST00051,2024-10-03 17:26:00,Delivered,Patna,Bihar,East
ORD002088,CUST00086,2024-10-03 17:28:00,Pending,Bengaluru,Karnataka,South
ORD002596,CUST00430,2024-10-03 20:02:00,Cancelled,Chennai,Tamil Nadu,South
ORD000498,CUST00456,2024-10-03 20:42:00,Delivered,Thiruvananthapuram,Kerala,South
ORD000098,CUST00487,2024-10-03 20:49:00,Delivered,Raipur,Chhattisgarh,Central
ORD002544,CUST00146,2024-10-03 21:06:00,Delivered,Guwahati,Assam,East
ORD001766,CUST00029,2024-10-03 21:49:00,Delivered,Delhi,Delhi,North
ORD002765,CUST00340,2024-10-03 22:33:00,Delivered,Kochi,Kerala,South
ORD001587,CUST00172,2024-10-04 08:59:00,Delivered,Kolkata,West Bengal,East
ORD000322,CUST00053,2024-10-04 09:42:00,Delivered,Kochi,Kerala,South
ORD000619,CUST00161,2024-10-04 09:46:00,Delivered,Chennai,Tamil Nadu,South
ORD002676,CUST00277,2024-10-04 10:38:00,Delivered,Noida,Uttar Pradesh,North
ORD002325,CUST00443,2024-10-04 14:13:00,Delivered,Nagpur,Maharashtra,West
ORD002385,CUST00246,2024-10-04 14:35:00,Cancelled,Coimbatore,Tamil Nadu,South
ORD001641,CUST00321,2024-10-04 15:40:00,Delivered,Kochi,Kerala,South
ORD000194,CUST00340,2024-10-04 16:00:00,Delivered,Kochi,Kerala,South
ORD002845,CUST00080,2024-10-04 16:16:00,Delivered,Ahmedabad,Gujarat,West
ORD000479,CUST00172,2024-10-04 18:43:00,Cancelled,Kolkata,West Bengal,East
ORD002186,CUST00208,2024-10-04 18:44:00,Delivered,Mysuru,Karnataka,South
ORD002618,CUST00388,2024-10-05 08:27:00,Delivered,Pune,Maharashtra,West
ORD001184,CUST00244,2024-10-05 09:03:00,Delivered,Coimbatore,Tamil Nadu,South
ORD000451,CUST00494,2024-10-05 10:05:00,Pending,Indore,Madhya Pradesh,Central
ORD002381,CUST00428,2024-10-05 11:45:00,Delivered,Mumbai,Maharashtra,West
ORD002425,CUST00232,2024-10-05 12:10:00,Delivered,Thiruvananthapuram,Kerala,South
ORD002659,CUST00427,2024-10-05 12:37:00,Delivered,Surat,Gujarat,West
ORD000591,CUST00032,2024-10-05 14:50:00,Delivered,Bhopal,Madhya Pradesh,Central
ORD002860,CUST00376,2024-10-05 15:28:00,Cancelled,Ahmedabad,Gujarat,West
ORD002438,CUST00473,2024-10-05 15:52:00,Delivered,Bhubaneswar,Odisha,East
ORD002244,CUST00311,2024-10-05 18:42:00,Delivered,Nagpur,Maharashtra,West
ORD000989,CUST00020,2024-10-05 20:02:00,Delivered,Kolkata,West Bengal,East
ORD000148,CUST00322,2024-10-05 20:52:00,Pending,Guwahati,Assam,East
ORD000116,CUST00202,2024-10-05 21:08:00,Delivered,Kochi,Kerala,South
ORD001192,CUST00007,2024-10-05 21:27:00,Returned,Ahmedabad,Gujarat,West
ORD001395,CUST00354,2024-10-05 21:52:00,Delivered,Noida,Uttar Pradesh,North
ORD001071,CUST00423,2024-10-06 08:49:00,Delivered,Mumbai,Maharashtra,West
ORD000243,CUST00287,2024-10-06 10:05:00,Delivered,Nagpur,Maharashtra,West
ORD000239,CUST00343,2024-10-06 10:12:00,Delivered,Delhi,Delhi,North
ORD002874,CUST00177,2024-10-06 11:03:00,Returned,Hyderabad,Telangana,South
ORD002442,CUST00150,2024-10-06 12:06:00,Delivered,Coimbatore,Tamil Nadu,South
ORD001520,CUST00039,2024-10-06 12:39:00,Delivered,Gurugram,Haryana,North
ORD001942,CUST00315,2024-10-06 13:54:00,Delivered,Noida,Uttar Pradesh,North
ORD002377,CUST00111,2024-10-06 18:17:00,Delivered,Bhubaneswar,Odisha,East
ORD002936,CUST00428,2024-10-06 20:03:00,Delivered,Mumbai,Maharashtra,West
ORD001247,CUST00144,2024-10-07 10:31:00,Cancelled,Bengaluru,Karnataka,South
ORD001732,CUST00479,2024-10-07 10:46:00,Delivered,Noida,Uttar Pradesh,North
ORD001362,CUST00456,2024-10-07 13:09:00,Delivered,Chandigarh,Punjab,North
ORD001378,CUST00303,2024-10-07 14:12:00,Delivered,Indore,Madhya Pradesh,Central
ORD002091,CUST00080,2024-10-07 14:41:00,Delivered,Ahmedabad,Gujarat,West
ORD003105,CUST00159,2024-10-07 14:49:00,Delivered,Ahmedabad,Gujarat,West
ORD003100,CUST00044,2024-10-07 16:17:00,Delivered,Mysuru,Karnataka,South
ORD001819,CUST00448,2024-10-07 17:02:00,Delivered,Coimbatore,Tamil Nadu,South
ORD002006,CUST00416,2024-10-07 17:28:00,Returned,Chandigarh,Punjab,North
ORD002206,CUST00202,2024-10-07 17:37:00,Delivered,Kochi,Kerala,South
ORD000035,CUST00018,2024-10-07 18:31:00,Returned,Jaipur,Rajasthan,North
ORD001404,CUST00102,2024-10-07 18:43:00,Delivered,Mysuru,Karnataka,South
ORD000507,CUST00386,2024-10-07 18:53:00,Cancelled,Ahmedabad,Gujarat,West
ORD001393,CUST00027,2024-10-07 22:08:00,Delivered,Lucknow,Uttar Pradesh,North
ORD001565,CUST00495,2024-10-07 22:52:00,Pending,Coimbatore,Tamil Nadu,South
ORD002063,CUST00447,2024-10-08 08:26:00,Delivered,Kochi,Kerala,South
ORD002748,CUST00134,2024-10-08 08:36:00,Cancelled,Mumbai,Maharashtra,West
ORD000873,CUST00305,2024-10-08 08:46:00,Delivered,Ahmedabad,Gujarat,West
ORD000315,CUST00220,2024-10-08 09:30:00,Delivered,Coimbatore,Tamil Nadu,South
ORD001402,CUST00455,2024-10-08 09:38:00,Pending,Delhi,Delhi,North
ORD001715,CUST00378,2024-10-08 10:11:00,Delivered,Noida,Uttar Pradesh,North
ORD002623,CUST00227,2024-10-08 10:15:00,Cancelled,Gurugram,Haryana,North
ORD002695,CUST00451,2024-10-08 12:04:00,Delivered,Ahmedabad,Gujarat,West
ORD000241,CUST00146,2024-10-08 12:58:00,Delivered,Ahmedabad,Gujarat,West
ORD001410,CUST00044,2024-10-08 13:03:00,Delivered,Mysuru,Karnataka,South
ORD001659,CUST00330,2024-10-08 14:05:00,Delivered,Bengaluru,Karnataka,South
ORD000801,CUST00085,2024-10-08 15:34:00,Delivered,Kochi,Kerala,South
ORD000090,CUST00228,2024-10-08 15:39:00,Delivered,Kochi,Kerala,South
ORD001786,CUST00458,2024-10-08 15:46:00,Delivered,Mysuru,Karnataka,South
ORD002685,CUST00191,2024-10-08 17:03:00,Delivered,Gurugram,Haryana,North
ORD001563,CUST00260,2024-10-08 21:15:00,Delivered,Bhopal,Madhya Pradesh,Central
ORD002491,CUST00044,2024-10-08 22:29:00,Delivered,Mysuru,Karnataka,South
ORD000135,CUST00255,2024-10-08 22:41:00,Delivered,Bengaluru,Karnataka,South
ORD000238,CUST00394,2024-10-09 08:53:00,Pending,Lucknow,Uttar Pradesh,North
ORD002903,CUST00044,2024-10-09 09:37:00,Delivered,Mysuru,Karnataka,South
ORD000607,CUST00002,2024-10-09 09:57:00,Delivered,Mysuru,Karnataka,South
ORD002458,CUST00014,2024-10-09 10:20:00,Delivered,Bengaluru,Karnataka,South
ORD002472,CUST00051,2024-10-09 10:58:00,Delivered,Surat,Gujarat,West
ORD001795,CUST00370,2024-10-09 15:01:00,Delivered,Mumbai,Maharashtra,West
ORD001919,CUST00303,2024-10-09 16:41:00,Pending,Indore,Madhya Pradesh,Central
ORD002942,CUST00288,2024-10-09 18:17:00,Delivered,Thiruvananthapuram,Kerala,South
ORD002134,CUST00199,2024-10-09 22:05:00,Delivered,Chennai,Tamil Nadu,South
ORD002328,CUST00154,2024-10-10 08:39:00,Delivered,Delhi,Delhi,North
ORD002050,CUST00029,2024-10-10 08:43:00,Delivered,Delhi,Delhi,North
ORD000355,CUST00088,2024-10-10 09:12:00,Delivered,Thiruvananthapuram,Kerala,South
ORD001177,CUST00212,2024-10-10 11:31:00,Delivered,Nagpur,Maharashtra,West
ORD000319,CUST00204,2024-10-10 15:02:00,Delivered,Bhopal,Madhya Pradesh,Central
ORD001053,CUST00203,2024-10-10 17:01:00,Delivered,Pune,Maharashtra,West
ORD000695,CUST00386,2024-10-10 18:45:00,Delivered,Ahmedabad,Gujarat,West
ORD002782,CUST00198,2024-10-10 19:12:00,Delivered,Nagpur,Maharashtra,West
ORD000081,CUST00045,2024-10-10 21:43:00,Cancelled,Bengaluru,Karnataka,South
ORD002177,CUST00253,2024-10-10 22:59:00,Delivered,Lucknow,Uttar Pradesh,North
ORD001695,CUST00367,2024-10-11 08:06:00,Returned,Mysuru,Karnataka,South
ORD002528,CUST00189,2024-10-11 09:51:00,Delivered,Guwahati,Assam,East
ORD002645,CUST00144,2024-10-11 10:14:00,Delivered,Delhi,Delhi,North
ORD002199,CUST00109,2024-10-11 13:47:00,Returned,Delhi,Delhi,North
ORD000756,CUST00029,2024-10-11 14:12:00,Delivered,Delhi,Delhi,North
ORD000405,CUST00129,2024-10-11 15:03:00,Returned,Kochi,Kerala,South
ORD002714,CUST00140,2024-10-11 15:55:00,Returned,Pune,Maharashtra,West
ORD001293,CUST00126,2024-10-11 18:22:00,Delivered,Gurugram,Haryana,North
ORD001478,CUST00113,2024-10-11 20:04:00,Cancelled,Mumbai,Maharashtra,West
ORD003186,CUST00443,2024-10-11 21:34:00,Delivered,Nagpur,Maharashtra,West
ORD000789,CUST00239,2024-10-12 10:08:00,Delivered,Hyderabad,Telangana,South
ORD001179,CUST00279,2024-10-12 10:38:00,Delivered,Chandigarh,Punjab,North
ORD000074,CUST00387,2024-10-12 12:48:00,Cancelled,Mysuru,Karnataka,South
ORD001079,CUST00346,2024-10-12 12:59:00,Delivered,Thiruvananthapuram,Kerala,South
ORD002004,CUST00329,2024-10-12 14:13:00,Delivered,Mysuru,Karnataka,South
ORD002127,CUST00260,2024-10-12 15:02:00,Delivered,Bhopal,Madhya Pradesh,Central
ORD001345,CUST00427,2024-10-12 15:22:00,Delivered,Surat,Gujarat,West
ORD000357,CUST00408,2024-10-12 16:55:00,Delivered,Thiruvananthapuram,Kerala,South
ORD001876,CUST00074,2024-10-12 17:43:00,Cancelled,Hyderabad,Telangana,South
ORD001891,CUST00220,2024-10-12 19:14:00,Cancelled,Coimbatore,Tamil Nadu,South
ORD003037,CUST00129,2024-10-12 20:05:00,Pending,Kochi,Kerala,South
ORD002195,CUST00329,2024-10-12 22:45:00,Pending,Chennai,Tamil Nadu,South
ORD001672,CUST00217,2024-10-13 08:05:00,Delivered,Pune,Maharashtra,West
ORD002540,CUST00255,2024-10-13 13:05:00,Cancelled,Bengaluru,Karnataka,South
ORD001495,CUST00426,2024-10-13 13:22:00,Pending,Bengaluru,Karnataka,South
ORD000940,CUST00133,2024-10-13 15:41:00,Delivered,Lucknow,Uttar Pradesh,North
ORD000816,CUST00353,2024-10-13 16:01:00,Delivered,Delhi,Delhi,North
ORD000304,CUST00363,2024-10-13 17:57:00,Delivered,Bhubaneswar,Odisha,East
ORD002960,CUST00279,2024-10-13 19:16:00,Delivered,Noida,Uttar Pradesh,North
ORD002174,CUST00493,2024-10-13 19:20:00,Cancelled,Pune,Maharashtra,West
ORD002778,CUST00189,2024-10-13 21:00:00,Delivered,Guwahati,Assam,East
ORD001874,CUST00500,2024-10-13 21:17:00,Returned,Thiruvananthapuram,Kerala,South
ORD002717,CUST00456,2024-10-13 21:36:00,Cancelled,Chandigarh,Punjab,North
ORD002561,CUST00497,2024-10-13 21:45:00,Delivered,Surat,Gujarat,West
ORD001241,CUST00052,2024-10-13 21:51:00,Delivered,Kochi,Kerala,South
ORD000370,CUST00017,2024-10-14 08:10:00,Returned,Coimbatore,Tamil Nadu,South
ORD001359,CUST00494,2024-10-14 09:02:00,Delivered,Indore,Madhya Pradesh,Central
ORD000142,CUST00408,2024-10-14 10:37:00,Delivered,Thiruvananthapuram,Kerala,South
ORD003089,CUST00149,2024-10-14 10:52:00,Pending,Bengaluru,Karnataka,South
ORD001947,CUST00103,2024-10-14 11:23:00,Delivered,Delhi,Delhi,North
ORD001153,CUST00245,2024-10-14 12:26:00,Delivered,Nagpur,Maharashtra,West
ORD003165,CUST00346,2024-10-14 16:57:00,Delivered,Thiruvananthapuram,Kerala,South
ORD000602,CUST00352,2024-10-14 21:48:00,Delivered,Chennai,Tamil Nadu,South
ORD000449,CUST00276,2024-10-15 08:00:00,Cancelled,Hyderabad,Telangana,South
ORD000594,CUST00082,2024-10-15 08:35:00,Delivered,Nagpur,Maharashtra,West
ORD002698,CUST00247,2024-10-15 09:08:00,Delivered,Bengaluru,Karnataka,South
ORD000573,CUST00497,2024-10-15 09:13:00,Cancelled,Surat,Gujarat,West
ORD003166,CUST00138,2024-10-15 10:01:00,Delivered,Bengaluru,Karnataka,South
ORD001598,CUST00388,2024-10-15 11:38:00,Delivered,Pune,Maharashtra,West
ORD001826,CUST00055,2024-10-15 13:11:00,Delivered,Kochi,Kerala,South
ORD000036,CUST00291,2024-10-15 13:24:00,Delivered,Mysuru,Karnataka,South
ORD000606,CUST00477,2024-10-15 18:15:00,Delivered,Jaipur,Rajasthan,North
ORD001254,CUST00400,2024-10-15 20:12:00,Delivered,Surat,Gujarat,West
ORD003084,CUST00018,2024-10-15 20:33:00,Delivered,Jaipur,Rajasthan,North
ORD000737,CUST00420,2024-10-15 20:54:00,Delivered,Delhi,Delhi,North
ORD001746,CUST00292,2024-10-16 09:21:00,Delivered,Hyderabad,Telangana,South
ORD001409,CUST00074,2024-10-16 12:23:00,Delivered,Hyderabad,Telangana,South
ORD001130,CUST00024,2024-10-16 13:19:00,Returned,Hyderabad,Telangana,South
ORD000927,CUST00138,2024-10-16 15:02:00,Delivered,Bengaluru,Karnataka,South
ORD000553,CUST00449,2024-10-16 17:03:00,Pending,Noida,Uttar Pradesh,North
ORD001156,CUST00053,2024-10-16 19:05:00,Delivered,Kochi,Kerala,South
ORD002625,CUST00180,2024-10-16 19:49:00,Delivered,Kochi,Kerala,South
ORD000094,CUST00480,2024-10-16 21:28:00,Delivered,Delhi,Delhi,North
ORD000965,CUST00113,2024-10-16 22:10:00,Delivered,Chennai,Tamil Nadu,South
ORD001637,CUST00044,2024-10-17 08:18:00,Cancelled,Mysuru,Karnataka,South
ORD002872,CUST00443,2024-10-17 09:36:00,Delivered,Nagpur,Maharashtra,West
ORD000019,CUST00108,2024-10-17 09:38:00,Returned,Chandigarh,Punjab,North
ORD001793,CUST00213,2024-10-17 12:02:00,Delivered,Hyderabad,Telangana,South
ORD001889,CUST00408,2024-10-17 13:00:00,Delivered,Thiruvananthapuram,Kerala,South
ORD002096,CUST00054,2024-10-17 14:33:00,Delivered,Ahmedabad,Gujarat,West
ORD002958,CUST00152,2024-10-17 16:55:00,Delivered,Hyderabad,Telangana,South
ORD001253,CUST00378,2024-10-17 17:51:00,Returned,Noida,Uttar Pradesh,North
ORD001923,CUST00252,2024-10-17 18:43:00,Delivered,Lucknow,Uttar Pradesh,North
ORD000466,CUST00217,2024-10-17 19:03:00,Delivered,Pune,Maharashtra,West
ORD001367,CUST00331,2024-10-17 19:18:00,Delivered,Lucknow,Uttar Pradesh,North
ORD002543,CUST00012,2024-10-17 19:52:00,Delivered,Patna,Bihar,East
ORD002139,CUST00249,2024-10-17 19:55:00,Delivered,Thiruvananthapuram,Kerala,South
ORD001368,CUST00088,2024-10-17 20:36:00,Cancelled,Thiruvananthapuram,Kerala,South
ORD001586,CUST00069,2024-10-17 22:36:00,Delivered,Delhi,Delhi,North
ORD000631,CUST00147,2024-10-18 10:47:00,Pending,Lucknow,Uttar Pradesh,North
ORD002323,CUST00142,2024-10-18 12:19:00,Delivered,Chennai,Tamil Nadu,South
ORD002188,CUST00259,2024-10-18 13:57:00,Delivered,Jaipur,Rajasthan,North
ORD000512,CUST00105,2024-10-18 16:49:00,Delivered,Thiruvananthapuram,Kerala,South
ORD001120,CUST00132,2024-10-18 17:29:00,Delivered,Noida,Uttar Pradesh,North
ORD000070,CUST00134,2024-10-18 18:11:00,Delivered,Mumbai,Maharashtra,West
ORD002966,CUST00229,2024-10-18 18:27:00,Delivered,Kolkata,West Bengal,East
ORD000528,CUST00388,2024-10-18 19:57:00,Delivered,Pune,Maharashtra,West
ORD001544,CUST00217,2024-10-18 21:46:00,Delivered,Pune,Maharashtra,West
ORD002031,CUST00300,2024-10-19 08:15:00,Delivered,Delhi,Delhi,North
ORD001357,CUST00370,2024-10-19 10:53:00,Cancelled,Mumbai,Maharashtra,West
ORD003086,CUST00135,2024-10-19 12:01:00,Delivered,Delhi,Delhi,North
ORD001486,CUST00301,2024-10-19 12:56:00,Cancelled,Lucknow,Uttar Pradesh,North
ORD002902,CUST00345,2024-10-19 13:27:00,Delivered,Hyderabad,Telangana,South
ORD000063,CUST00072,2024-10-19 13:30:00,Delivered,Chandigarh,Punjab,North
ORD001306,CUST00312,2024-10-19 14:02:00,Delivered,Mysuru,Karnataka,South
ORD000153,CUST00135,2024-10-19 15:55:00,Delivered,Delhi,Delhi,North
ORD001959,CUST00239,2024-10-19 17:04:00,Delivered,Hyderabad,Telangana,South
ORD000157,CUST00389,2024-10-19 18:05:00,Delivered,Bengaluru,Karnataka,South
ORD002678,CUST00054,2024-10-19 18:50:00,Returned,Ahmedabad,Gujarat,West
ORD001096,CUST00054,2024-10-19 18:53:00,Cancelled,Ahmedabad,Gujarat,West
ORD001652,CUST00355,2024-10-19 20:27:00,Pending,Chandigarh,Punjab,North
ORD001389,CUST00203,2024-10-19 21:33:00,Delivered,Hyderabad,Telangana,South
ORD001892,CUST00487,2024-10-20 09:58:00,Delivered,Raipur,Chhattisgarh,Central
ORD000960,CUST00149,2024-10-20 10:13:00,Cancelled,Bengaluru,Karnataka,South
ORD002512,CUST00230,2024-10-20 10:44:00,Cancelled,Kochi,Kerala,South
ORD002820,CUST00238,2024-10-20 10:52:00,Delivered,Delhi,Delhi,North
ORD000633,CUST00335,2024-10-20 11:04:00,Delivered,Surat,Gujarat,West
ORD000850,CUST00051,2024-10-20 13:20:00,Pending,Patna,Bihar,East
ORD000855,CUST00477,2024-10-20 14:46:00,Delivered,Jaipur,Rajasthan,North
ORD000100,CUST00293,2024-10-20 16:52:00,Delivered,Delhi,Delhi,North
ORD002065,CUST00217,2024-10-20 17:13:00,Delivered,Pune,Maharashtra,West
ORD001346,CUST00311,2024-10-20 18:01:00,Delivered,Nagpur,Maharashtra,West
ORD002577,CUST00271,2024-10-20 18:37:00,Delivered,Gurugram,Haryana,North
ORD002379,CUST00494,2024-10-20 19:38:00,Delivered,Nagpur,Maharashtra,West
ORD001311,CUST00128,2024-10-20 19:46:00,Delivered,Kolkata,West Bengal,East
ORD002471,CUST00129,2024-10-20 21:01:00,Delivered,Kochi,Kerala,South
ORD000264,CUST00273,2024-10-20 21:54:00,Delivered,Thiruvananthapuram,Kerala,South
ORD002284,CUST00101,2024-10-20 22:21:00,Pending,Chennai,Tamil Nadu,South
ORD000842,CUST00119,2024-10-21 08:22:00,Cancelled,Bhubaneswar,Odisha,East
ORD001890,CUST00182,2024-10-21 09:56:00,Returned,Hyderabad,Telangana,South
ORD002420,CUST00179,2024-10-21 11:46:00,Pending,Hyderabad,Telangana,South
ORD000658,CUST00010,2024-10-21 12:05:00,Delivered,Gurugram,Haryana,North
ORD000402,CUST00332,2024-10-21 13:14:00,Pending,Kochi,Kerala,South
ORD002408,CUST00303,2024-10-21 13:20:00,Delivered,Indore,Madhya Pradesh,Central
ORD001885,CUST00242,2024-10-21 14:17:00,Delivered,Nagpur,Maharashtra,West
ORD001594,CUST00095,2024-10-21 15:52:00,Cancelled,Mumbai,Maharashtra,West
ORD001898,CUST00149,2024-10-21 16:50:00,Delivered,Bengaluru,Karnataka,South
ORD001082,CUST00132,2024-10-21 18:47:00,Delivered,Patna,Bihar,East
ORD002906,CUST00057,2024-10-22 08:04:00,Delivered,Surat,Gujarat,West
ORD001649,CUST00480,2024-10-22 09:01:00,Delivered,Delhi,Delhi,North
ORD001433,CUST00362,2024-10-22 09:04:00,Delivered,Mysuru,Karnataka,South
ORD001931,CUST00100,2024-10-22 09:29:00,Delivered,Hyderabad,Telangana,South
ORD002287,CUST00209,2024-10-22 09:50:00,Delivered,Nagpur,Maharashtra,West
ORD001955,CUST00310,2024-10-22 10:20:00,Delivered,Pune,Maharashtra,West
ORD001823,CUST00433,2024-10-22 16:10:00,Delivered,Pune,Maharashtra,West
ORD002281,CUST00452,2024-10-22 17:15:00,Delivered,Bengaluru,Karnataka,South
ORD001939,CUST00002,2024-10-22 17:58:00,Pending,Mysuru,Karnataka,South
ORD001727,CUST00199,2024-10-22 22:28:00,Delivered,Chennai,Tamil Nadu,South
ORD001221,CUST00207,2024-10-22 22:31:00,Delivered,Hyderabad,Telangana,South
ORD002303,CUST00095,2024-10-22 22:59:00,Delivered,Mumbai,Maharashtra,West
ORD000578,CUST00423,2024-10-23 08:29:00,Cancelled,Mumbai,Maharashtra,West
ORD002798,CUST00024,2024-10-23 08:49:00,Delivered,Hyderabad,Telangana,South
ORD000025,CUST00138,2024-10-23 09:10:00,Delivered,Bengaluru,Karnataka,South
ORD002295,CUST00291,2024-10-23 10:16:00,Delivered,Mysuru,Karnataka,South
ORD002730,CUST00258,2024-10-23 11:07:00,Delivered,Bhubaneswar,Odisha,East
ORD003172,CUST00353,2024-10-23 12:21:00,Delivered,Delhi,Delhi,North
ORD001266,CUST00243,2024-10-23 12:26:00,Cancelled,Surat,Gujarat,West
ORD001102,CUST00018,2024-10-23 12:43:00,Cancelled,Jaipur,Rajasthan,North
ORD001545,CUST00016,2024-10-23 17:47:00,Delivered,Ahmedabad,Gujarat,West
ORD002364,CUST00120,2024-10-23 18:14:00,Delivered,Coimbatore,Tamil Nadu,South
ORD000253,CUST00447,2024-10-23 20:34:00,Delivered,Kochi,Kerala,South
ORD001126,CUST00105,2024-10-23 22:48:00,Returned,Thiruvananthapuram,Kerala,South
ORD003010,CUST00217,2024-10-23 22:52:00,Delivered,Pune,Maharashtra,West
ORD001918,CUST00008,2024-10-24 08:08:00,Delivered,Ahmedabad,Gujarat,West
ORD002609,CUST00439,2024-10-24 11:35:00,Delivered,Hyderabad,Telangana,South
ORD000320,CUST00395,2024-10-24 12:14:00,Delivered,Mumbai,Maharashtra,West
ORD002944,CUST00267,2024-10-24 14:02:00,Returned,Ahmedabad,Gujarat,West
ORD000985,CUST00457,2024-10-24 14:25:00,Pending,Noida,Uttar Pradesh,North
ORD002297,CUST00018,2024-10-24 14:36:00,Pending,Jaipur,Rajasthan,North
ORD002233,CUST00191,2024-10-24 14:43:00,Delivered,Gurugram,Haryana,North
ORD001056,CUST00242,2024-10-24 15:09:00,Returned,Nagpur,Maharashtra,West
ORD002873,CUST00321,2024-10-24 16:19:00,Delivered,Kochi,Kerala,South
ORD000346,CUST00189,2024-10-24 17:38:00,Cancelled,Guwahati,Assam,East
ORD001704,CUST00447,2024-10-24 17:41:00,Delivered,Kochi,Kerala,South
ORD001331,CUST00405,2024-10-24 19:13:00,Pending,Mumbai,Maharashtra,West
ORD001879,CUST00443,2024-10-24 21:14:00,Delivered,Nagpur,Maharashtra,West
ORD000460,CUST00396,2024-10-24 22:28:00,Returned,Surat,Gujarat,West
ORD000258,CUST00499,2024-10-24 22:51:00,Pending,Pune,Maharashtra,West
ORD001474,CUST00030,2024-10-25 10:01:00,Delivered,Bengaluru,Karnataka,South
ORD001115,CUST00129,2024-10-25 11:52:00,Cancelled,Kochi,Kerala,South
ORD002590,CUST00189,2024-10-25 14:40:00,Delivered,Guwahati,Assam,East
ORD000567,CUST00199,2024-10-25 16:46:00,Delivered,Mysuru,Karnataka,South
ORD000010,CUST00416,2024-10-25 18:24:00,Delivered,Chandigarh,Punjab,North
ORD002897,CUST00043,2024-10-25 18:43:00,Pending,Noida,Uttar Pradesh,North
ORD002694,CUST00485,2024-10-25 20:02:00,Delivered,Guwahati,Assam,East
ORD000005,CUST00088,2024-10-25 21:04:00,Delivered,Thiruvananthapuram,Kerala,South
ORD000660,CUST00347,2024-10-25 21:26:00,Returned,Nagpur,Maharashtra,West
ORD001074,CUST00277,2024-10-25 22:30:00,Pending,Noida,Uttar Pradesh,North
ORD002283,CUST00301,2024-10-26 09:21:00,Returned,Lucknow,Uttar Pradesh,North
ORD001174,CUST00448,2024-10-26 09:38:00,Delivered,Coimbatore,Tamil Nadu,South
ORD000762,CUST00395,2024-10-26 09:44:00,Delivered,Hyderabad,Telangana,South
ORD002390,CUST00476,2024-10-26 10:38:00,Delivered,Chennai,Tamil Nadu,South
ORD002501,CUST00182,2024-10-26 11:17:00,Delivered,Hyderabad,Telangana,South
ORD002565,CUST00179,2024-10-26 12:10:00,Delivered,Hyderabad,Telangana,South
ORD001538,CUST00187,2024-10-26 12:50:00,Delivered,Gurugram,Haryana,North
ORD001607,CUST00122,2024-10-26 16:03:00,Delivered,Raipur,Chhattisgarh,Central
ORD000542,CUST00207,2024-10-26 17:55:00,Pending,Hyderabad,Telangana,South
ORD000309,CUST00026,2024-10-26 18:18:00,Delivered,Ahmedabad,Gujarat,West
ORD001187,CUST00476,2024-10-26 18:45:00,Delivered,Chennai,Tamil Nadu,South
ORD002214,CUST00294,2024-10-26 19:24:00,Delivered,Noida,Uttar Pradesh,North
ORD000198,CUST00229,2024-10-26 19:47:00,Cancelled,Kolkata,West Bengal,East
ORD001058,CUST00225,2024-10-26 21:26:00,Pending,Patna,Bihar,East
ORD002027,CUST00363,2024-10-26 21:51:00,Delivered,Bhubaneswar,Odisha,East
ORD001773,CUST00207,2024-10-26 22:40:00,Cancelled,Hyderabad,Telangana,South
ORD002202,CUST00315,2024-10-27 08:19:00,Delivered,Noida,Uttar Pradesh,North
ORD002621,CUST00084,2024-10-27 08:47:00,Pending,Thiruvananthapuram,Kerala,South
ORD000409,CUST00142,2024-10-27 10:08:00,Delivered,Chennai,Tamil Nadu,South
ORD001553,CUST00383,2024-10-27 12:55:00,Returned,Mysuru,Karnataka,South
ORD000905,CUST00396,2024-10-27 14:26:00,Delivered,Surat,Gujarat,West
ORD001629,CUST00081,2024-10-27 15:07:00,Pending,Bhubaneswar,Odisha,East
ORD000379,CUST00099,2024-10-27 15:16:00,Delivered,Gurugram,Haryana,North
ORD000538,CUST00211,2024-10-27 16:50:00,Cancelled,Pune,Maharashtra,West
ORD002849,CUST00382,2024-10-27 18:06:00,Delivered,Raipur,Chhattisgarh,Central
ORD001687,CUST00327,2024-10-27 18:09:00,Cancelled,Surat,Gujarat,West
ORD000986,CUST00374,2024-10-27 19:52:00,Delivered,Jaipur,Rajasthan,North
ORD000917,CUST00405,2024-10-27 20:44:00,Delivered,Mumbai,Maharashtra,West
ORD001858,CUST00038,2024-10-27 22:00:00,Cancelled,Chennai,Tamil Nadu,South
ORD003177,CUST00326,2024-10-28 08:36:00,Delivered,Thiruvananthapuram,Kerala,South
ORD000435,CUST00451,2024-10-28 08:42:00,Delivered,Ahmedabad,Gujarat,West
ORD000588,CUST00360,2024-10-28 09:18:00,Pending,Patna,Bihar,East
ORD001022,CUST00277,2024-10-28 10:03:00,Cancelled,Noida,Uttar Pradesh,North
ORD000612,CUST00267,2024-10-28 11:45:00,Pending,Ahmedabad,Gujarat,West
ORD002603,CUST00344,2024-10-28 12:56:00,Cancelled,Hyderabad,Telangana,South
ORD000428,CUST00087,2024-10-28 13:57:00,Delivered,Pune,Maharashtra,West
ORD002869,CUST00278,2024-10-28 15:32:00,Delivered,Chandigarh,Punjab,North
ORD001481,CUST00489,2024-10-28 16:21:00,Delivered,Mysuru,Karnataka,South
ORD001324,CUST00203,2024-10-28 16:58:00,Cancelled,Pune,Maharashtra,West
ORD000879,CUST00161,2024-10-28 17:22:00,Cancelled,Chennai,Tamil Nadu,South
ORD001206,CUST00278,2024-10-28 18:48:00,Cancelled,Chandigarh,Punjab,North
ORD000992,CUST00197,2024-10-28 19:02:00,Delivered,Noida,Uttar Pradesh,North
ORD000275,CUST00464,2024-10-28 20:07:00,Delivered,Mysuru,Karnataka,South
ORD001412,CUST00037,2024-10-28 20:40:00,Delivered,Thiruvananthapuram,Kerala,South
ORD000411,CUST00125,2024-10-28 21:45:00,Delivered,Noida,Uttar Pradesh,North
ORD001730,CUST00018,2024-10-29 08:32:00,Delivered,Jaipur,Rajasthan,North
ORD001203,CUST00174,2024-10-29 08:38:00,Cancelled,Gurugram,Haryana,North
ORD000398,CUST00112,2024-10-29 10:18:00,Delivered,Guwahati,Assam,East
ORD002760,CUST00251,2024-10-29 11:36:00,Pending,Coimbatore,Tamil Nadu,South
ORD002492,CUST00428,2024-10-29 12:58:00,Returned,Mumbai,Maharashtra,West
ORD000045,CUST00094,2024-10-29 14:04:00,Delivered,Kolkata,West Bengal,East
ORD000684,CUST00278,2024-10-29 14:41:00,Returned,Chandigarh,Punjab,North
ORD001831,CUST00054,2024-10-29 15:32:00,Pending,Ahmedabad,Gujarat,West
ORD003125,CUST00049,2024-10-29 19:55:00,Delivered,Lucknow,Uttar Pradesh,North
ORD002866,CUST00423,2024-10-29 21:04:00,Delivered,Mumbai,Maharashtra,West
ORD001054,CUST00267,2024-10-29 21:21:00,Cancelled,Ahmedabad,Gujarat,West
ORD001638,CUST00310,2024-10-30 09:25:00,Delivered,Jaipur,Rajasthan,North
ORD000368,CUST00217,2024-10-30 13:10:00,Delivered,Pune,Maharashtra,West
ORD002580,CUST00450,2024-10-30 13:13:00,Delivered,Pune,Maharashtra,West
ORD000899,CUST00244,2024-10-30 13:50:00,Delivered,Coimbatore,Tamil Nadu,South
ORD000994,CUST00232,2024-10-30 15:25:00,Delivered,Thiruvananthapuram,Kerala,South
ORD000211,CUST00105,2024-10-30 16:22:00,Returned,Thiruvananthapuram,Kerala,South
ORD002248,CUST00389,2024-10-30 19:27:00,Delivered,Bengaluru,Karnataka,South
ORD001610,CUST00184,2024-10-30 20:02:00,Delivered,Jaipur,Rajasthan,North
ORD003193,CUST00018,2024-10-30 20:32:00,Delivered,Jaipur,Rajasthan,North
ORD003026,CUST00189,2024-10-31 10:06:00,Delivered,Guwahati,Assam,East
ORD002149,CUST00247,2024-10-31 10:12:00,Delivered,Bengaluru,Karnataka,South
ORD001375,CUST00406,2024-10-31 11:50:00,Pending,Pune,Maharashtra,West
ORD000175,CUST00113,2024-10-31 11:51:00,Delivered,Mumbai,Maharashtra,West
ORD002118,CUST00229,2024-10-31 14:59:00,Delivered,Kolkata,West Bengal,East
ORD001360,CUST00136,2024-10-31 15:16:00,Delivered,Mysuru,Karnataka,South
ORD000949,CUST00483,2024-10-31 15:25:00,Pending,Lucknow,Uttar Pradesh,North
ORD000780,CUST00012,2024-10-31 15:26:00,Delivered,Noida,Uttar Pradesh,North
ORD000159,CUST00147,2024-10-31 19:01:00,Cancelled,Lucknow,Uttar Pradesh,North
ORD001225,CUST00175,2024-10-31 20:31:00,Delivered,Nagpur,Maharashtra,West
ORD000669,CUST00211,2024-10-31 20:34:00,Delivered,Pune,Maharashtra,West
ORD000480,CUST00045,2024-10-31 21:52:00,Delivered,Bengaluru,Karnataka,South
ORD002387,CUST00273,2024-10-31 22:23:00,Delivered,Thiruvananthapuram,Kerala,South
ORD002034,CUST00052,2024-11-01 11:58:00,Delivered,Kochi,Kerala,South
ORD002410,CUST00154,2024-11-01 14:57:00,Returned,Delhi,Delhi,North
ORD002868,CUST00282,2024-11-01 15:12:00,Delivered,Bengaluru,Karnataka,South
ORD000961,CUST00307,2024-11-01 16:43:00,Delivered,Mysuru,Karnataka,South
ORD001523,CUST00301,2024-11-01 17:31:00,Delivered,Lucknow,Uttar Pradesh,North
ORD002311,CUST00240,2024-11-01 18:43:00,Delivered,Bhubaneswar,Odisha,East
ORD002330,CUST00315,2024-11-01 19:11:00,Delivered,Noida,Uttar Pradesh,North
ORD000155,CUST00253,2024-11-01 19:24:00,Delivered,Lucknow,Uttar Pradesh,North
ORD002824,CUST00103,2024-11-01 21:47:00,Cancelled,Delhi,Delhi,North
ORD002444,CUST00282,2024-11-02 08:14:00,Delivered,Bengaluru,Karnataka,South
ORD001450,CUST00303,2024-11-02 09:11:00,Delivered,Indore,Madhya Pradesh,Central
ORD000547,CUST00128,2024-11-02 10:43:00,Delivered,Kolkata,West Bengal,East
ORD001664,CUST00260,2024-11-02 10:43:00,Delivered,Bhopal,Madhya Pradesh,Central
ORD001967,CUST00405,2024-11-02 14:13:00,Delivered,Mumbai,Maharashtra,West
ORD002581,CUST00264,2024-11-02 17:00:00,Delivered,Noida,Uttar Pradesh,North
ORD001576,CUST00218,2024-11-02 18:28:00,Cancelled,Bengaluru,Karnataka,South
ORD000459,CUST00159,2024-11-02 18:41:00,Delivered,Ahmedabad,Gujarat,West
ORD003182,CUST00244,2024-11-02 19:09:00,Cancelled,Coimbatore,Tamil Nadu,South
ORD001423,CUST00029,2024-11-02 19:48:00,Delivered,Delhi,Delhi,North
ORD001302,CUST00017,2024-11-02 21:29:00,Delivered,Kochi,Kerala,South
ORD001114,CUST00331,2024-11-03 10:30:00,Delivered,Bhubaneswar,Odisha,East
ORD001776,CUST00351,2024-11-03 10:45:00,Delivered,Coimbatore,Tamil Nadu,South
ORD002445,CUST00225,2024-11-03 13:41:00,Delivered,Mysuru,Karnataka,South
ORD001909,CUST00071,2024-11-03 14:29:00,Delivered,Nagpur,Maharashtra,West
ORD000998,CUST00425,2024-11-03 15:05:00,Pending,Delhi,Delhi,North
ORD001763,CUST00415,2024-11-03 16:19:00,Delivered,Thiruvananthapuram,Kerala,South
ORD002908,CUST00476,2024-11-03 17:41:00,Delivered,Chennai,Tamil Nadu,South
ORD002022,CUST00086,2024-11-03 17:51:00,Delivered,Bengaluru,Karnataka,South
ORD002334,CUST00016,2024-11-03 18:16:00,Delivered,Ahmedabad,Gujarat,West
ORD001612,CUST00067,2024-11-03 18:23:00,Delivered,Delhi,Delhi,North
ORD002182,CUST00187,2024-11-03 20:05:00,Delivered,Gurugram,Haryana,North
ORD002132,CUST00231,2024-11-03 20:05:00,Cancelled,Patna,Bihar,East
ORD001615,CUST00092,2024-11-03 22:29:00,Delivered,Hyderabad,Telangana,South
ORD000868,CUST00345,2024-11-03 22:58:00,Delivered,Hyderabad,Telangana,South
ORD002085,CUST00477,2024-11-04 09:03:00,Delivered,Jaipur,Rajasthan,North
ORD003034,CUST00380,2024-11-04 09:28:00,Delivered,Chennai,Tamil Nadu,South
ORD003069,CUST00360,2024-11-04 12:58:00,Delivered,Patna,Bihar,East
ORD000247,CUST00345,2024-11-04 13:13:00,Delivered,Hyderabad,Telangana,South
ORD002211,CUST00456,2024-11-04 13:19:00,Delivered,Chandigarh,Punjab,North
ORD002511,CUST00282,2024-11-04 13:48:00,Delivered,Bengaluru,Karnataka,South
ORD001656,CUST00172,2024-11-04 14:30:00,Delivered,Kolkata,West Bengal,East
ORD000878,CUST00493,2024-11-04 14:47:00,Delivered,Pune,Maharashtra,West
ORD000039,CUST00244,2024-11-04 20:35:00,Delivered,Coimbatore,Tamil Nadu,South
ORD000360,CUST00395,2024-11-04 21:33:00,Returned,Pune,Maharashtra,West
ORD001215,CUST00353,2024-11-05 09:31:00,Delivered,Delhi,Delhi,North
ORD000341,CUST00447,2024-11-05 09:59:00,Delivered,Kochi,Kerala,South
ORD000027,CUST00086,2024-11-05 11:46:00,Returned,Bengaluru,Karnataka,South
ORD001201,CUST00293,2024-11-05 13:14:00,Pending,Delhi,Delhi,North
ORD000413,CUST00088,2024-11-05 13:40:00,Delivered,Patna,Bihar,East
ORD002537,CUST00492,2024-11-05 13:54:00,Delivered,Ahmedabad,Gujarat,West
ORD002164,CUST00228,2024-11-05 14:39:00,Delivered,Kochi,Kerala,South
ORD001839,CUST00008,2024-11-05 16:13:00,Delivered,Ahmedabad,Gujarat,West
ORD001748,CUST00054,2024-11-05 20:02:00,Cancelled,Ahmedabad,Gujarat,West
ORD001089,CUST00487,2024-11-06 13:17:00,Delivered,Raipur,Chhattisgarh,Central
ORD002551,CUST00228,2024-11-06 13:38:00,Delivered,Kochi,Kerala,South
ORD000208,CUST00029,2024-11-06 15:49:00,Pending,Delhi,Delhi,North
ORD000839,CUST00484,2024-11-06 17:09:00,Delivered,Coimbatore,Tamil Nadu,South
ORD000359,CUST00059,2024-11-06 19:32:00,Delivered,Mumbai,Maharashtra,West
ORD001991,CUST00159,2024-11-06 19:52:00,Delivered,Ahmedabad,Gujarat,West
ORD001571,CUST00133,2024-11-06 22:58:00,Delivered,Mysuru,Karnataka,South
ORD001548,CUST00489,2024-11-07 09:15:00,Returned,Mysuru,Karnataka,South
ORD003146,CUST00356,2024-11-07 09:46:00,Delivered,Bhubaneswar,Odisha,East
ORD003003,CUST00470,2024-11-07 12:07:00,Delivered,Chennai,Tamil Nadu,South
ORD002361,CUST00132,2024-11-07 12:12:00,Delivered,Noida,Uttar Pradesh,North
ORD000497,CUST00201,2024-11-07 13:45:00,Delivered,Pune,Maharashtra,West
ORD002566,CUST00100,2024-11-07 14:30:00,Delivered,Hyderabad,Telangana,South
ORD001948,CUST00081,2024-11-07 16:51:00,Returned,Bhubaneswar,Odisha,East
ORD000623,CUST00261,2024-11-07 16:57:00,Delivered,Chennai,Tamil Nadu,South
ORD001411,CUST00404,2024-11-07 18:59:00,Delivered,Surat,Gujarat,West
ORD001847,CUST00367,2024-11-07 21:32:00,Delivered,Gurugram,Haryana,North
ORD002079,CUST00286,2024-11-07 21:42:00,Delivered,Bengaluru,Karnataka,South
ORD001043,CUST00075,2024-11-07 22:39:00,Delivered,Chennai,Tamil Nadu,South
ORD003170,CUST00113,2024-11-07 22:47:00,Delivered,Mumbai,Maharashtra,West
ORD001744,CUST00480,2024-11-08 08:28:00,Delivered,Delhi,Delhi,North
ORD002212,CUST00172,2024-11-08 09:17:00,Cancelled,Kolkata,West Bengal,East
ORD000708,CUST00451,2024-11-08 09:17:00,Pending,Ahmedabad,Gujarat,West
ORD000727,CUST00228,2024-11-08 09:25:00,Cancelled,Kochi,Kerala,South
ORD002089,CUST00189,2024-11-08 10:17:00,Delivered,Guwahati,Assam,East
ORD000861,CUST00426,2024-11-08 13:07:00,Delivered,Bengaluru,Karnataka,South
ORD002967,CUST00246,2024-11-08 13:38:00,Delivered,Coimbatore,Tamil Nadu,South
ORD001387,CUST00456,2024-11-08 14:08:00,Returned,Chandigarh,Punjab,North
ORD002010,CUST00468,2024-11-08 14:18:00,Delivered,Gurugram,Haryana,North
ORD000743,CUST00059,2024-11-08 15:34:00,Delivered,Mumbai,Maharashtra,West
ORD003066,CUST00447,2024-11-08 16:13:00,Delivered,Hyderabad,Telangana,South
ORD000236,CUST00344,2024-11-08 16:47:00,Delivered,Hyderabad,Telangana,South
ORD002447,CUST00074,2024-11-08 19:52:00,Delivered,Hyderabad,Telangana,South
ORD000963,CUST00401,2024-11-08 22:08:00,Delivered,Coimbatore,Tamil Nadu,South
ORD002693,CUST00313,2024-11-08 22:44:00,Delivered,Ahmedabad,Gujarat,West
ORD001287,CUST00125,2024-11-09 09:20:00,Delivered,Noida,Uttar Pradesh,North
ORD002827,CUST00213,2024-11-09 09:37:00,Delivered,Hyderabad,Telangana,South
ORD000202,CUST00029,2024-11-09 10:14:00,Delivered,Delhi,Delhi,North
ORD001111,CUST00456,2024-11-09 13:35:00,Cancelled,Kochi,Kerala,South
ORD002117,CUST00092,2024-11-09 16:46:00,Pending,Hyderabad,Telangana,South
ORD001119,CUST00026,2024-11-09 17:53:00,Delivered,Ahmedabad,Gujarat,West
ORD001709,CUST00197,2024-11-09 19:42:00,Delivered,Noida,Uttar Pradesh,North
ORD000465,CUST00407,2024-11-09 20:10:00,Delivered,Jaipur,Rajasthan,North
ORD002736,CUST00172,2024-11-09 20:13:00,Delivered,Kolkata,West Bengal,East
ORD002548,CUST00351,2024-11-09 21:29:00,Delivered,Coimbatore,Tamil Nadu,South
ORD001145,CUST00225,2024-11-09 22:31:00,Cancelled,Mysuru,Karnataka,South
ORD001648,CUST00059,2024-11-10 10:15:00,Pending,Mumbai,Maharashtra,West
ORD000273,CUST00348,2024-11-10 10:58:00,Delivered,Surat,Gujarat,West
ORD001244,CUST00167,2024-11-10 11:51:00,Cancelled,Bhubaneswar,Odisha,East
ORD002828,CUST00494,2024-11-10 12:25:00,Delivered,Indore,Madhya Pradesh,Central
ORD001173,CUST00227,2024-11-10 12:54:00,Delivered,Thiruvananthapuram,Kerala,South
ORD001618,CUST00385,2024-11-10 15:55:00,Delivered,Surat,Gujarat,West
ORD000205,CUST00441,2024-11-10 16:29:00,Delivered,Chandigarh,Punjab,North
ORD000178,CUST00023,2024-11-10 19:27:00,Pending,Indore,Madhya Pradesh,Central
ORD000189,CUST00100,2024-11-10 19:36:00,Returned,Thiruvananthapuram,Kerala,South
ORD000624,CUST00293,2024-11-10 20:09:00,Delivered,Delhi,Delhi,North
ORD000904,CUST00017,2024-11-10 20:21:00,Delivered,Coimbatore,Tamil Nadu,South
ORD002191,CUST00341,2024-11-10 22:34:00,Returned,Thiruvananthapuram,Kerala,South
ORD002249,CUST00188,2024-11-11 09:20:00,Delivered,Thiruvananthapuram,Kerala,South
ORD001026,CUST00289,2024-11-11 10:10:00,Cancelled,Kochi,Kerala,South
ORD001534,CUST00253,2024-11-11 11:01:00,Delivered,Lucknow,Uttar Pradesh,North
ORD000828,CUST00489,2024-11-11 11:29:00,Pending,Mysuru,Karnataka,South
ORD002747,CUST00129,2024-11-11 11:30:00,Delivered,Lucknow,Uttar Pradesh,North
ORD000751,CUST00143,2024-11-11 14:13:00,Delivered,Kochi,Kerala,South
ORD003015,CUST00448,2024-11-11 15:21:00,Delivered,Coimbatore,Tamil Nadu,South
ORD001127,CUST00371,2024-11-11 20:09:00,Cancelled,Bengaluru,Karnataka,South
ORD002734,CUST00323,2024-11-12 09:14:00,Pending,Bhubaneswar,Odisha,East
ORD000557,CUST00408,2024-11-12 10:33:00,Delivered,Thiruvananthapuram,Kerala,South
ORD002653,CUST00202,2024-11-12 10:50:00,Delivered,Kochi,Kerala,South
ORD000687,CUST00455,2024-11-12 11:26:00,Delivered,Delhi,Delhi,North
ORD002977,CUST00014,2024-11-12 11:36:00,Delivered,Bengaluru,Karnataka,South
ORD000661,CUST00331,2024-11-12 17:52:00,Pending,Lucknow,Uttar Pradesh,North
ORD000061,CUST00266,2024-11-12 19:09:00,Delivered,Ahmedabad,Gujarat,West
ORD002844,CUST00052,2024-11-12 19:59:00,Delivered,Kochi,Kerala,South
ORD000110,CUST00485,2024-11-12 20:03:00,Returned,Bhubaneswar,Odisha,East
ORD002225,CUST00048,2024-11-12 20:50:00,Returned,Bengaluru,Karnataka,South
ORD000088,CUST00154,2024-11-12 22:11:00,Delivered,Delhi,Delhi,North
ORD000767,CUST00261,2024-11-13 09:22:00,Cancelled,Chennai,Tamil Nadu,South
ORD001630,CUST00008,2024-11-13 09:22:00,Delivered,Ahmedabad,Gujarat,West
ORD000808,CUST00132,2024-11-13 09:27:00,Returned,Noida,Uttar Pradesh,North
ORD003032,CUST00323,2024-11-13 10:53:00,Delivered,Bhubaneswar,Odisha,East
ORD000678,CUST00279,2024-11-13 11:58:00,Delivered,Chandigarh,Punjab,North
ORD000294,CUST00231,2024-11-13 13:16:00,Delivered,Patna,Bihar,East
ORD002865,CUST00099,2024-11-13 13:49:00,Delivered,Gurugram,Haryana,North
ORD001488,CUST00399,2024-11-13 15:48:00,Delivered,Chennai,Tamil Nadu,South
ORD003065,CUST00464,2024-11-13 18:15:00,Delivered,Mysuru,Karnataka,South
ORD000439,CUST00450,2024-11-13 18:40:00,Delivered,Pune,Maharashtra,West
ORD000760,CUST00106,2024-11-13 19:20:00,Delivered,Chennai,Tamil Nadu,South
ORD001970,CUST00251,2024-11-13 20:05:00,Delivered,Coimbatore,Tamil Nadu,South
ORD001132,CUST00160,2024-11-13 22:22:00,Delivered,Jaipur,Rajasthan,North
ORD000491,CUST00304,2024-11-14 08:52:00,Delivered,Thiruvananthapuram,Kerala,South
ORD002823,CUST00355,2024-11-14 10:40:00,Delivered,Chandigarh,Punjab,North
ORD001196,CUST00253,2024-11-14 11:46:00,Cancelled,Lucknow,Uttar Pradesh,North
ORD001953,CUST00017,2024-11-14 11:58:00,Delivered,Coimbatore,Tamil Nadu,South
ORD003023,CUST00296,2024-11-14 12:31:00,Delivered,Bhopal,Madhya Pradesh,Central
ORD000699,CUST00017,2024-11-14 17:02:00,Pending,Coimbatore,Tamil Nadu,South
ORD002739,CUST00190,2024-11-14 17:30:00,Pending,Mysuru,Karnataka,South
ORD001729,CUST00295,2024-11-14 17:50:00,Delivered,Noida,Uttar Pradesh,North
ORD001358,CUST00209,2024-11-14 18:50:00,Delivered,Nagpur,Maharashtra,West
ORD002486,CUST00109,2024-11-14 19:21:00,Delivered,Delhi,Delhi,North
ORD002169,CUST00249,2024-11-14 19:48:00,Delivered,Thiruvananthapuram,Kerala,South
ORD001180,CUST00130,2024-11-14 20:26:00,Pending,Chennai,Tamil Nadu,South
ORD001906,CUST00331,2024-11-14 21:24:00,Delivered,Lucknow,Uttar Pradesh,North
ORD000834,CUST00110,2024-11-14 21:42:00,Delivered,Mumbai,Maharashtra,West
ORD002857,CUST00202,2024-11-14 22:11:00,Delivered,Kochi,Kerala,South
ORD001436,CUST00432,2024-11-15 08:30:00,Delivered,Mumbai,Maharashtra,West
ORD001251,CUST00005,2024-11-15 09:29:00,Returned,Mumbai,Maharashtra,West
ORD001464,CUST00074,2024-11-15 09:47:00,Delivered,Patna,Bihar,East
ORD001869,CUST00497,2024-11-15 09:52:00,Returned,Surat,Gujarat,West
ORD000147,CUST00377,2024-11-15 13:56:00,Delivered,Kolkata,West Bengal,East
ORD001489,CUST00477,2024-11-15 15:42:00,Delivered,Jaipur,Rajasthan,North
ORD001666,CUST00480,2024-11-15 16:04:00,Delivered,Delhi,Delhi,North
ORD003027,CUST00189,2024-11-15 16:48:00,Delivered,Bengaluru,Karnataka,South
ORD000794,CUST00264,2024-11-15 17:29:00,Returned,Noida,Uttar Pradesh,North
ORD000870,CUST00049,2024-11-15 18:03:00,Delivered,Lucknow,Uttar Pradesh,North
ORD001588,CUST00232,2024-11-15 18:14:00,Delivered,Thiruvananthapuram,Kerala,South
ORD002076,CUST00111,2024-11-15 19:24:00,Cancelled,Bhubaneswar,Odisha,East
ORD000107,CUST00333,2024-11-15 19:37:00,Cancelled,Chandigarh,Punjab,North
ORD002255,CUST00477,2024-11-15 20:13:00,Cancelled,Jaipur,Rajasthan,North
ORD002764,CUST00211,2024-11-15 22:58:00,Delivered,Pune,Maharashtra,West
ORD002875,CUST00153,2024-11-16 08:14:00,Delivered,Jaipur,Rajasthan,North
ORD002435,CUST00049,2024-11-16 08:50:00,Delivered,Lucknow,Uttar Pradesh,North
ORD002392,CUST00096,2024-11-16 08:50:00,Cancelled,Ahmedabad,Gujarat,West
ORD001812,CUST00345,2024-11-16 09:12:00,Returned,Hyderabad,Telangana,South
ORD002595,CUST00301,2024-11-16 09:40:00,Delivered,Lucknow,Uttar Pradesh,North
ORD002431,CUST00443,2024-11-16 09:52:00,Delivered,Nagpur,Maharashtra,West
ORD002388,CUST00173,2024-11-16 09:58:00,Delivered,Coimbatore,Tamil Nadu,South
ORD002791,CUST00202,2024-11-16 12:05:00,Delivered,Kochi,Kerala,South
ORD000423,CUST00327,2024-11-16 13:19:00,Delivered,Surat,Gujarat,West
ORD000566,CUST00301,2024-11-16 13:24:00,Delivered,Lucknow,Uttar Pradesh,North
ORD000184,CUST00240,2024-11-16 13:33:00,Delivered,Bhubaneswar,Odisha,East
ORD000746,CUST00312,2024-11-16 13:44:00,Delivered,Chandigarh,Punjab,North
ORD001790,CUST00329,2024-11-16 15:02:00,Pending,Chennai,Tamil Nadu,South
ORD002485,CUST00396,2024-11-16 16:44:00,Delivered,Surat,Gujarat,West
ORD000947,CUST00172,2024-11-16 16:59:00,Cancelled,Mumbai,Maharashtra,West
ORD000554,CUST00109,2024-11-16 17:53:00,Cancelled,Delhi,Delhi,North
ORD001228,CUST00492,2024-11-16 19:52:00,Pending,Ahmedabad,Gujarat,West
ORD000823,CUST00143,2024-11-16 20:25:00,Delivered,Kochi,Kerala,South
ORD002786,CUST00095,2024-11-16 22:06:00,Delivered,Mumbai,Maharashtra,West
ORD002404,CUST00196,2024-11-16 22:17:00,Delivered,Bengaluru,Karnataka,South
ORD000181,CUST00267,2024-11-17 08:19:00,Cancelled,Ahmedabad,Gujarat,West
ORD002272,CUST00331,2024-11-17 09:35:00,Delivered,Lucknow,Uttar Pradesh,North
ORD001945,CUST00228,2024-11-17 10:24:00,Cancelled,Kochi,Kerala,South
ORD000513,CUST00260,2024-11-17 10:46:00,Delivered,Bhopal,Madhya Pradesh,Central
ORD001446,CUST00410,2024-11-17 12:10:00,Pending,Lucknow,Uttar Pradesh,North
ORD000715,CUST00289,2024-11-17 12:11:00,Delivered,Kochi,Kerala,South
ORD002041,CUST00443,2024-11-17 14:54:00,Delivered,Nagpur,Maharashtra,West
ORD001149,CUST00262,2024-11-17 15:32:00,Delivered,Surat,Gujarat,West
ORD000671,CUST00444,2024-11-17 17:34:00,Delivered,Pune,Maharashtra,West
ORD000885,CUST00287,2024-11-17 18:27:00,Pending,Nagpur,Maharashtra,West
ORD001429,CUST00304,2024-11-17 19:52:00,Delivered,Thiruvananthapuram,Kerala,South
ORD002508,CUST00202,2024-11-17 20:30:00,Delivered,Hyderabad,Telangana,South
ORD003016,CUST00487,2024-11-17 22:33:00,Returned,Raipur,Chhattisgarh,Central
ORD000922,CUST00136,2024-11-17 22:36:00,Delivered,Mysuru,Karnataka,South
ORD002327,CUST00332,2024-11-17 22:39:00,Delivered,Coimbatore,Tamil Nadu,South
ORD000485,CUST00018,2024-11-18 08:32:00,Delivered,Jaipur,Rajasthan,North
ORD002892,CUST00344,2024-11-18 09:02:00,Delivered,Hyderabad,Telangana,South
ORD000335,CUST00022,2024-11-18 09:05:00,Delivered,Bengaluru,Karnataka,South
ORD000786,CUST00126,2024-11-18 09:06:00,Delivered,Gurugram,Haryana,North
ORD001782,CUST00175,2024-11-18 09:23:00,Cancelled,Nagpur,Maharashtra,West
ORD001552,CUST00010,2024-11-18 10:13:00,Delivered,Gurugram,Haryana,North
ORD001465,CUST00351,2024-11-18 11:21:00,Delivered,Coimbatore,Tamil Nadu,South
ORD000775,CUST00228,2024-11-18 14:54:00,Delivered,Noida,Uttar Pradesh,North
ORD000888,CUST00320,2024-11-18 15:28:00,Delivered,Jaipur,Rajasthan,North
ORD002459,CUST00015,2024-11-18 19:50:00,Delivered,Mysuru,Karnataka,South
ORD002606,CUST00244,2024-11-19 08:09:00,Delivered,Coimbatore,Tamil Nadu,South
ORD001370,CUST00045,2024-11-19 09:46:00,Delivered,Bengaluru,Karnataka,South
ORD002099,CUST00477,2024-11-19 10:13:00,Delivered,Jaipur,Rajasthan,North
ORD002713,CUST00143,2024-11-19 10:14:00,Delivered,Kochi,Kerala,South
ORD002185,CUST00289,2024-11-19 11:15:00,Delivered,Kochi,Kerala,South
ORD000024,CUST00425,2024-11-19 12:19:00,Delivered,Delhi,Delhi,North
ORD002723,CUST00211,2024-11-19 14:32:00,Delivered,Pune,Maharashtra,West
ORD000299,CUST00015,2024-11-19 18:14:00,Delivered,Mysuru,Karnataka,South
ORD000087,CUST00347,2024-11-19 18:34:00,Cancelled,Nagpur,Maharashtra,West
ORD002724,CUST00071,2024-11-20 08:28:00,Delivered,Nagpur,Maharashtra,West
ORD001011,CUST00485,2024-11-20 10:55:00,Delivered,Bhubaneswar,Odisha,East
ORD001897,CUST00363,2024-11-20 11:21:00,Delivered,Bhubaneswar,Odisha,East
ORD000534,CUST00020,2024-11-20 11:48:00,Delivered,Kochi,Kerala,South
ORD002969,CUST00498,2024-11-20 12:39:00,Delivered,Bengaluru,Karnataka,South
ORD000014,CUST00132,2024-11-20 13:23:00,Delivered,Noida,Uttar Pradesh,North
ORD001304,CUST00021,2024-11-20 14:37:00,Delivered,Gurugram,Haryana,North
ORD000832,CUST00143,2024-11-20 16:07:00,Delivered,Kochi,Kerala,South
ORD003195,CUST00237,2024-11-20 17:12:00,Cancelled,Lucknow,Uttar Pradesh,North
ORD000139,CUST00348,2024-11-20 18:19:00,Pending,Thiruvananthapuram,Kerala,South
ORD001106,CUST00380,2024-11-20 18:21:00,Delivered,Chennai,Tamil Nadu,South
ORD000233,CUST00103,2024-11-20 19:15:00,Delivered,Delhi,Delhi,North
ORD002354,CUST00053,2024-11-20 19:32:00,Delivered,Kochi,Kerala,South
ORD000804,CUST00283,2024-11-20 20:00:00,Delivered,Bengaluru,Karnataka,South
ORD001388,CUST00305,2024-11-21 10:13:00,Delivered,Ahmedabad,Gujarat,West
ORD000799,CUST00399,2024-11-21 10:19:00,Delivered,Hyderabad,Telangana,South
ORD000581,CUST00278,2024-11-21 11:58:00,Delivered,Chandigarh,Punjab,North
ORD001982,CUST00138,2024-11-21 12:12:00,Cancelled,Bengaluru,Karnataka,South
ORD000493,CUST00332,2024-11-21 16:13:00,Cancelled,Kochi,Kerala,South
ORD001881,CUST00074,2024-11-21 19:43:00,Delivered,Hyderabad,Telangana,South
ORD000452,CUST00491,2024-11-21 19:46:00,Delivered,Surat,Gujarat,West
ORD002943,CUST00032,2024-11-21 20:34:00,Delivered,Bhopal,Madhya Pradesh,Central
ORD000898,CUST00464,2024-11-21 22:13:00,Pending,Nagpur,Maharashtra,West
ORD003042,CUST00004,2024-11-21 22:45:00,Delivered,Thiruvananthapuram,Kerala,South
ORD002028,CUST00377,2024-11-22 10:57:00,Returned,Kolkata,West Bengal,East
ORD000689,CUST00066,2024-11-22 15:16:00,Delivered,Delhi,Delhi,North
ORD002831,CUST00195,2024-11-22 17:24:00,Delivered,Pune,Maharashtra,West
ORD002104,CUST00326,2024-11-22 17:28:00,Returned,Thiruvananthapuram,Kerala,South
ORD002634,CUST00396,2024-11-22 18:04:00,Delivered,Surat,Gujarat,West
ORD001276,CUST00032,2024-11-22 18:42:00,Delivered,Bhopal,Madhya Pradesh,Central
ORD000997,CUST00153,2024-11-22 22:09:00,Delivered,Jaipur,Rajasthan,North
ORD000209,CUST00396,2024-11-22 22:34:00,Pending,Surat,Gujarat,West
ORD000082,CUST00129,2024-11-22 22:39:00,Returned,Kochi,Kerala,South
ORD002553,CUST00338,2024-11-23 08:34:00,Delivered,Chennai,Tamil Nadu,South
ORD002697,CUST00121,2024-11-23 10:59:00,Delivered,Chennai,Tamil Nadu,South
ORD001070,CUST00018,2024-11-23 12:11:00,Delivered,Jaipur,Rajasthan,North
ORD002883,CUST00323,2024-11-23 13:26:00,Delivered,Bhubaneswar,Odisha,East
ORD002300,CUST00148,2024-11-23 14:45:00,Delivered,Ahmedabad,Gujarat,West
ORD001301,CUST00456,2024-11-23 16:31:00,Delivered,Chandigarh,Punjab,North
ORD002467,CUST00105,2024-11-23 16:34:00,Delivered,Thiruvananthapuram,Kerala,South
ORD001036,CUST00329,2024-11-23 17:46:00,Returned,Chennai,Tamil Nadu,South
ORD001713,CUST00126,2024-11-23 21:10:00,Returned,Gurugram,Haryana,North
ORD000166,CUST00370,2024-11-23 21:36:00,Delivered,Mumbai,Maharashtra,West
ORD001183,CUST00069,2024-11-24 08:41:00,Delivered,Pune,Maharashtra,West
ORD002397,CUST00276,2024-11-24 10:00:00,Delivered,Hyderabad,Telangana,South
ORD002691,CUST00344,2024-11-24 10:05:00,Delivered,Hyderabad,Telangana,South
ORD000272,CUST00371,2024-11-24 11:51:00,Delivered,Bengaluru,Karnataka,South
ORD001827,CUST00277,2024-11-24 12:24:00,Delivered,Noida,Uttar Pradesh,North
ORD001653,CUST00386,2024-11-24 12:57:00,Cancelled,Ahmedabad,Gujarat,West
ORD002060,CUST00105,2024-11-24 13:52:00,Delivered,Thiruvananthapuram,Kerala,South
ORD000640,CUST00133,2024-11-24 14:41:00,Delivered,Mysuru,Karnataka,South
ORD002142,CUST00322,2024-11-24 14:44:00,Delivered,Bhubaneswar,Odisha,East
ORD001655,CUST00173,2024-11-24 16:12:00,Delivered,Pune,Maharashtra,West
ORD002100,CUST00005,2024-11-24 17:35:00,Delivered,Mumbai,Maharashtra,West
ORD000410,CUST00031,2024-11-24 17:57:00,Delivered,Pune,Maharashtra,West
ORD000709,CUST00104,2024-11-24 18:25:00,Delivered,Surat,Gujarat,West
ORD000880,CUST00247,2024-11-24 18:27:00,Delivered,Bengaluru,Karnataka,South
ORD002629,CUST00100,2024-11-24 22:38:00,Delivered,Hyderabad,Telangana,South
ORD001700,CUST00148,2024-11-24 22:52:00,Delivered,Ahmedabad,Gujarat,West
ORD001014,CUST00120,2024-11-25 10:07:00,Delivered,Coimbatore,Tamil Nadu,South
ORD002005,CUST00282,2024-11-25 14:12:00,Delivered,Bengaluru,Karnataka,South
ORD001108,CUST00016,2024-11-25 15:29:00,Delivered,Ahmedabad,Gujarat,West
ORD001128,CUST00293,2024-11-25 16:18:00,Delivered,Delhi,Delhi,North
ORD002114,CUST00354,2024-11-25 16:38:00,Delivered,Delhi,Delhi,North
ORD002700,CUST00132,2024-11-25 18:07:00,Delivered,Noida,Uttar Pradesh,North
ORD000993,CUST00487,2024-11-25 20:40:00,Delivered,Raipur,Chhattisgarh,Central
ORD002219,CUST00439,2024-11-25 21:42:00,Delivered,Hyderabad,Telangana,South
ORD002257,CUST00305,2024-11-26 08:35:00,Delivered,Ahmedabad,Gujarat,West
ORD002507,CUST00148,2024-11-26 09:36:00,Returned,Mysuru,Karnataka,South
ORD002650,CUST00376,2024-11-26 12:11:00,Delivered,Ahmedabad,Gujarat,West
ORD002683,CUST00119,2024-11-26 12:20:00,Pending,Bhubaneswar,Odisha,East
ORD002335,CUST00113,2024-11-26 13:19:00,Delivered,Mumbai,Maharashtra,West
ORD002746,CUST00450,2024-11-26 15:37:00,Delivered,Pune,Maharashtra,West
ORD001462,CUST00301,2024-11-26 16:42:00,Cancelled,Lucknow,Uttar Pradesh,North
ORD000109,CUST00121,2024-11-26 17:08:00,Delivered,Chennai,Tamil Nadu,South
ORD002788,CUST00170,2024-11-26 18:56:00,Delivered,Bengaluru,Karnataka,South
ORD002299,CUST00012,2024-11-26 19:49:00,Delivered,Noida,Uttar Pradesh,North
ORD001914,CUST00192,2024-11-26 20:53:00,Delivered,Gurugram,Haryana,North
ORD002671,CUST00173,2024-11-26 20:55:00,Cancelled,Bhopal,Madhya Pradesh,Central
ORD001448,CUST00329,2024-11-26 21:45:00,Delivered,Chennai,Tamil Nadu,South
ORD003173,CUST00144,2024-11-26 22:16:00,Delivered,Delhi,Delhi,North
ORD001547,CUST00161,2024-11-26 22:33:00,Delivered,Chennai,Tamil Nadu,South
ORD001872,CUST00002,2024-11-26 22:45:00,Cancelled,Mysuru,Karnataka,South
ORD002495,CUST00347,2024-11-27 10:47:00,Delivered,Nagpur,Maharashtra,West
ORD003081,CUST00053,2024-11-27 11:18:00,Delivered,Kochi,Kerala,South
ORD000199,CUST00391,2024-11-27 13:15:00,Delivered,Ahmedabad,Gujarat,West
ORD003075,CUST00232,2024-11-27 16:01:00,Pending,Surat,Gujarat,West
ORD001647,CUST00490,2024-11-27 17:24:00,Delivered,Bengaluru,Karnataka,South
ORD002937,CUST00247,2024-11-27 19:59:00,Cancelled,Bengaluru,Karnataka,South
ORD002672,CUST00159,2024-11-27 22:41:00,Delivered,Ahmedabad,Gujarat,West
ORD001684,CUST00221,2024-11-28 09:08:00,Delivered,Mysuru,Karnataka,South
ORD001144,CUST00433,2024-11-28 09:41:00,Delivered,Pune,Maharashtra,West
ORD001439,CUST00282,2024-11-28 11:37:00,Delivered,Bengaluru,Karnataka,South
ORD003068,CUST00464,2024-11-28 14:25:00,Delivered,Mysuru,Karnataka,South
ORD002668,CUST00255,2024-11-28 16:04:00,Delivered,Bengaluru,Karnataka,South
ORD002155,CUST00128,2024-11-28 17:15:00,Delivered,Kolkata,West Bengal,East
ORD001379,CUST00017,2024-11-28 17:32:00,Delivered,Coimbatore,Tamil Nadu,South
ORD001080,CUST00305,2024-11-28 17:55:00,Delivered,Ahmedabad,Gujarat,West
ORD002976,CUST00121,2024-11-28 18:05:00,Delivered,Chennai,Tamil Nadu,South
ORD000280,CUST00021,2024-11-28 18:20:00,Delivered,Gurugram,Haryana,North
ORD000662,CUST00371,2024-11-28 18:32:00,Delivered,Bengaluru,Karnataka,South
ORD002162,CUST00347,2024-11-28 18:56:00,Delivered,Nagpur,Maharashtra,West
ORD002090,CUST00393,2024-11-28 20:02:00,Delivered,Chennai,Tamil Nadu,South
ORD002394,CUST00073,2024-11-28 21:32:00,Delivered,Surat,Gujarat,West
ORD000813,CUST00446,2024-11-29 09:40:00,Delivered,Jaipur,Rajasthan,North
ORD001216,CUST00041,2024-11-29 10:41:00,Delivered,Thiruvananthapuram,Kerala,South
ORD000909,CUST00383,2024-11-29 13:34:00,Returned,Pune,Maharashtra,West
ORD001935,CUST00244,2024-11-29 13:51:00,Pending,Coimbatore,Tamil Nadu,South
ORD001303,CUST00346,2024-11-29 14:47:00,Delivered,Thiruvananthapuram,Kerala,South
ORD002069,CUST00430,2024-11-29 15:14:00,Delivered,Chennai,Tamil Nadu,South
ORD000125,CUST00026,2024-11-29 15:40:00,Cancelled,Ahmedabad,Gujarat,West
ORD001315,CUST00210,2024-11-29 19:37:00,Delivered,Chandigarh,Punjab,North
ORD001860,CUST00397,2024-11-29 20:25:00,Delivered,Mumbai,Maharashtra,West
ORD000333,CUST00032,2024-11-29 21:40:00,Delivered,Bhopal,Madhya Pradesh,Central
ORD001895,CUST00105,2024-11-30 08:37:00,Returned,Thiruvananthapuram,Kerala,South
ORD002350,CUST00138,2024-11-30 11:03:00,Cancelled,Bengaluru,Karnataka,South
ORD002632,CUST00433,2024-11-30 11:25:00,Delivered,Pune,Maharashtra,West
ORD003143,CUST00128,2024-11-30 12:23:00,Returned,Kolkata,West Bengal,East
ORD001628,CUST00036,2024-11-30 13:45:00,Delivered,Pune,Maharashtra,West
ORD001456,CUST00092,2024-11-30 14:18:00,Delivered,Hyderabad,Telangana,South
ORD002927,CUST00143,2024-11-30 14:24:00,Delivered,Lucknow,Uttar Pradesh,North
ORD000865,CUST00292,2024-11-30 14:42:00,Delivered,Hyderabad,Telangana,South
ORD002635,CUST00388,2024-11-30 14:56:00,Delivered,Pune,Maharashtra,West
ORD002398,CUST00027,2024-11-30 17:44:00,Delivered,Lucknow,Uttar Pradesh,North
ORD003199,CUST00172,2024-11-30 19:05:00,Returned,Kolkata,West Bengal,East
ORD003119,CUST00141,2024-11-30 19:46:00,Delivered,Bengaluru,Karnataka,South
ORD001267,CUST00122,2024-11-30 20:30:00,Cancelled,Raipur,Chhattisgarh,Central
ORD002052,CUST00132,2024-11-30 22:43:00,Delivered,Noida,Uttar Pradesh,North
ORD000201,CUST00444,2024-12-01 09:32:00,Cancelled,Pune,Maharashtra,West
ORD002256,CUST00326,2024-12-01 10:55:00,Returned,Thiruvananthapuram,Kerala,South
ORD002709,CUST00055,2024-12-02 09:21:00,Delivered,Kochi,Kerala,South
ORD002192,CUST00191,2024-12-02 09:50:00,Cancelled,Gurugram,Haryana,North
ORD002639,CUST00085,2024-12-02 13:22:00,Delivered,Kochi,Kerala,South
ORD001281,CUST00249,2024-12-02 13:39:00,Pending,Thiruvananthapuram,Kerala,South
ORD003156,CUST00049,2024-12-02 15:27:00,Cancelled,Lucknow,Uttar Pradesh,North
ORD000565,CUST00136,2024-12-02 17:15:00,Delivered,Mysuru,Karnataka,South
ORD000372,CUST00455,2024-12-02 18:13:00,Delivered,Delhi,Delhi,North
ORD000968,CUST00099,2024-12-02 20:20:00,Delivered,Gurugram,Haryana,North
ORD002754,CUST00218,2024-12-03 15:00:00,Delivered,Bengaluru,Karnataka,South
ORD000418,CUST00119,2024-12-03 15:24:00,Delivered,Chennai,Tamil Nadu,South
ORD002994,CUST00150,2024-12-03 17:31:00,Returned,Coimbatore,Tamil Nadu,South
ORD002852,CUST00273,2024-12-04 09:57:00,Delivered,Thiruvananthapuram,Kerala,South
ORD002482,CUST00381,2024-12-04 10:05:00,Delivered,Chennai,Tamil Nadu,South
ORD000777,CUST00073,2024-12-04 12:45:00,Delivered,Surat,Gujarat,West
ORD001157,CUST00385,2024-12-04 16:54:00,Pending,Surat,Gujarat,West
ORD000792,CUST00081,2024-12-04 21:34:00,Delivered,Bhubaneswar,Odisha,East
ORD002102,CUST00150,2024-12-05 10:46:00,Delivered,Coimbatore,Tamil Nadu,South
ORD000192,CUST00028,2024-12-05 12:49:00,Delivered,Delhi,Delhi,North
ORD001100,CUST00371,2024-12-05 17:08:00,Delivered,Bengaluru,Karnataka,South
ORD001965,CUST00370,2024-12-05 17:41:00,Delivered,Mumbai,Maharashtra,West
ORD001957,CUST00478,2024-12-05 17:56:00,Delivered,Hyderabad,Telangana,South
ORD001260,CUST00129,2024-12-05 19:23:00,Delivered,Kochi,Kerala,South
ORD000693,CUST00032,2024-12-06 09:13:00,Delivered,Bhopal,Madhya Pradesh,Central
ORD002952,CUST00152,2024-12-06 09:17:00,Returned,Hyderabad,Telangana,South
ORD002073,CUST00044,2024-12-06 09:45:00,Delivered,Mysuru,Karnataka,South
ORD002308,CUST00329,2024-12-06 12:35:00,Delivered,Chennai,Tamil Nadu,South
ORD000860,CUST00353,2024-12-06 17:18:00,Delivered,Delhi,Delhi,North
ORD002859,CUST00052,2024-12-06 17:35:00,Delivered,Kochi,Kerala,South
ORD000458,CUST00405,2024-12-06 22:02:00,Delivered,Mumbai,Maharashtra,West
ORD001308,CUST00162,2024-12-07 16:25:00,Delivered,Mumbai,Maharashtra,West
ORD002210,CUST00121,2024-12-07 19:42:00,Cancelled,Noida,Uttar Pradesh,North
ORD001884,CUST00161,2024-12-08 08:54:00,Delivered,Chennai,Tamil Nadu,South
ORD000462,CUST00219,2024-12-08 10:07:00,Delivered,Chennai,Tamil Nadu,South
ORD002506,CUST00007,2024-12-08 11:40:00,Delivered,Ahmedabad,Gujarat,West
ORD003022,CUST00146,2024-12-08 13:18:00,Delivered,Guwahati,Assam,East
ORD002502,CUST00112,2024-12-08 13:38:00,Pending,Guwahati,Assam,East
ORD002049,CUST00189,2024-12-08 14:10:00,Delivered,Guwahati,Assam,East
ORD001451,CUST00497,2024-12-08 14:13:00,Delivered,Surat,Gujarat,West
ORD002886,CUST00341,2024-12-08 20:42:00,Delivered,Thiruvananthapuram,Kerala,South
ORD002014,CUST00465,2024-12-09 09:08:00,Delivered,Pune,Maharashtra,West
ORD001903,CUST00351,2024-12-09 10:03:00,Delivered,Bengaluru,Karnataka,South
ORD000216,CUST00326,2024-12-09 10:45:00,Delivered,Thiruvananthapuram,Kerala,South
ORD002915,CUST00034,2024-12-09 12:20:00,Cancelled,Kochi,Kerala,South
ORD001741,CUST00286,2024-12-09 16:26:00,Delivered,Gurugram,Haryana,North
ORD000910,CUST00495,2024-12-09 16:44:00,Delivered,Coimbatore,Tamil Nadu,South
ORD001490,CUST00380,2024-12-09 17:30:00,Delivered,Chennai,Tamil Nadu,South
ORD001724,CUST00491,2024-12-09 20:56:00,Delivered,Surat,Gujarat,West
ORD001808,CUST00189,2024-12-10 08:42:00,Delivered,Guwahati,Assam,East
ORD002744,CUST00443,2024-12-10 10:16:00,Delivered,Nagpur,Maharashtra,West
ORD001060,CUST00365,2024-12-10 13:35:00,Delivered,Pune,Maharashtra,West
ORD002187,CUST00408,2024-12-10 19:01:00,Delivered,Thiruvananthapuram,Kerala,South
ORD000369,CUST00042,2024-12-10 19:05:00,Delivered,Patna,Bihar,East
ORD001083,CUST00022,2024-12-10 20:19:00,Returned,Bengaluru,Karnataka,South
ORD002555,CUST00396,2024-12-11 08:38:00,Pending,Surat,Gujarat,West
ORD002012,CUST00100,2024-12-11 13:33:00,Delivered,Hyderabad,Telangana,South
ORD000332,CUST00129,2024-12-11 14:05:00,Cancelled,Kochi,Kerala,South
ORD003179,CUST00362,2024-12-11 15:11:00,Delivered,Mysuru,Karnataka,South
ORD002636,CUST00474,2024-12-11 15:51:00,Delivered,Kochi,Kerala,South
ORD003148,CUST00217,2024-12-11 16:37:00,Cancelled,Pune,Maharashtra,West
ORD001579,CUST00244,2024-12-11 16:45:00,Pending,Coimbatore,Tamil Nadu,South
ORD000374,CUST00069,2024-12-11 18:00:00,Delivered,Pune,Maharashtra,West
ORD000342,CUST00094,2024-12-12 09:50:00,Delivered,Kolkata,West Bengal,East
ORD002370,CUST00476,2024-12-12 11:18:00,Delivered,Chennai,Tamil Nadu,South
ORD001536,CUST00222,2024-12-12 14:27:00,Cancelled,Kolkata,West Bengal,East
ORD001048,CUST00291,2024-12-12 20:40:00,Delivered,Bengaluru,Karnataka,South
ORD002294,CUST00370,2024-12-12 22:54:00,Delivered,Mumbai,Maharashtra,West
ORD001455,CUST00282,2024-12-13 08:05:00,Delivered,Bengaluru,Karnataka,South
ORD001264,CUST00111,2024-12-13 09:00:00,Delivered,Bhubaneswar,Odisha,East
ORD001937,CUST00173,2024-12-13 09:22:00,Delivered,Pune,Maharashtra,West
ORD002423,CUST00207,2024-12-13 10:12:00,Returned,Hyderabad,Telangana,South
ORD000145,CUST00022,2024-12-13 15:04:00,Delivered,Bengaluru,Karnataka,South
ORD002430,CUST00179,2024-12-13 17:06:00,Delivered,Hyderabad,Telangana,South
ORD001743,CUST00094,2024-12-13 21:33:00,Cancelled,Kolkata,West Bengal,East
ORD001226,CUST00143,2024-12-13 21:46:00,Pending,Kochi,Kerala,South
ORD000541,CUST00021,2024-12-14 08:00:00,Pending,Gurugram,Haryana,North
ORD000431,CUST00135,2024-12-14 08:37:00,Delivered,Delhi,Delhi,North
ORD001770,CUST00128,2024-12-14 09:28:00,Delivered,Kolkata,West Bengal,East
ORD001535,CUST00425,2024-12-14 12:29:00,Delivered,Delhi,Delhi,North
ORD000924,CUST00452,2024-12-14 13:22:00,Returned,Bengaluru,Karnataka,South
ORD001350,CUST00112,2024-12-14 15:37:00,Cancelled,Guwahati,Assam,East
ORD002130,CUST00045,2024-12-14 18:09:00,Delivered,Bengaluru,Karnataka,South
ORD001559,CUST00084,2024-12-14 18:51:00,Delivered,Thiruvananthapuram,Kerala,South
ORD002400,CUST00412,2024-12-14 19:33:00,Delivered,Lucknow,Uttar Pradesh,North
ORD001818,CUST00393,2024-12-14 20:34:00,Returned,Chennai,Tamil Nadu,South
ORD002001,CUST00292,2024-12-14 22:08:00,Delivered,Hyderabad,Telangana,South
ORD000343,CUST00365,2024-12-14 22:22:00,Delivered,Bhopal,Madhya Pradesh,Central
ORD002217,CUST00182,2024-12-15 08:59:00,Pending,Hyderabad,Telangana,South
ORD002627,CUST00428,2024-12-15 10:40:00,Delivered,Mumbai,Maharashtra,West
ORD003029,CUST00055,2024-12-15 11:00:00,Delivered,Kochi,Kerala,South
ORD002403,CUST00137,2024-12-15 11:18:00,Delivered,Nagpur,Maharashtra,West
ORD002221,CUST00204,2024-12-15 15:22:00,Pending,Bhopal,Madhya Pradesh,Central
ORD000049,CUST00477,2024-12-15 20:34:00,Returned,Jaipur,Rajasthan,North
ORD003028,CUST00259,2024-12-15 22:02:00,Delivered,Jaipur,Rajasthan,North
ORD002959,CUST00278,2024-12-16 08:35:00,Cancelled,Chandigarh,Punjab,North
ORD002666,CUST00485,2024-12-16 08:45:00,Delivered,Bhubaneswar,Odisha,East
ORD001198,CUST00428,2024-12-16 10:20:00,Delivered,Mysuru,Karnataka,South
ORD001504,CUST00217,2024-12-16 14:17:00,Delivered,Pune,Maharashtra,West
ORD000649,CUST00018,2024-12-16 14:51:00,Delivered,Jaipur,Rajasthan,North
ORD001699,CUST00129,2024-12-16 17:46:00,Returned,Kochi,Kerala,South
ORD002792,CUST00017,2024-12-16 18:29:00,Delivered,Coimbatore,Tamil Nadu,South
ORD000003,CUST00227,2024-12-16 19:46:00,Delivered,Gurugram,Haryana,North
ORD002526,CUST00380,2024-12-17 11:39:00,Returned,Gurugram,Haryana,North
ORD000283,CUST00078,2024-12-17 14:19:00,Pending,Mysuru,Karnataka,South
ORD000848,CUST00148,2024-12-17 15:35:00,Delivered,Ahmedabad,Gujarat,West
ORD003192,CUST00163,2024-12-17 18:03:00,Delivered,Bengaluru,Karnataka,South
ORD000637,CUST00439,2024-12-17 18:20:00,Delivered,Hyderabad,Telangana,South
ORD002246,CUST00106,2024-12-17 19:47:00,Delivered,Chennai,Tamil Nadu,South
ORD003055,CUST00029,2024-12-17 22:19:00,Delivered,Delhi,Delhi,North
ORD002075,CUST00101,2024-12-18 09:38:00,Delivered,Chennai,Tamil Nadu,South
ORD001141,CUST00196,2024-12-18 11:35:00,Delivered,Bengaluru,Karnataka,South
ORD001925,CUST00485,2024-12-18 14:22:00,Delivered,Bhubaneswar,Odisha,East
ORD000417,CUST00208,2024-12-18 14:40:00,Delivered,Mysuru,Karnataka,South
ORD000487,CUST00110,2024-12-18 15:51:00,Returned,Mumbai,Maharashtra,West
ORD001406,CUST00456,2024-12-18 17:01:00,Delivered,Chandigarh,Punjab,North
ORD001514,CUST00494,2024-12-18 17:47:00,Delivered,Indore,Madhya Pradesh,Central
ORD001806,CUST00170,2024-12-18 20:39:00,Cancelled,Bengaluru,Karnataka,South
ORD000144,CUST00138,2024-12-18 21:07:00,Delivered,Bengaluru,Karnataka,South
ORD000943,CUST00140,2024-12-18 21:56:00,Cancelled,Pune,Maharashtra,West
ORD002814,CUST00367,2024-12-18 22:00:00,Delivered,Mysuru,Karnataka,South
ORD000881,CUST00443,2024-12-19 10:35:00,Delivered,Nagpur,Maharashtra,West
ORD001208,CUST00106,2024-12-19 12:18:00,Delivered,Chennai,Tamil Nadu,South
ORD002813,CUST00126,2024-12-19 12:40:00,Delivered,Gurugram,Haryana,North
ORD002986,CUST00178,2024-12-19 13:35:00,Delivered,Chandigarh,Punjab,North
ORD002987,CUST00121,2024-12-19 13:41:00,Delivered,Chennai,Tamil Nadu,South
ORD003132,CUST00133,2024-12-19 15:13:00,Delivered,Mysuru,Karnataka,South
ORD002081,CUST00230,2024-12-19 16:40:00,Pending,Kochi,Kerala,South
ORD002024,CUST00029,2024-12-19 17:02:00,Pending,Delhi,Delhi,North
ORD000058,CUST00021,2024-12-19 17:44:00,Delivered,Gurugram,Haryana,North
ORD000831,CUST00100,2024-12-19 19:02:00,Pending,Hyderabad,Telangana,South
ORD000330,CUST00279,2024-12-19 20:28:00,Delivered,Chandigarh,Punjab,North
ORD001137,CUST00189,2024-12-19 21:01:00,Delivered,Guwahati,Assam,East
ORD002126,CUST00100,2024-12-19 22:27:00,Pending,Hyderabad,Telangana,South
ORD000234,CUST00455,2024-12-20 08:43:00,Delivered,Delhi,Delhi,North
ORD000667,CUST00150,2024-12-20 10:38:00,Delivered,Coimbatore,Tamil Nadu,South
ORD002889,CUST00301,2024-12-20 13:04:00,Delivered,Lucknow,Uttar Pradesh,North
ORD002858,CUST00055,2024-12-20 15:24:00,Delivered,Kochi,Kerala,South
ORD000008,CUST00474,2024-12-20 15:31:00,Delivered,Kochi,Kerala,South
ORD002240,CUST00168,2024-12-20 19:50:00,Cancelled,Mysuru,Karnataka,South
ORD001531,CUST00045,2024-12-20 21:26:00,Delivered,Bengaluru,Karnataka,South
ORD002576,CUST00173,2024-12-20 21:54:00,Delivered,Pune,Maharashtra,West
ORD000381,CUST00456,2024-12-21 09:00:00,Delivered,Chandigarh,Punjab,North
ORD002258,CUST00089,2024-12-21 09:02:00,Delivered,Noida,Uttar Pradesh,North
ORD001756,CUST00395,2024-12-21 11:56:00,Delivered,Mumbai,Maharashtra,West
ORD002670,CUST00113,2024-12-21 12:45:00,Returned,Mumbai,Maharashtra,West
ORD001669,CUST00254,2024-12-21 13:16:00,Returned,Jaipur,Rajasthan,North
ORD001663,CUST00297,2024-12-21 14:05:00,Delivered,Nagpur,Maharashtra,West
ORD002443,CUST00051,2024-12-21 14:09:00,Delivered,Patna,Bihar,East
ORD000190,CUST00099,2024-12-21 15:32:00,Delivered,Jaipur,Rajasthan,North
ORD002622,CUST00195,2024-12-21 15:40:00,Returned,Pune,Maharashtra,West
ORD001176,CUST00487,2024-12-21 20:11:00,Delivered,Raipur,Chhattisgarh,Central
ORD001569,CUST00388,2024-12-21 21:49:00,Delivered,Pune,Maharashtra,West
ORD000726,CUST00182,2024-12-22 08:44:00,Delivered,Hyderabad,Telangana,South
ORD000864,CUST00354,2024-12-22 09:02:00,Returned,Noida,Uttar Pradesh,North
ORD001592,CUST00416,2024-12-22 10:36:00,Delivered,Bengaluru,Karnataka,South
ORD000936,CUST00007,2024-12-22 10:44:00,Cancelled,Ahmedabad,Gujarat,West
ORD002876,CUST00354,2024-12-22 12:24:00,Cancelled,Noida,Uttar Pradesh,North
ORD001210,CUST00319,2024-12-22 12:49:00,Delivered,Chandigarh,Punjab,North
ORD001705,CUST00143,2024-12-22 14:01:00,Delivered,Kochi,Kerala,South
ORD002612,CUST00029,2024-12-22 14:46:00,Delivered,Delhi,Delhi,North
ORD000849,CUST00316,2024-12-22 15:12:00,Returned,Nagpur,Maharashtra,West
ORD002154,CUST00232,2024-12-23 09:17:00,Delivered,Thiruvananthapuram,Kerala,South
ORD000787,CUST00290,2024-12-23 09:41:00,Delivered,Chandigarh,Punjab,North
ORD000038,CUST00045,2024-12-23 11:37:00,Delivered,Bengaluru,Karnataka,South
ORD000499,CUST00228,2024-12-23 13:53:00,Returned,Kochi,Kerala,South
ORD002707,CUST00039,2024-12-23 15:03:00,Delivered,Surat,Gujarat,West
ORD002291,CUST00342,2024-12-23 17:06:00,Delivered,Kochi,Kerala,South
ORD002216,CUST00439,2024-12-23 19:59:00,Delivered,Hyderabad,Telangana,South
ORD001087,CUST00268,2024-12-24 09:00:00,Returned,Pune,Maharashtra,West
ORD000154,CUST00120,2024-12-24 09:08:00,Pending,Coimbatore,Tamil Nadu,South
ORD002953,CUST00137,2024-12-24 09:28:00,Delivered,Nagpur,Maharashtra,West
ORD002462,CUST00452,2024-12-24 10:11:00,Pending,Bengaluru,Karnataka,South
ORD002302,CUST00340,2024-12-24 12:27:00,Delivered,Kochi,Kerala,South
ORD002657,CUST00197,2024-12-24 13:23:00,Returned,Noida,Uttar Pradesh,North
ORD001678,CUST00005,2024-12-25 08:25:00,Delivered,Mumbai,Maharashtra,West
ORD002316,CUST00249,2024-12-25 08:38:00,Delivered,Thiruvananthapuram,Kerala,South
ORD002832,CUST00021,2024-12-25 08:41:00,Cancelled,Gurugram,Haryana,North
ORD002990,CUST00197,2024-12-25 11:49:00,Delivered,Noida,Uttar Pradesh,North
ORD002086,CUST00055,2024-12-25 12:12:00,Delivered,Kochi,Kerala,South
ORD002367,CUST00450,2024-12-25 12:22:00,Cancelled,Pune,Maharashtra,West
ORD002064,CUST00406,2024-12-25 13:20:00,Delivered,Pune,Maharashtra,West
ORD002649,CUST00213,2024-12-25 14:32:00,Delivered,Hyderabad,Telangana,South
ORD000221,CUST00396,2024-12-25 17:03:00,Delivered,Surat,Gujarat,West
ORD001061,CUST00492,2024-12-25 17:43:00,Delivered,Ahmedabad,Gujarat,West
ORD002018,CUST00476,2024-12-26 10:38:00,Returned,Chennai,Tamil Nadu,South
ORD002563,CUST00470,2024-12-26 10:53:00,Delivered,Chennai,Tamil Nadu,South
ORD001049,CUST00149,2024-12-26 11:44:00,Delivered,Bengaluru,Karnataka,South
ORD003019,CUST00368,2024-12-27 08:52:00,Pending,Lucknow,Uttar Pradesh,North
ORD002605,CUST00283,2024-12-27 08:57:00,Delivered,Hyderabad,Telangana,South
ORD000017,CUST00192,2024-12-27 15:35:00,Delivered,Gurugram,Haryana,North
ORD002273,CUST00356,2024-12-27 18:57:00,Delivered,Bhubaneswar,Odisha,East
ORD001658,CUST00162,2024-12-28 13:39:00,Delivered,Mumbai,Maharashtra,West
ORD001799,CUST00397,2024-12-28 16:22:00,Delivered,Mumbai,Maharashtra,West
ORD002841,CUST00330,2024-12-28 20:42:00,Delivered,Bengaluru,Karnataka,South
ORD001893,CUST00044,2024-12-29 13:19:00,Delivered,Mysuru,Karnataka,South
ORD002818,CUST00423,2024-12-29 21:32:00,Delivered,Mumbai,Maharashtra,West
ORD002956,CUST00456,2024-12-29 21:39:00,Cancelled,Coimbatore,Tamil Nadu,South
ORD002013,CUST00443,2024-12-29 21:58:00,Delivered,Nagpur,Maharashtra,West
ORD001274,CUST00217,2024-12-30 09:39:00,Delivered,Pune,Maharashtra,West
ORD003158,CUST00126,2024-12-30 16:25:00,Delivered,Gurugram,Haryana,North
ORD002343,CUST00259,2024-12-30 18:17:00,Delivered,Jaipur,Rajasthan,North
ORD001038,CUST00465,2024-12-30 22:50:00,Cancelled,Pune,Maharashtra,West
ORD000430,CUST00361,2024-12-31 11:46:00,Delivered,Mysuru,Karnataka,South
ORD001692,CUST00291,2024-12-31 15:30:00,Delivered,Mysuru,Karnataka,South
ORD000543,CUST00179,2024-12-31 15:53:00,Delivered,Hyderabad,Telangana,South
ORD000492,CUST00370,2024-12-31 17:40:00,Delivered,Mumbai,Maharashtra,West
ORD002530,CUST00080,2024-12-31 20:50:00,Delivered,Ahmedabad,Gujarat,West
ORD000447,CUST00323,2025-01-01 08:35:00,Delivered,Bhubaneswar,Odisha,East
ORD002143,CUST00119,2025-01-01 10:52:00,Delivered,Chandigarh,Punjab,North
ORD002106,CUST00051,2025-01-01 13:25:00,Delivered,Patna,Bihar,East
ORD003063,CUST00283,2025-01-01 14:45:00,Delivered,Bengaluru,Karnataka,South
ORD001041,CUST00138,2025-01-01 17:36:00,Delivered,Bengaluru,Karnataka,South
ORD000628,CUST00207,2025-01-01 18:15:00,Returned,Hyderabad,Telangana,South
ORD002413,CUST00448,2025-01-02 08:34:00,Cancelled,Coimbatore,Tamil Nadu,South
ORD002783,CUST00127,2025-01-02 09:18:00,Delivered,Jaipur,Rajasthan,North
ORD002271,CUST00051,2025-01-02 12:08:00,Pending,Patna,Bihar,East
ORD000293,CUST00487,2025-01-02 12:13:00,Delivered,Raipur,Chhattisgarh,Central
ORD001172,CUST00201,2025-01-02 12:16:00,Delivered,Pune,Maharashtra,West
ORD000983,CUST00267,2025-01-02 15:55:00,Returned,Ahmedabad,Gujarat,West
ORD001032,CUST00348,2025-01-02 21:35:00,Delivered,Thiruvananthapuram,Kerala,South
ORD003141,CUST00172,2025-01-02 22:12:00,Delivered,Kolkata,West Bengal,East
ORD001376,CUST00323,2025-01-03 08:05:00,Delivered,Bhubaneswar,Odisha,East
ORD002007,CUST00209,2025-01-03 09:10:00,Delivered,Nagpur,Maharashtra,West
ORD001110,CUST00036,2025-01-03 09:25:00,Cancelled,Pune,Maharashtra,West
ORD000339,CUST00143,2025-01-03 09:26:00,Delivered,Kochi,Kerala,South
ORD001497,CUST00066,2025-01-03 09:27:00,Delivered,Delhi,Delhi,North
ORD001191,CUST00487,2025-01-03 09:58:00,Delivered,Raipur,Chhattisgarh,Central
ORD003060,CUST00148,2025-01-03 14:28:00,Delivered,Ahmedabad,Gujarat,West
ORD001195,CUST00134,2025-01-03 14:29:00,Pending,Mumbai,Maharashtra,West
ORD000912,CUST00120,2025-01-03 20:38:00,Returned,Coimbatore,Tamil Nadu,South
ORD002205,CUST00051,2025-01-03 22:50:00,Delivered,Patna,Bihar,East
ORD001723,CUST00287,2025-01-04 12:21:00,Delivered,Nagpur,Maharashtra,West
ORD000716,CUST00485,2025-01-04 16:04:00,Delivered,Bhubaneswar,Odisha,East
ORD003009,CUST00249,2025-01-04 19:11:00,Pending,Thiruvananthapuram,Kerala,South
ORD000182,CUST00199,2025-01-04 19:11:00,Delivered,Coimbatore,Tamil Nadu,South
ORD001572,CUST00371,2025-01-04 19:16:00,Delivered,Pune,Maharashtra,West
ORD001581,CUST00279,2025-01-04 20:20:00,Delivered,Chandigarh,Punjab,North
ORD000013,CUST00441,2025-01-04 20:40:00,Delivered,Chandigarh,Punjab,North
ORD000620,CUST00007,2025-01-04 21:32:00,Returned,Thiruvananthapuram,Kerala,South
ORD000685,CUST00396,2025-01-04 21:34:00,Delivered,Surat,Gujarat,West
ORD001680,CUST00491,2025-01-04 21:42:00,Pending,Surat,Gujarat,West
ORD001199,CUST00109,2025-01-05 08:53:00,Delivered,Coimbatore,Tamil Nadu,South
ORD002101,CUST00018,2025-01-05 09:27:00,Pending,Jaipur,Rajasthan,North
ORD001840,CUST00159,2025-01-05 10:50:00,Delivered,Ahmedabad,Gujarat,West
ORD003120,CUST00331,2025-01-05 14:44:00,Delivered,Lucknow,Uttar Pradesh,North
ORD002265,CUST00167,2025-01-05 15:08:00,Returned,Bhubaneswar,Odisha,East
ORD002759,CUST00364,2025-01-05 18:09:00,Delivered,Patna,Bihar,East
ORD001503,CUST00007,2025-01-05 21:27:00,Returned,Ahmedabad,Gujarat,West
ORD002158,CUST00239,2025-01-06 08:06:00,Delivered,Hyderabad,Telangana,South
ORD001277,CUST00136,2025-01-06 11:07:00,Delivered,Mysuru,Karnataka,South
ORD001240,CUST00301,2025-01-06 16:41:00,Delivered,Lucknow,Uttar Pradesh,North
ORD000877,CUST00005,2025-01-06 18:11:00,Delivered,Mumbai,Maharashtra,West
ORD000941,CUST00179,2025-01-06 18:17:00,Cancelled,Hyderabad,Telangana,South
ORD000932,CUST00406,2025-01-06 20:07:00,Delivered,Pune,Maharashtra,West
ORD000130,CUST00468,2025-01-06 20:21:00,Cancelled,Gurugram,Haryana,North
ORD002243,CUST00282,2025-01-07 09:07:00,Delivered,Bengaluru,Karnataka,South
ORD001976,CUST00190,2025-01-07 09:22:00,Delivered,Mysuru,Karnataka,South
ORD001516,CUST00055,2025-01-07 09:36:00,Delivered,Kochi,Kerala,South
ORD002644,CUST00427,2025-01-07 09:57:00,Delivered,Ahmedabad,Gujarat,West
ORD000069,CUST00021,2025-01-07 14:29:00,Delivered,Gurugram,Haryana,North
ORD003096,CUST00244,2025-01-07 14:32:00,Pending,Bengaluru,Karnataka,South
ORD000434,CUST00051,2025-01-07 16:39:00,Delivered,Patna,Bihar,East
ORD000754,CUST00332,2025-01-07 18:14:00,Delivered,Kochi,Kerala,South
ORD000218,CUST00381,2025-01-07 22:23:00,Delivered,Pune,Maharashtra,West
ORD000593,CUST00199,2025-01-07 22:50:00,Pending,Chennai,Tamil Nadu,South
ORD001888,CUST00427,2025-01-08 12:58:00,Delivered,Surat,Gujarat,West
ORD002417,CUST00214,2025-01-08 16:13:00,Delivered,Mysuru,Karnataka,South
ORD000383,CUST00016,2025-01-08 17:38:00,Delivered,Ahmedabad,Gujarat,West
ORD000476,CUST00160,2025-01-08 18:55:00,Delivered,Jaipur,Rajasthan,North
ORD000533,CUST00172,2025-01-08 21:03:00,Cancelled,Kolkata,West Bengal,East
ORD001725,CUST00026,2025-01-09 10:54:00,Cancelled,Ahmedabad,Gujarat,West
ORD002947,CUST00310,2025-01-09 12:36:00,Cancelled,Jaipur,Rajasthan,North
ORD001719,CUST00271,2025-01-09 13:43:00,Delivered,Mumbai,Maharashtra,West
ORD000682,CUST00024,2025-01-09 14:41:00,Delivered,Hyderabad,Telangana,South
ORD001059,CUST00007,2025-01-09 16:19:00,Returned,Ahmedabad,Gujarat,West
ORD001546,CUST00260,2025-01-09 16:42:00,Returned,Bhopal,Madhya Pradesh,Central
ORD002112,CUST00145,2025-01-09 16:46:00,Delivered,Mumbai,Maharashtra,West
ORD000162,CUST00178,2025-01-09 20:57:00,Delivered,Kochi,Kerala,South
ORD000352,CUST00109,2025-01-09 21:14:00,Delivered,Delhi,Delhi,North
ORD001835,CUST00121,2025-01-10 08:17:00,Delivered,Chennai,Tamil Nadu,South
ORD000921,CUST00088,2025-01-10 12:49:00,Delivered,Thiruvananthapuram,Kerala,South
ORD003107,CUST00167,2025-01-10 13:09:00,Returned,Bhubaneswar,Odisha,East
ORD001811,CUST00343,2025-01-10 16:41:00,Delivered,Delhi,Delhi,North
ORD001764,CUST00420,2025-01-10 18:10:00,Delivered,Kolkata,West Bengal,East
ORD002638,CUST00406,2025-01-10 18:38:00,Delivered,Pune,Maharashtra,West
ORD000803,CUST00139,2025-01-10 20:27:00,Delivered,Chennai,Tamil Nadu,South
ORD002203,CUST00351,2025-01-11 11:54:00,Delivered,Coimbatore,Tamil Nadu,South
ORD000570,CUST00406,2025-01-11 12:57:00,Cancelled,Pune,Maharashtra,West
ORD000656,CUST00346,2025-01-11 14:38:00,Returned,Thiruvananthapuram,Kerala,South
ORD001151,CUST00408,2025-01-11 14:38:00,Delivered,Thiruvananthapuram,Kerala,South
ORD000250,CUST00116,2025-01-11 15:26:00,Delivered,Thiruvananthapuram,Kerala,South
ORD002938,CUST00006,2025-01-11 16:29:00,Delivered,Indore,Madhya Pradesh,Central
ORD002575,CUST00008,2025-01-11 16:46:00,Delivered,Ahmedabad,Gujarat,West
ORD002846,CUST00126,2025-01-11 17:37:00,Delivered,Gurugram,Haryana,North
ORD001870,CUST00134,2025-01-11 20:45:00,Delivered,Mumbai,Maharashtra,West
ORD002026,CUST00310,2025-01-11 21:45:00,Delivered,Jaipur,Rajasthan,North
ORD001771,CUST00036,2025-01-12 08:29:00,Delivered,Pune,Maharashtra,West
ORD002080,CUST00292,2025-01-12 08:38:00,Returned,Hyderabad,Telangana,South
ORD000210,CUST00498,2025-01-12 10:00:00,Delivered,Gurugram,Haryana,North
ORD003150,CUST00136,2025-01-12 17:17:00,Pending,Mysuru,Karnataka,South
ORD002172,CUST00495,2025-01-12 18:52:00,Delivered,Coimbatore,Tamil Nadu,South
ORD001035,CUST00146,2025-01-12 19:13:00,Returned,Thiruvananthapuram,Kerala,South
ORD002793,CUST00267,2025-01-12 20:56:00,Delivered,Ahmedabad,Gujarat,West
ORD001781,CUST00345,2025-01-12 22:08:00,Delivered,Hyderabad,Telangana,South
ORD000781,CUST00385,2025-01-13 08:08:00,Pending,Surat,Gujarat,West
ORD000048,CUST00356,2025-01-13 08:50:00,Delivered,Bhubaneswar,Odisha,East
ORD001862,CUST00073,2025-01-13 08:57:00,Cancelled,Surat,Gujarat,West
ORD000269,CUST00301,2025-01-13 10:31:00,Delivered,Lucknow,Uttar Pradesh,North
ORD001843,CUST00396,2025-01-13 17:18:00,Cancelled,Surat,Gujarat,West
ORD000328,CUST00138,2025-01-13 17:57:00,Delivered,Bengaluru,Karnataka,South
ORD003041,CUST00395,2025-01-13 19:20:00,Delivered,Mumbai,Maharashtra,West
ORD000597,CUST00278,2025-01-13 19:47:00,Pending,Chandigarh,Punjab,North
ORD002688,CUST00340,2025-01-14 09:01:00,Delivered,Thiruvananthapuram,Kerala,South
ORD001452,CUST00230,2025-01-14 09:48:00,Delivered,Kochi,Kerala,South
ORD002093,CUST00293,2025-01-14 11:13:00,Delivered,Coimbatore,Tamil Nadu,South
ORD002933,CUST00004,2025-01-14 17:13:00,Pending,Noida,Uttar Pradesh,North
ORD000686,CUST00031,2025-01-14 17:17:00,Cancelled,Pune,Maharashtra,West
ORD000621,CUST00485,2025-01-14 17:37:00,Delivered,Bhubaneswar,Odisha,East
ORD001259,CUST00370,2025-01-15 12:09:00,Pending,Mumbai,Maharashtra,West
ORD002476,CUST00461,2025-01-15 21:14:00,Delivered,Thiruvananthapuram,Kerala,South
ORD001213,CUST00057,2025-01-16 08:24:00,Delivered,Surat,Gujarat,West
ORD002674,CUST00383,2025-01-16 08:51:00,Delivered,Pune,Maharashtra,West
ORD002226,CUST00150,2025-01-16 08:54:00,Cancelled,Coimbatore,Tamil Nadu,South
ORD001787,CUST00169,2025-01-16 10:32:00,Delivered,Jaipur,Rajasthan,North
ORD000995,CUST00455,2025-01-16 12:29:00,Delivered,Delhi,Delhi,North
ORD000354,CUST00058,2025-01-16 12:46:00,Delivered,Jaipur,Rajasthan,North
ORD001380,CUST00448,2025-01-16 13:25:00,Delivered,Coimbatore,Tamil Nadu,South
ORD000778,CUST00267,2025-01-16 14:17:00,Delivered,Ahmedabad,Gujarat,West
ORD002917,CUST00207,2025-01-16 19:39:00,Delivered,Hyderabad,Telangana,South
ORD001873,CUST00416,2025-01-17 08:12:00,Returned,Chandigarh,Punjab,North
ORD000295,CUST00067,2025-01-17 08:24:00,Delivered,Delhi,Delhi,North
ORD002810,CUST00222,2025-01-17 08:44:00,Delivered,Kolkata,West Bengal,East
ORD002046,CUST00343,2025-01-17 10:30:00,Delivered,Delhi,Delhi,North
ORD001539,CUST00233,2025-01-17 10:41:00,Delivered,Bhopal,Madhya Pradesh,Central
ORD000500,CUST00140,2025-01-17 12:35:00,Delivered,Pune,Maharashtra,West
ORD001846,CUST00136,2025-01-17 13:53:00,Returned,Mysuru,Karnataka,South
ORD002940,CUST00363,2025-01-17 14:29:00,Pending,Bhubaneswar,Odisha,East
ORD001330,CUST00019,2025-01-17 15:47:00,Pending,Mumbai,Maharashtra,West
ORD002181,CUST00342,2025-01-17 19:32:00,Delivered,Kochi,Kerala,South
ORD000544,CUST00073,2025-01-17 19:45:00,Cancelled,Surat,Gujarat,West
ORD000066,CUST00301,2025-01-17 21:21:00,Cancelled,Lucknow,Uttar Pradesh,North
ORD000800,CUST00456,2025-01-17 21:48:00,Delivered,Chandigarh,Punjab,North
ORD000718,CUST00301,2025-01-17 22:34:00,Returned,Lucknow,Uttar Pradesh,North
ORD000776,CUST00287,2025-01-18 13:14:00,Delivered,Nagpur,Maharashtra,West
ORD002981,CUST00143,2025-01-18 15:20:00,Delivered,Kochi,Kerala,South
ORD000730,CUST00029,2025-01-18 17:17:00,Delivered,Delhi,Delhi,North
ORD002656,CUST00108,2025-01-18 17:24:00,Delivered,Chandigarh,Punjab,North
ORD000830,CUST00356,2025-01-18 18:19:00,Delivered,Bhubaneswar,Odisha,East
ORD002025,CUST00086,2025-01-18 18:56:00,Delivered,Bengaluru,Karnataka,South
ORD000525,CUST00017,2025-01-18 19:40:00,Delivered,Coimbatore,Tamil Nadu,South
ORD002888,CUST00027,2025-01-18 19:53:00,Pending,Lucknow,Uttar Pradesh,North
ORD000228,CUST00447,2025-01-19 09:34:00,Delivered,Kochi,Kerala,South
ORD000456,CUST00121,2025-01-19 13:51:00,Cancelled,Chennai,Tamil Nadu,South
ORD000797,CUST00431,2025-01-19 15:34:00,Delivered,Bengaluru,Karnataka,South
ORD000256,CUST00120,2025-01-19 16:20:00,Delivered,Coimbatore,Tamil Nadu,South
ORD001924,CUST00085,2025-01-19 16:52:00,Delivered,Kochi,Kerala,South
ORD001229,CUST00207,2025-01-19 17:34:00,Delivered,Hyderabad,Telangana,South
ORD002426,CUST00446,2025-01-19 18:38:00,Delivered,Surat,Gujarat,West
ORD001661,CUST00354,2025-01-19 19:09:00,Delivered,Noida,Uttar Pradesh,North
ORD000635,CUST00053,2025-01-19 20:23:00,Delivered,Kochi,Kerala,South
ORD000763,CUST00195,2025-01-19 21:16:00,Delivered,Pune,Maharashtra,West
ORD001067,CUST00026,2025-01-19 21:20:00,Cancelled,Nagpur,Maharashtra,West
ORD000442,CUST00045,2025-01-19 21:57:00,Delivered,Bengaluru,Karnataka,South
ORD003140,CUST00138,2025-01-19 22:14:00,Delivered,Bengaluru,Karnataka,South
ORD001073,CUST00210,2025-01-19 22:32:00,Delivered,Chandigarh,Punjab,North
ORD002931,CUST00119,2025-01-19 22:38:00,Pending,Bhubaneswar,Odisha,East
ORD002568,CUST00136,2025-01-19 22:44:00,Returned,Mysuru,Karnataka,South
ORD001261,CUST00149,2025-01-20 11:59:00,Returned,Thiruvananthapuram,Kerala,South
ORD002280,CUST00084,2025-01-20 13:50:00,Delivered,Thiruvananthapuram,Kerala,South
ORD001986,CUST00464,2025-01-20 14:25:00,Returned,Mysuru,Karnataka,South
ORD000700,CUST00246,2025-01-20 14:39:00,Cancelled,Coimbatore,Tamil Nadu,South
ORD002654,CUST00367,2025-01-20 15:27:00,Delivered,Mysuru,Karnataka,South
ORD000350,CUST00275,2025-01-20 20:19:00,Delivered,Kochi,Kerala,South
ORD002165,CUST00236,2025-01-20 21:21:00,Delivered,Ahmedabad,Gujarat,West
ORD001214,CUST00438,2025-01-21 08:16:00,Delivered,Chandigarh,Punjab,North
ORD001797,CUST00458,2025-01-21 12:56:00,Delivered,Mysuru,Karnataka,South
ORD002372,CUST00012,2025-01-21 15:23:00,Delivered,Noida,Uttar Pradesh,North
ORD003160,CUST00262,2025-01-21 16:20:00,Delivered,Lucknow,Uttar Pradesh,North
ORD001326,CUST00371,2025-01-21 17:02:00,Delivered,Bengaluru,Karnataka,South
ORD001133,CUST00023,2025-01-21 17:32:00,Delivered,Indore,Madhya Pradesh,Central
ORD002667,CUST00466,2025-01-21 17:50:00,Delivered,Coimbatore,Tamil Nadu,South
ORD000108,CUST00007,2025-01-21 19:39:00,Returned,Ahmedabad,Gujarat,West
ORD003134,CUST00391,2025-01-21 19:53:00,Delivered,Hyderabad,Telangana,South
ORD002732,CUST00443,2025-01-22 09:17:00,Delivered,Nagpur,Maharashtra,West
ORD000646,CUST00045,2025-01-22 09:32:00,Cancelled,Bengaluru,Karnataka,South
ORD002878,CUST00242,2025-01-22 09:34:00,Returned,Nagpur,Maharashtra,West
ORD000134,CUST00458,2025-01-22 14:12:00,Cancelled,Mysuru,Karnataka,South
ORD002898,CUST00103,2025-01-22 15:03:00,Delivered,Delhi,Delhi,North
ORD000644,CUST00228,2025-01-22 15:56:00,Returned,Bengaluru,Karnataka,South
ORD002521,CUST00206,2025-01-22 16:33:00,Pending,Bhubaneswar,Odisha,East
ORD001774,CUST00247,2025-01-22 17:14:00,Delivered,Bengaluru,Karnataka,South
ORD002787,CUST00109,2025-01-22 17:19:00,Delivered,Delhi,Delhi,North
ORD002803,CUST00150,2025-01-22 18:00:00,Delivered,Coimbatore,Tamil Nadu,South
ORD001468,CUST00133,2025-01-22 20:37:00,Returned,Mysuru,Karnataka,South
ORD002681,CUST00095,2025-01-23 08:21:00,Cancelled,Pune,Maharashtra,West
ORD002950,CUST00405,2025-01-23 13:30:00,Returned,Mumbai,Maharashtra,West
ORD001328,CUST00022,2025-01-23 19:49:00,Delivered,Bengaluru,Karnataka,South
ORD000529,CUST00017,2025-01-23 21:27:00,Delivered,Coimbatore,Tamil Nadu,South
ORD000711,CUST00408,2025-01-23 22:05:00,Delivered,Thiruvananthapuram,Kerala,South
ORD002582,CUST00052,2025-01-24 08:19:00,Delivered,Kochi,Kerala,South
ORD000030,CUST00179,2025-01-24 17:24:00,Delivered,Hyderabad,Telangana,South
ORD002809,CUST00487,2025-01-24 17:43:00,Delivered,Raipur,Chhattisgarh,Central
ORD002664,CUST00347,2025-01-24 18:23:00,Delivered,Nagpur,Maharashtra,West
ORD000118,CUST00005,2025-01-24 18:25:00,Delivered,Mumbai,Maharashtra,West
ORD001640,CUST00262,2025-01-25 09:29:00,Cancelled,Surat,Gujarat,West
ORD000004,CUST00100,2025-01-25 13:03:00,Delivered,Hyderabad,Telangana,South
ORD000297,CUST00280,2025-01-25 14:22:00,Delivered,Hyderabad,Telangana,South
ORD000279,CUST00353,2025-01-25 14:50:00,Returned,Delhi,Delhi,North
ORD002939,CUST00326,2025-01-25 17:49:00,Delivered,Thiruvananthapuram,Kerala,South
ORD000609,CUST00306,2025-01-25 19:37:00,Delivered,Chennai,Tamil Nadu,South
ORD000579,CUST00331,2025-01-26 09:04:00,Delivered,Lucknow,Uttar Pradesh,North
ORD001356,CUST00337,2025-01-26 10:45:00,Delivered,Kolkata,West Bengal,East
ORD000890,CUST00146,2025-01-26 10:56:00,Delivered,Raipur,Chhattisgarh,Central
ORD002920,CUST00072,2025-01-26 11:07:00,Delivered,Chandigarh,Punjab,North
ORD000432,CUST00138,2025-01-26 13:45:00,Cancelled,Bengaluru,Karnataka,South
ORD002716,CUST00001,2025-01-26 14:10:00,Cancelled,Hyderabad,Telangana,South
ORD001400,CUST00189,2025-01-26 15:58:00,Cancelled,Guwahati,Assam,East
ORD002661,CUST00148,2025-01-26 16:22:00,Delivered,Pune,Maharashtra,West
ORD000415,CUST00074,2025-01-26 17:48:00,Delivered,Hyderabad,Telangana,South
ORD000445,CUST00027,2025-01-26 20:16:00,Delivered,Lucknow,Uttar Pradesh,North
ORD001857,CUST00199,2025-01-26 22:00:00,Returned,Chennai,Tamil Nadu,South
ORD002441,CUST00380,2025-01-27 08:52:00,Delivered,Chennai,Tamil Nadu,South
ORD001313,CUST00017,2025-01-27 09:01:00,Delivered,Coimbatore,Tamil Nadu,South
ORD001332,CUST00157,2025-01-27 11:20:00,Delivered,Chandigarh,Punjab,North
ORD003157,CUST00029,2025-01-27 12:32:00,Pending,Delhi,Delhi,North
ORD000962,CUST00063,2025-01-27 12:44:00,Cancelled,Bengaluru,Karnataka,South
ORD000798,CUST00447,2025-01-27 15:19:00,Delivered,Kochi,Kerala,South
ORD000375,CUST00199,2025-01-27 18:11:00,Returned,Chennai,Tamil Nadu,South
ORD002457,CUST00220,2025-01-27 20:00:00,Delivered,Coimbatore,Tamil Nadu,South
ORD000101,CUST00129,2025-01-27 20:02:00,Pending,Kochi,Kerala,South
ORD001798,CUST00253,2025-01-27 21:47:00,Delivered,Noida,Uttar Pradesh,North
ORD002830,CUST00286,2025-01-28 10:01:00,Delivered,Gurugram,Haryana,North
ORD000599,CUST00038,2025-01-28 10:10:00,Delivered,Chennai,Tamil Nadu,South
ORD000707,CUST00021,2025-01-28 11:41:00,Delivered,Gurugram,Haryana,North
ORD001020,CUST00356,2025-01-28 11:56:00,Delivered,Bhubaneswar,Odisha,East
ORD001078,CUST00433,2025-01-28 14:45:00,Delivered,Pune,Maharashtra,West
ORD002020,CUST00054,2025-01-28 15:17:00,Delivered,Mumbai,Maharashtra,West
ORD000095,CUST00040,2025-01-28 17:01:00,Pending,Gurugram,Haryana,North
ORD001042,CUST00273,2025-01-28 18:31:00,Delivered,Thiruvananthapuram,Kerala,South
ORD003053,CUST00207,2025-01-28 18:37:00,Delivered,Hyderabad,Telangana,South
ORD000286,CUST00307,2025-01-28 20:36:00,Delivered,Mysuru,Karnataka,South
ORD000677,CUST00227,2025-01-29 14:08:00,Delivered,Gurugram,Haryana,North
ORD002451,CUST00026,2025-01-29 17:09:00,Delivered,Ahmedabad,Gujarat,West
ORD003011,CUST00226,2025-01-29 22:00:00,Returned,Pune,Maharashtra,West
ORD002348,CUST00030,2025-01-30 09:50:00,Delivered,Bengaluru,Karnataka,South
ORD002624,CUST00013,2025-01-30 12:12:00,Delivered,Surat,Gujarat,West
ORD001428,CUST00189,2025-01-30 13:11:00,Cancelled,Guwahati,Assam,East
ORD002808,CUST00247,2025-01-30 13:55:00,Delivered,Bengaluru,Karnataka,South
ORD000092,CUST00491,2025-01-30 14:35:00,Delivered,Surat,Gujarat,West
ORD002774,CUST00010,2025-01-30 15:18:00,Delivered,Gurugram,Haryana,North
ORD003031,CUST00468,2025-01-30 17:27:00,Pending,Gurugram,Haryana,North
ORD002524,CUST00396,2025-01-30 17:54:00,Delivered,Surat,Gujarat,West
ORD002802,CUST00083,2025-01-31 08:48:00,Delivered,Patna,Bihar,East
ORD002910,CUST00370,2025-01-31 09:42:00,Delivered,Chennai,Tamil Nadu,South
ORD001626,CUST00371,2025-01-31 10:45:00,Delivered,Bengaluru,Karnataka,South
ORD002123,CUST00372,2025-01-31 12:49:00,Pending,Patna,Bihar,East
ORD002780,CUST00214,2025-01-31 16:42:00,Pending,Mysuru,Karnataka,South
ORD001168,CUST00220,2025-01-31 18:30:00,Returned,Coimbatore,Tamil Nadu,South
ORD000177,CUST00247,2025-01-31 18:43:00,Cancelled,Surat,Gujarat,West
ORD000300,CUST00035,2025-01-31 20:54:00,Delivered,Hyderabad,Telangana,South
ORD000586,CUST00054,2025-01-31 21:04:00,Delivered,Ahmedabad,Gujarat,West
ORD000126,CUST00357,2025-01-31 21:04:00,Delivered,Bengaluru,Karnataka,South
ORD002208,CUST00499,2025-01-31 21:18:00,Delivered,Pune,Maharashtra,West
ORD003200,CUST00037,2025-02-01 09:07:00,Delivered,Thiruvananthapuram,Kerala,South
ORD002536,CUST00384,2025-02-01 10:07:00,Returned,Hyderabad,Telangana,South
ORD002935,CUST00427,2025-02-01 14:50:00,Pending,Surat,Gujarat,West
ORD002835,CUST00044,2025-02-01 15:17:00,Delivered,Mysuru,Karnataka,South
ORD000388,CUST00049,2025-02-01 20:15:00,Delivered,Lucknow,Uttar Pradesh,North
ORD002510,CUST00120,2025-02-01 20:18:00,Delivered,Coimbatore,Tamil Nadu,South
ORD000784,CUST00361,2025-02-02 09:59:00,Delivered,Mysuru,Karnataka,South
ORD001084,CUST00456,2025-02-02 13:12:00,Delivered,Chandigarh,Punjab,North
ORD002602,CUST00166,2025-02-02 13:50:00,Delivered,Chennai,Tamil Nadu,South
ORD000478,CUST00401,2025-02-02 18:46:00,Delivered,Coimbatore,Tamil Nadu,South
ORD001288,CUST00475,2025-02-02 19:26:00,Delivered,Chandigarh,Punjab,North
ORD000401,CUST00127,2025-02-02 22:21:00,Cancelled,Thiruvananthapuram,Kerala,South
ORD001509,CUST00439,2025-02-03 18:21:00,Delivered,Hyderabad,Telangana,South
ORD002242,CUST00161,2025-02-03 18:41:00,Delivered,Chennai,Tamil Nadu,South
ORD002998,CUST00108,2025-02-03 19:06:00,Delivered,Chandigarh,Punjab,North
ORD003188,CUST00136,2025-02-04 13:53:00,Cancelled,Mysuru,Karnataka,South
ORD002597,CUST00494,2025-02-04 14:13:00,Delivered,Indore,Madhya Pradesh,Central
ORD002320,CUST00251,2025-02-04 14:31:00,Delivered,Coimbatore,Tamil Nadu,South
ORD000651,CUST00140,2025-02-04 17:10:00,Cancelled,Pune,Maharashtra,West
ORD002399,CUST00405,2025-02-04 20:32:00,Delivered,Mumbai,Maharashtra,West
ORD000455,CUST00108,2025-02-04 21:11:00,Delivered,Chandigarh,Punjab,North
ORD001952,CUST00273,2025-02-05 13:38:00,Delivered,Thiruvananthapuram,Kerala,South
ORD000180,CUST00487,2025-02-05 14:07:00,Delivered,Raipur,Chhattisgarh,Central
ORD000380,CUST00244,2025-02-05 18:33:00,Returned,Coimbatore,Tamil Nadu,South
ORD003111,CUST00446,2025-02-05 21:36:00,Pending,Jaipur,Rajasthan,North
ORD001101,CUST00108,2025-02-05 22:44:00,Delivered,Chandigarh,Punjab,North
ORD001949,CUST00456,2025-02-05 22:45:00,Delivered,Chandigarh,Punjab,North
ORD000131,CUST00096,2025-02-06 08:06:00,Returned,Ahmedabad,Gujarat,West
ORD002633,CUST00367,2025-02-07 08:26:00,Delivered,Mysuru,Karnataka,South
ORD001631,CUST00262,2025-02-07 12:11:00,Delivered,Surat,Gujarat,West
ORD000638,CUST00356,2025-02-07 16:40:00,Delivered,Bhubaneswar,Odisha,East
ORD001342,CUST00278,2025-02-07 19:09:00,Delivered,Chandigarh,Punjab,North
ORD002651,CUST00391,2025-02-07 22:45:00,Delivered,Ahmedabad,Gujarat,West
ORD000071,CUST00159,2025-02-08 14:25:00,Delivered,Ahmedabad,Gujarat,West
ORD001926,CUST00033,2025-02-08 18:58:00,Delivered,Mumbai,Maharashtra,West
ORD001988,CUST00154,2025-02-08 20:09:00,Delivered,Delhi,Delhi,North
ORD000900,CUST00172,2025-02-08 21:57:00,Cancelled,Kolkata,West Bengal,East
ORD002125,CUST00058,2025-02-09 13:44:00,Delivered,Jaipur,Rajasthan,North
ORD001047,CUST00329,2025-02-09 14:02:00,Delivered,Chennai,Tamil Nadu,South
ORD000511,CUST00086,2025-02-09 22:27:00,Returned,Bengaluru,Karnataka,South
ORD002023,CUST00201,2025-02-09 22:36:00,Delivered,Pune,Maharashtra,West
ORD002448,CUST00058,2025-02-10 09:14:00,Delivered,Jaipur,Rajasthan,North
ORD000331,CUST00059,2025-02-10 10:13:00,Delivered,Mumbai,Maharashtra,West
ORD001095,CUST00450,2025-02-10 10:45:00,Returned,Pune,Maharashtra,West
ORD002360,CUST00323,2025-02-10 11:07:00,Delivered,Bhubaneswar,Odisha,East
ORD000584,CUST00111,2025-02-11 08:41:00,Pending,Bhubaneswar,Odisha,East
ORD001334,CUST00361,2025-02-11 09:23:00,Delivered,Mysuru,Karnataka,South
ORD002055,CUST00435,2025-02-11 09:24:00,Cancelled,Delhi,Delhi,North
ORD000793,CUST00039,2025-02-11 10:44:00,Delivered,Gurugram,Haryana,North
ORD000958,CUST00447,2025-02-11 17:09:00,Delivered,Kochi,Kerala,South
ORD001397,CUST00172,2025-02-12 11:01:00,Delivered,Kolkata,West Bengal,East
ORD000366,CUST00392,2025-02-12 13:31:00,Returned,Ahmedabad,Gujarat,West
ORD000955,CUST00153,2025-02-12 14:42:00,Delivered,Jaipur,Rajasthan,North
ORD001445,CUST00113,2025-02-12 16:13:00,Cancelled,Mumbai,Maharashtra,West
ORD001616,CUST00045,2025-02-12 19:33:00,Delivered,Bengaluru,Karnataka,South
ORD002067,CUST00189,2025-02-13 13:20:00,Delivered,Coimbatore,Tamil Nadu,South
ORD002531,CUST00136,2025-02-13 15:20:00,Delivered,Mysuru,Karnataka,South
ORD002587,CUST00392,2025-02-13 15:27:00,Delivered,Ahmedabad,Gujarat,West
ORD002911,CUST00310,2025-02-13 16:13:00,Delivered,Jaipur,Rajasthan,North
ORD001413,CUST00494,2025-02-13 17:48:00,Delivered,Indore,Madhya Pradesh,Central
ORD000193,CUST00270,2025-02-13 18:46:00,Delivered,Noida,Uttar Pradesh,North
ORD001694,CUST00217,2025-02-13 21:53:00,Delivered,Bengaluru,Karnataka,South
ORD002957,CUST00202,2025-02-14 09:41:00,Delivered,Kochi,Kerala,South
ORD000592,CUST00013,2025-02-14 18:09:00,Delivered,Surat,Gujarat,West
ORD000138,CUST00213,2025-02-14 22:41:00,Delivered,Delhi,Delhi,North
ORD002503,CUST00265,2025-02-15 08:15:00,Delivered,Chennai,Tamil Nadu,South
ORD000634,CUST00055,2025-02-15 08:42:00,Delivered,Kochi,Kerala,South
ORD001262,CUST00276,2025-02-15 09:50:00,Returned,Hyderabad,Telangana,South
ORD001459,CUST00253,2025-02-15 09:57:00,Delivered,Lucknow,Uttar Pradesh,North
ORD001394,CUST00456,2025-02-15 14:18:00,Delivered,Chandigarh,Punjab,North
ORD000185,CUST00439,2025-02-15 19:16:00,Delivered,Hyderabad,Telangana,South
ORD001834,CUST00429,2025-02-16 14:40:00,Delivered,Mysuru,Karnataka,South
ORD001920,CUST00455,2025-02-16 17:56:00,Delivered,Delhi,Delhi,North
ORD001005,CUST00161,2025-02-16 19:46:00,Delivered,Chennai,Tamil Nadu,South
ORD002727,CUST00333,2025-02-17 10:38:00,Delivered,Chandigarh,Punjab,North
ORD000490,CUST00457,2025-02-17 14:26:00,Delivered,Ahmedabad,Gujarat,West
ORD000240,CUST00472,2025-02-17 18:41:00,Delivered,Mumbai,Maharashtra,West
ORD003033,CUST00455,2025-02-18 09:45:00,Cancelled,Delhi,Delhi,North
ORD002480,CUST00209,2025-02-18 17:04:00,Delivered,Nagpur,Maharashtra,West
ORD000119,CUST00294,2025-02-18 18:17:00,Returned,Noida,Uttar Pradesh,North
ORD001422,CUST00162,2025-02-18 21:33:00,Delivered,Mumbai,Maharashtra,West
ORD002556,CUST00138,2025-02-18 22:51:00,Delivered,Bengaluru,Karnataka,South
ORD001275,CUST00016,2025-02-19 16:32:00,Delivered,Ahmedabad,Gujarat,West
ORD002200,CUST00052,2025-02-19 19:07:00,Returned,Kochi,Kerala,South
ORD001814,CUST00249,2025-02-19 20:30:00,Delivered,Thiruvananthapuram,Kerala,South
ORD001291,CUST00129,2025-02-19 22:39:00,Delivered,Kochi,Kerala,South
ORD000654,CUST00166,2025-02-20 08:57:00,Returned,Chennai,Tamil Nadu,South
ORD002684,CUST00012,2025-02-20 09:35:00,Pending,Noida,Uttar Pradesh,North
ORD000551,CUST00094,2025-02-21 08:21:00,Delivered,Kolkata,West Bengal,East
ORD001600,CUST00345,2025-02-21 10:26:00,Delivered,Hyderabad,Telangana,South
ORD001971,CUST00483,2025-02-21 13:14:00,Returned,Gurugram,Haryana,North
ORD002312,CUST00129,2025-02-21 14:00:00,Returned,Kochi,Kerala,South
ORD001121,CUST00494,2025-02-21 21:28:00,Delivered,Indore,Madhya Pradesh,Central
ORD001372,CUST00054,2025-02-22 08:25:00,Returned,Ahmedabad,Gujarat,West
ORD001272,CUST00049,2025-02-22 12:22:00,Delivered,Kochi,Kerala,South
ORD002945,CUST00354,2025-02-22 12:42:00,Delivered,Noida,Uttar Pradesh,North
ORD000351,CUST00232,2025-02-22 15:54:00,Cancelled,Thiruvananthapuram,Kerala,South
ORD000706,CUST00205,2025-02-22 17:10:00,Cancelled,Lucknow,Uttar Pradesh,North
ORD002616,CUST00296,2025-02-22 18:58:00,Delivered,Bhopal,Madhya Pradesh,Central
ORD002925,CUST00293,2025-02-22 21:05:00,Delivered,Delhi,Delhi,North
ORD002009,CUST00179,2025-02-23 08:11:00,Delivered,Ahmedabad,Gujarat,West
ORD002642,CUST00220,2025-02-23 08:34:00,Delivered,Coimbatore,Tamil Nadu,South
ORD001273,CUST00278,2025-02-23 11:12:00,Delivered,Chandigarh,Punjab,North
ORD001673,CUST00119,2025-02-23 12:20:00,Returned,Bhubaneswar,Odisha,East
ORD001354,CUST00060,2025-02-23 12:49:00,Delivered,Bengaluru,Karnataka,South
ORD001498,CUST00278,2025-02-23 14:22:00,Delivered,Chandigarh,Punjab,North
ORD002934,CUST00146,2025-02-23 19:53:00,Returned,Guwahati,Assam,East
ORD000735,CUST00258,2025-02-23 20:06:00,Delivered,Bhubaneswar,Odisha,East
ORD001298,CUST00406,2025-02-23 20:50:00,Returned,Pune,Maharashtra,West
ORD002738,CUST00039,2025-02-24 09:11:00,Delivered,Gurugram,Haryana,North
ORD003194,CUST00085,2025-02-24 09:11:00,Delivered,Chandigarh,Punjab,North
ORD001470,CUST00082,2025-02-24 13:30:00,Cancelled,Nagpur,Maharashtra,West
ORD000673,CUST00207,2025-02-24 14:23:00,Delivered,Hyderabad,Telangana,South
ORD002029,CUST00229,2025-02-24 15:24:00,Cancelled,Kolkata,West Bengal,East
ORD002415,CUST00175,2025-02-24 19:44:00,Delivered,Nagpur,Maharashtra,West
ORD000096,CUST00301,2025-02-25 08:17:00,Delivered,Lucknow,Uttar Pradesh,North
ORD001282,CUST00046,2025-02-25 09:47:00,Delivered,Jaipur,Rajasthan,North
ORD000140,CUST00207,2025-02-25 11:27:00,Cancelled,Hyderabad,Telangana,South
ORD000207,CUST00027,2025-02-25 11:29:00,Delivered,Lucknow,Uttar Pradesh,North
ORD001094,CUST00443,2025-02-25 14:03:00,Delivered,Nagpur,Maharashtra,West
ORD000675,CUST00473,2025-02-25 14:22:00,Returned,Bhubaneswar,Odisha,East
ORD003109,CUST00169,2025-02-25 15:37:00,Delivered,Jaipur,Rajasthan,North
ORD002893,CUST00273,2025-02-25 18:22:00,Delivered,Thiruvananthapuram,Kerala,South
ORD001622,CUST00315,2025-02-26 13:47:00,Delivered,Noida,Uttar Pradesh,North
ORD002204,CUST00121,2025-02-26 13:49:00,Delivered,Chennai,Tamil Nadu,South
ORD002175,CUST00197,2025-02-26 17:31:00,Delivered,Noida,Uttar Pradesh,North
ORD002213,CUST00416,2025-02-26 18:53:00,Delivered,Chandigarh,Punjab,North
ORD002718,CUST00088,2025-02-27 15:56:00,Delivered,Thiruvananthapuram,Kerala,South
ORD001399,CUST00112,2025-02-27 18:42:00,Delivered,Guwahati,Assam,East
ORD002374,CUST00199,2025-02-27 20:55:00,Delivered,Chennai,Tamil Nadu,South
ORD000227,CUST00289,2025-02-28 10:28:00,Delivered,Kochi,Kerala,South
ORD002703,CUST00321,2025-02-28 11:05:00,Delivered,Kochi,Kerala,South
ORD002686,CUST00100,2025-02-28 15:31:00,Cancelled,Hyderabad,Telangana,South
ORD002030,CUST00008,2025-02-28 17:06:00,Delivered,Ahmedabad,Gujarat,West
ORD002414,CUST00260,2025-02-28 20:49:00,Returned,Bhopal,Madhya Pradesh,Central
ORD002151,CUST00128,2025-02-28 22:55:00,Delivered,Kolkata,West Bengal,East
ORD002470,CUST00416,2025-03-01 09:15:00,Delivered,Surat,Gujarat,West
ORD002532,CUST00051,2025-03-01 10:04:00,Delivered,Patna,Bihar,East
ORD001312,CUST00052,2025-03-01 10:22:00,Delivered,Kochi,Kerala,South
ORD002761,CUST00247,2025-03-01 14:23:00,Delivered,Bengaluru,Karnataka,South
ORD001836,CUST00249,2025-03-01 18:06:00,Delivered,Thiruvananthapuram,Kerala,South
ORD002743,CUST00450,2025-03-01 18:30:00,Delivered,Pune,Maharashtra,West
ORD000091,CUST00134,2025-03-02 08:31:00,Delivered,Mumbai,Maharashtra,West
ORD003014,CUST00220,2025-03-02 12:49:00,Delivered,Coimbatore,Tamil Nadu,South
ORD000438,CUST00273,2025-03-02 15:44:00,Delivered,Thiruvananthapuram,Kerala,South
ORD002601,CUST00007,2025-03-02 18:45:00,Pending,Ahmedabad,Gujarat,West
ORD000668,CUST00073,2025-03-02 22:39:00,Returned,Raipur,Chhattisgarh,Central
ORD000436,CUST00358,2025-03-03 08:03:00,Cancelled,Mysuru,Karnataka,South
ORD000563,CUST00393,2025-03-03 08:07:00,Cancelled,Chennai,Tamil Nadu,South
ORD002964,CUST00017,2025-03-03 09:15:00,Delivered,Coimbatore,Tamil Nadu,South
ORD001052,CUST00202,2025-03-03 13:21:00,Delivered,Kochi,Kerala,South
ORD000237,CUST00406,2025-03-03 15:06:00,Delivered,Pune,Maharashtra,West
ORD000509,CUST00292,2025-03-03 17:32:00,Delivered,Hyderabad,Telangana,South
ORD002806,CUST00199,2025-03-03 18:06:00,Delivered,Chennai,Tamil Nadu,South
ORD000672,CUST00175,2025-03-03 20:43:00,Cancelled,Nagpur,Maharashtra,West
ORD002851,CUST00140,2025-03-03 20:51:00,Pending,Pune,Maharashtra,West
ORD001564,CUST00347,2025-03-03 22:25:00,Delivered,Nagpur,Maharashtra,West
ORD001973,CUST00162,2025-03-04 15:27:00,Delivered,Mumbai,Maharashtra,West
ORD003021,CUST00265,2025-03-04 17:56:00,Returned,Chennai,Tamil Nadu,South
ORD001844,CUST00365,2025-03-05 08:03:00,Delivered,Bhopal,Madhya Pradesh,Central
ORD001849,CUST00260,2025-03-05 09:25:00,Cancelled,Bhopal,Madhya Pradesh,Central
ORD001257,CUST00107,2025-03-05 13:53:00,Delivered,Mysuru,Karnataka,South
ORD002658,CUST00080,2025-03-05 15:10:00,Delivered,Ahmedabad,Gujarat,West
ORD002352,CUST00138,2025-03-05 15:18:00,Delivered,Bengaluru,Karnataka,South
ORD000853,CUST00148,2025-03-05 15:18:00,Delivered,Ahmedabad,Gujarat,West
ORD000608,CUST00104,2025-03-05 15:21:00,Returned,Surat,Gujarat,West
ORD000518,CUST00008,2025-03-05 15:51:00,Delivered,Ahmedabad,Gujarat,West
ORD000353,CUST00172,2025-03-05 19:28:00,Pending,Kolkata,West Bengal,East
ORD002527,CUST00492,2025-03-06 10:36:00,Returned,Ahmedabad,Gujarat,West
ORD000814,CUST00273,2025-03-06 12:44:00,Returned,Thiruvananthapuram,Kerala,South
ORD002571,CUST00172,2025-03-06 13:42:00,Pending,Kolkata,West Bengal,East
ORD000884,CUST00029,2025-03-06 16:20:00,Delivered,Delhi,Delhi,North
ORD000150,CUST00088,2025-03-06 17:00:00,Returned,Thiruvananthapuram,Kerala,South
ORD002194,CUST00140,2025-03-06 17:04:00,Cancelled,Pune,Maharashtra,West
ORD002816,CUST00136,2025-03-06 17:56:00,Delivered,Mysuru,Karnataka,South
ORD003087,CUST00248,2025-03-06 19:15:00,Delivered,Thiruvananthapuram,Kerala,South
ORD002260,CUST00361,2025-03-06 21:48:00,Delivered,Mysuru,Karnataka,South
ORD000611,CUST00146,2025-03-07 10:00:00,Delivered,Guwahati,Assam,East
ORD001135,CUST00289,2025-03-07 16:03:00,Delivered,Kochi,Kerala,South
ORD001813,CUST00055,2025-03-07 20:03:00,Returned,Kochi,Kerala,South
ORD002347,CUST00101,2025-03-07 21:52:00,Delivered,Chennai,Tamil Nadu,South
ORD000251,CUST00017,2025-03-08 09:17:00,Delivered,Coimbatore,Tamil Nadu,South
ORD002924,CUST00080,2025-03-08 12:17:00,Returned,Ahmedabad,Gujarat,West
ORD000288,CUST00213,2025-03-08 17:06:00,Delivered,Hyderabad,Telangana,South
ORD002296,CUST00494,2025-03-08 19:09:00,Cancelled,Indore,Madhya Pradesh,Central
ORD001467,CUST00494,2025-03-08 19:31:00,Delivered,Indore,Madhya Pradesh,Central
ORD000337,CUST00278,2025-03-08 22:55:00,Delivered,Chandigarh,Punjab,North
ORD002854,CUST00036,2025-03-09 08:39:00,Delivered,Pune,Maharashtra,West
ORD002453,CUST00251,2025-03-09 10:57:00,Cancelled,Coimbatore,Tamil Nadu,South
ORD002229,CUST00102,2025-03-09 11:13:00,Pending,Mysuru,Karnataka,South
ORD000774,CUST00161,2025-03-09 13:26:00,Returned,Chennai,Tamil Nadu,South
ORD002183,CUST00104,2025-03-09 16:55:00,Delivered,Surat,Gujarat,West
ORD002279,CUST00132,2025-03-09 17:10:00,Delivered,Noida,Uttar Pradesh,North
ORD000810,CUST00320,2025-03-09 18:17:00,Delivered,Lucknow,Uttar Pradesh,North
ORD000559,CUST00162,2025-03-10 09:22:00,Delivered,Mumbai,Maharashtra,West
ORD000222,CUST00058,2025-03-10 10:15:00,Delivered,Jaipur,Rajasthan,North
ORD002115,CUST00092,2025-03-10 10:45:00,Delivered,Hyderabad,Telangana,South
ORD000745,CUST00002,2025-03-10 15:07:00,Cancelled,Mysuru,Karnataka,South
ORD001316,CUST00030,2025-03-10 15:49:00,Delivered,Bengaluru,Karnataka,South
ORD000505,CUST00154,2025-03-10 21:50:00,Delivered,Delhi,Delhi,North
ORD002756,CUST00245,2025-03-10 21:55:00,Returned,Nagpur,Maharashtra,West
ORD002269,CUST00348,2025-03-11 10:19:00,Delivered,Thiruvananthapuram,Kerala,South
ORD000632,CUST00187,2025-03-11 13:02:00,Delivered,Gurugram,Haryana,North
ORD000078,CUST00312,2025-03-11 15:33:00,Returned,Mysuru,Karnataka,South
ORD000829,CUST00054,2025-03-11 16:42:00,Delivered,Ahmedabad,Gujarat,West
ORD000701,CUST00470,2025-03-11 19:38:00,Delivered,Chennai,Tamil Nadu,South
ORD000555,CUST00113,2025-03-11 20:36:00,Delivered,Mumbai,Maharashtra,West
ORD000068,CUST00007,2025-03-12 10:35:00,Delivered,Ahmedabad,Gujarat,West
ORD000323,CUST00161,2025-03-12 14:48:00,Returned,Chennai,Tamil Nadu,South
ORD001472,CUST00383,2025-03-12 20:29:00,Delivered,Pune,Maharashtra,West
ORD000556,CUST00408,2025-03-12 20:45:00,Delivered,Thiruvananthapuram,Kerala,South
ORD000577,CUST00494,2025-03-12 21:04:00,Pending,Indore,Madhya Pradesh,Central
ORD002166,CUST00451,2025-03-12 21:44:00,Delivered,Ahmedabad,Gujarat,West
ORD001003,CUST00185,2025-03-12 22:29:00,Delivered,Nagpur,Maharashtra,West
ORD000906,CUST00207,2025-03-13 11:47:00,Cancelled,Hyderabad,Telangana,South
ORD000821,CUST00240,2025-03-13 15:44:00,Delivered,Bhubaneswar,Odisha,East
ORD000769,CUST00055,2025-03-13 16:11:00,Pending,Kochi,Kerala,South
ORD000481,CUST00190,2025-03-13 17:03:00,Delivered,Mysuru,Karnataka,South
ORD001338,CUST00054,2025-03-13 19:51:00,Delivered,Ahmedabad,Gujarat,West
ORD001842,CUST00104,2025-03-14 08:52:00,Delivered,Surat,Gujarat,West
ORD000164,CUST00429,2025-03-14 09:33:00,Delivered,Mysuru,Karnataka,South
ORD001098,CUST00374,2025-03-14 11:45:00,Pending,Jaipur,Rajasthan,North
ORD001968,CUST00257,2025-03-14 14:36:00,Delivered,Thiruvananthapuram,Kerala,South
ORD000281,CUST00331,2025-03-14 16:44:00,Returned,Lucknow,Uttar Pradesh,North
ORD000393,CUST00113,2025-03-14 17:45:00,Returned,Mumbai,Maharashtra,West
ORD002567,CUST00144,2025-03-14 20:10:00,Cancelled,Delhi,Delhi,North
ORD002481,CUST00105,2025-03-14 21:10:00,Delivered,Thiruvananthapuram,Kerala,South
ORD000872,CUST00487,2025-03-15 08:52:00,Returned,Raipur,Chhattisgarh,Central
ORD002222,CUST00187,2025-03-15 09:33:00,Pending,Gurugram,Haryana,North
ORD003051,CUST00487,2025-03-15 17:13:00,Cancelled,Raipur,Chhattisgarh,Central
ORD000548,CUST00189,2025-03-16 10:47:00,Delivered,Guwahati,Assam,East
ORD000605,CUST00331,2025-03-16 15:21:00,Delivered,Lucknow,Uttar Pradesh,North
ORD000847,CUST00476,2025-03-17 10:16:00,Delivered,Chennai,Tamil Nadu,South
ORD000580,CUST00291,2025-03-17 12:35:00,Delivered,Mysuru,Karnataka,South
ORD001377,CUST00331,2025-03-17 18:42:00,Delivered,Lucknow,Uttar Pradesh,North
ORD001309,CUST00161,2025-03-17 19:52:00,Delivered,Chennai,Tamil Nadu,South
ORD001701,CUST00428,2025-03-18 08:33:00,Delivered,Mumbai,Maharashtra,West
ORD002514,CUST00045,2025-03-18 16:51:00,Pending,Bengaluru,Karnataka,South
ORD001505,CUST00029,2025-03-18 17:01:00,Delivered,Delhi,Delhi,North
ORD000468,CUST00469,2025-03-18 18:28:00,Delivered,Gurugram,Haryana,North
ORD000971,CUST00153,2025-03-18 20:12:00,Delivered,Jaipur,Rajasthan,North
ORD001821,CUST00449,2025-03-19 08:55:00,Delivered,Noida,Uttar Pradesh,North
ORD000075,CUST00201,2025-03-19 09:36:00,Delivered,Pune,Maharashtra,West
ORD001731,CUST00127,2025-03-19 09:55:00,Delivered,Thiruvananthapuram,Kerala,South
ORD002179,CUST00448,2025-03-19 12:38:00,Delivered,Coimbatore,Tamil Nadu,South
ORD001222,CUST00249,2025-03-20 08:59:00,Delivered,Thiruvananthapuram,Kerala,South
ORD003129,CUST00428,2025-03-20 10:09:00,Delivered,Mumbai,Maharashtra,West
ORD003082,CUST00243,2025-03-20 13:26:00,Delivered,Surat,Gujarat,West
ORD003149,CUST00012,2025-03-20 13:36:00,Pending,Noida,Uttar Pradesh,North
ORD001249,CUST00162,2025-03-20 19:41:00,Delivered,Gurugram,Haryana,North
ORD001384,CUST00494,2025-03-20 19:56:00,Delivered,Indore,Madhya Pradesh,Central
ORD002776,CUST00132,2025-03-20 21:37:00,Delivered,Coimbatore,Tamil Nadu,South
ORD002033,CUST00461,2025-03-21 09:44:00,Pending,Thiruvananthapuram,Kerala,South
ORD002719,CUST00351,2025-03-21 11:01:00,Delivered,Coimbatore,Tamil Nadu,South
ORD002466,CUST00101,2025-03-21 16:31:00,Delivered,Chennai,Tamil Nadu,South
ORD002353,CUST00073,2025-03-21 20:27:00,Delivered,Surat,Gujarat,West
ORD000569,CUST00469,2025-03-21 20:32:00,Delivered,Gurugram,Haryana,North
ORD003071,CUST00239,2025-03-22 08:19:00,Delivered,Hyderabad,Telangana,South
ORD000846,CUST00060,2025-03-22 08:44:00,Delivered,Bengaluru,Karnataka,South
ORD000972,CUST00012,2025-03-22 08:48:00,Returned,Noida,Uttar Pradesh,North
ORD000426,CUST00143,2025-03-22 15:46:00,Delivered,Kochi,Kerala,South
ORD003183,CUST00218,2025-03-22 21:54:00,Delivered,Bengaluru,Karnataka,South
ORD000583,CUST00108,2025-03-23 08:24:00,Cancelled,Chandigarh,Punjab,North
ORD001601,CUST00471,2025-03-23 12:15:00,Returned,Surat,Gujarat,West
ORD000454,CUST00021,2025-03-23 12:16:00,Delivered,Jaipur,Rajasthan,North
ORD001382,CUST00074,2025-03-23 12:22:00,Delivered,Hyderabad,Telangana,South
ORD000827,CUST00378,2025-03-23 15:15:00,Pending,Noida,Uttar Pradesh,North
ORD001138,CUST00005,2025-03-23 17:25:00,Returned,Mumbai,Maharashtra,West
ORD000942,CUST00073,2025-03-23 18:23:00,Delivered,Ahmedabad,Gujarat,West
ORD002395,CUST00292,2025-03-23 20:32:00,Delivered,Hyderabad,Telangana,South
ORD001193,CUST00211,2025-03-23 21:17:00,Delivered,Pune,Maharashtra,West
ORD001278,CUST00055,2025-03-23 22:30:00,Delivered,Kochi,Kerala,South
ORD002153,CUST00180,2025-03-24 10:05:00,Delivered,Kochi,Kerala,South
ORD002613,CUST00491,2025-03-24 13:33:00,Delivered,Surat,Gujarat,West
ORD001838,CUST00140,2025-03-24 14:28:00,Delivered,Pune,Maharashtra,West
ORD001252,CUST00148,2025-03-24 17:04:00,Delivered,Ahmedabad,Gujarat,West
ORD002478,CUST00121,2025-03-24 19:01:00,Cancelled,Chennai,Tamil Nadu,South
ORD000042,CUST00459,2025-03-24 21:50:00,Delivered,Patna,Bihar,East
ORD000782,CUST00126,2025-03-25 12:47:00,Cancelled,Gurugram,Haryana,North
ORD000966,CUST00291,2025-03-25 16:46:00,Delivered,Mysuru,Karnataka,South
ORD003072,CUST00149,2025-03-25 17:56:00,Delivered,Bengaluru,Karnataka,South
ORD003137,CUST00119,2025-03-25 19:06:00,Delivered,Bhubaneswar,Odisha,East
ORD001146,CUST00490,2025-03-26 10:05:00,Delivered,Bengaluru,Karnataka,South
ORD000550,CUST00177,2025-03-26 10:10:00,Returned,Hyderabad,Telangana,South
ORD000284,CUST00342,2025-03-26 10:11:00,Pending,Chennai,Tamil Nadu,South
ORD002948,CUST00006,2025-03-26 12:54:00,Delivered,Indore,Madhya Pradesh,Central
ORD002628,CUST00054,2025-03-26 17:55:00,Delivered,Ahmedabad,Gujarat,West
ORD002402,CUST00138,2025-03-27 09:10:00,Delivered,Kochi,Kerala,South
ORD000603,CUST00249,2025-03-27 16:04:00,Delivered,Thiruvananthapuram,Kerala,South
ORD001954,CUST00320,2025-03-27 17:12:00,Delivered,Lucknow,Uttar Pradesh,North
ORD000291,CUST00293,2025-03-28 09:52:00,Cancelled,Delhi,Delhi,North
ORD000636,CUST00343,2025-03-28 15:56:00,Delivered,Hyderabad,Telangana,South
ORD003000,CUST00231,2025-03-29 09:08:00,Delivered,Patna,Bihar,East
ORD000106,CUST00283,2025-03-29 09:49:00,Delivered,Bengaluru,Karnataka,South
ORD002247,CUST00418,2025-03-29 10:24:00,Delivered,Mumbai,Maharashtra,West
ORD003044,CUST00331,2025-03-29 18:02:00,Returned,Lucknow,Uttar Pradesh,North
ORD001250,CUST00025,2025-03-29 18:03:00,Delivered,Pune,Maharashtra,West
ORD002586,CUST00261,2025-03-29 20:21:00,Delivered,Chennai,Tamil Nadu,South
ORD001136,CUST00195,2025-03-29 21:22:00,Delivered,Pune,Maharashtra,West
ORD000047,CUST00428,2025-03-29 22:58:00,Cancelled,Mumbai,Maharashtra,West
ORD001343,CUST00385,2025-03-30 11:33:00,Returned,Kochi,Kerala,South
ORD002541,CUST00051,2025-03-30 15:16:00,Cancelled,Chennai,Tamil Nadu,South
ORD003073,CUST00345,2025-03-30 20:40:00,Delivered,Hyderabad,Telangana,South
ORD001604,CUST00029,2025-03-30 21:20:00,Cancelled,Delhi,Delhi,North
ORD002254,CUST00410,2025-03-30 21:50:00,Cancelled,Lucknow,Uttar Pradesh,North
ORD000287,CUST00085,2025-03-31 13:58:00,Returned,Kochi,Kerala,South
ORD002424,CUST00426,2025-03-31 19:11:00,Cancelled,Bengaluru,Karnataka,South
ORD002496,CUST00044,2025-04-01 08:14:00,Delivered,Mysuru,Karnataka,South
ORD000099,CUST00331,2025-04-01 09:36:00,Delivered,Lucknow,Uttar Pradesh,North
ORD000914,CUST00044,2025-04-01 10:08:00,Delivered,Mysuru,Karnataka,South
ORD001614,CUST00395,2025-04-01 10:32:00,Delivered,Mumbai,Maharashtra,West
ORD001269,CUST00438,2025-04-01 14:15:00,Delivered,Chandigarh,Punjab,North
ORD001785,CUST00030,2025-04-01 14:28:00,Cancelled,Bengaluru,Karnataka,South
ORD000407,CUST00353,2025-04-01 16:07:00,Cancelled,Delhi,Delhi,North
ORD001013,CUST00249,2025-04-01 19:49:00,Delivered,Thiruvananthapuram,Kerala,South
ORD002156,CUST00221,2025-04-01 20:06:00,Delivered,Bhubaneswar,Odisha,East
ORD000214,CUST00323,2025-04-02 09:13:00,Delivered,Bhubaneswar,Odisha,East
ORD000032,CUST00260,2025-04-02 10:19:00,Delivered,Bhopal,Madhya Pradesh,Central
ORD001420,CUST00208,2025-04-02 10:32:00,Delivered,Mysuru,Karnataka,South
ORD002363,CUST00242,2025-04-02 14:26:00,Delivered,Nagpur,Maharashtra,West
ORD003106,CUST00157,2025-04-02 15:36:00,Delivered,Chandigarh,Punjab,North
ORD002867,CUST00322,2025-04-02 19:58:00,Pending,Guwahati,Assam,East
ORD001851,CUST00110,2025-04-02 22:27:00,Delivered,Mumbai,Maharashtra,West
ORD001551,CUST00100,2025-04-02 22:27:00,Delivered,Hyderabad,Telangana,South
ORD000531,CUST00129,2025-04-03 08:12:00,Delivered,Kochi,Kerala,South
ORD002970,CUST00156,2025-04-03 08:18:00,Delivered,Nagpur,Maharashtra,West
ORD001162,CUST00217,2025-04-03 08:57:00,Delivered,Pune,Maharashtra,West
ORD002799,CUST00059,2025-04-03 10:39:00,Delivered,Mumbai,Maharashtra,West
ORD001289,CUST00414,2025-04-03 11:04:00,Delivered,Bhubaneswar,Odisha,East
ORD002588,CUST00067,2025-04-03 17:10:00,Delivered,Delhi,Delhi,North
ORD001677,CUST00288,2025-04-03 18:06:00,Delivered,Thiruvananthapuram,Kerala,South
ORD003017,CUST00291,2025-04-03 22:27:00,Delivered,Mysuru,Karnataka,South
ORD000618,CUST00001,2025-04-04 11:16:00,Pending,Hyderabad,Telangana,South
ORD002436,CUST00319,2025-04-04 21:21:00,Cancelled,Chandigarh,Punjab,North
ORD002762,CUST00195,2025-04-05 11:58:00,Delivered,Pune,Maharashtra,West
ORD000041,CUST00345,2025-04-05 12:53:00,Cancelled,Chandigarh,Punjab,North
ORD000120,CUST00113,2025-04-05 15:04:00,Returned,Mumbai,Maharashtra,West
ORD002359,CUST00177,2025-04-05 21:37:00,Returned,Hyderabad,Telangana,South
ORD003005,CUST00146,2025-04-06 09:46:00,Delivered,Nagpur,Maharashtra,West
ORD002663,CUST00486,2025-04-06 10:22:00,Delivered,Kochi,Kerala,South
ORD001310,CUST00326,2025-04-06 11:05:00,Delivered,Thiruvananthapuram,Kerala,South
ORD003168,CUST00001,2025-04-06 11:39:00,Delivered,Hyderabad,Telangana,South
ORD001010,CUST00490,2025-04-06 13:36:00,Cancelled,Bengaluru,Karnataka,South
ORD000472,CUST00271,2025-04-06 14:28:00,Delivered,Pune,Maharashtra,West
ORD001231,CUST00335,2025-04-06 18:05:00,Delivered,Surat,Gujarat,West
ORD001745,CUST00197,2025-04-06 19:51:00,Delivered,Noida,Uttar Pradesh,North
ORD002268,CUST00279,2025-04-06 21:02:00,Delivered,Patna,Bihar,East
ORD002307,CUST00370,2025-04-07 10:36:00,Delivered,Mumbai,Maharashtra,West
ORD002856,CUST00058,2025-04-07 13:38:00,Returned,Jaipur,Rajasthan,North
ORD001142,CUST00456,2025-04-07 13:53:00,Delivered,Chandigarh,Punjab,North
ORD001471,CUST00118,2025-04-07 14:31:00,Delivered,Gurugram,Haryana,North
ORD003116,CUST00206,2025-04-07 16:50:00,Delivered,Bhubaneswar,Odisha,East
ORD001668,CUST00017,2025-04-07 18:46:00,Returned,Coimbatore,Tamil Nadu,South
ORD000230,CUST00224,2025-04-07 21:07:00,Delivered,Ahmedabad,Gujarat,West
ORD001037,CUST00482,2025-04-08 09:30:00,Pending,Mumbai,Maharashtra,West
ORD001454,CUST00211,2025-04-08 13:45:00,Delivered,Pune,Maharashtra,West
ORD002362,CUST00045,2025-04-08 17:12:00,Delivered,Bengaluru,Karnataka,South
ORD001441,CUST00197,2025-04-08 19:17:00,Returned,Noida,Uttar Pradesh,North
ORD002261,CUST00049,2025-04-09 09:32:00,Delivered,Lucknow,Uttar Pradesh,North
ORD003088,CUST00173,2025-04-09 09:52:00,Delivered,Pune,Maharashtra,West
ORD002474,CUST00045,2025-04-09 12:29:00,Delivered,Bengaluru,Karnataka,South
ORD002972,CUST00213,2025-04-09 13:32:00,Cancelled,Hyderabad,Telangana,South
ORD001164,CUST00044,2025-04-09 15:36:00,Pending,Mysuru,Karnataka,South
ORD002706,CUST00467,2025-04-09 21:13:00,Cancelled,Hyderabad,Telangana,South
ORD002380,CUST00046,2025-04-09 22:56:00,Cancelled,Jaipur,Rajasthan,North
ORD000698,CUST00084,2025-04-10 09:16:00,Delivered,Thiruvananthapuram,Kerala,South
ORD001716,CUST00286,2025-04-10 15:06:00,Delivered,Gurugram,Haryana,North
ORD000195,CUST00005,2025-04-11 08:15:00,Delivered,Mumbai,Maharashtra,West
ORD001584,CUST00367,2025-04-11 11:05:00,Delivered,Mysuru,Karnataka,South
ORD002815,CUST00027,2025-04-11 11:07:00,Delivered,Kochi,Kerala,South
ORD000897,CUST00027,2025-04-11 12:05:00,Returned,Lucknow,Uttar Pradesh,North
ORD000117,CUST00202,2025-04-11 13:53:00,Delivered,Kochi,Kerala,South
ORD000213,CUST00218,2025-04-11 18:24:00,Pending,Bengaluru,Karnataka,South
ORD001557,CUST00159,2025-04-11 19:23:00,Delivered,Gurugram,Haryana,North
ORD001295,CUST00345,2025-04-12 12:08:00,Delivered,Hyderabad,Telangana,South
ORD000336,CUST00217,2025-04-12 16:20:00,Delivered,Pune,Maharashtra,West
ORD000387,CUST00020,2025-04-12 18:19:00,Delivered,Kolkata,West Bengal,East
ORD002275,CUST00417,2025-04-12 19:09:00,Delivered,Jaipur,Rajasthan,North
ORD002901,CUST00341,2025-04-12 22:39:00,Delivered,Thiruvananthapuram,Kerala,South
ORD000869,CUST00443,2025-04-12 22:56:00,Delivered,Nagpur,Maharashtra,West
ORD001255,CUST00208,2025-04-13 21:47:00,Cancelled,Mysuru,Karnataka,South
ORD000616,CUST00185,2025-04-14 09:11:00,Cancelled,Nagpur,Maharashtra,West
ORD000504,CUST00179,2025-04-14 09:59:00,Delivered,Hyderabad,Telangana,South
ORD003045,CUST00354,2025-04-14 11:08:00,Returned,Noida,Uttar Pradesh,North
ORD000610,CUST00008,2025-04-14 13:51:00,Delivered,Ahmedabad,Gujarat,West
ORD000021,CUST00002,2025-04-14 14:49:00,Delivered,Mysuru,Karnataka,South
ORD000750,CUST00290,2025-04-14 17:21:00,Delivered,Chandigarh,Punjab,North
ORD002241,CUST00270,2025-04-14 20:29:00,Cancelled,Noida,Uttar Pradesh,North
ORD002066,CUST00279,2025-04-15 14:07:00,Delivered,Chandigarh,Punjab,North
ORD000653,CUST00280,2025-04-15 17:10:00,Delivered,Hyderabad,Telangana,South
ORD001442,CUST00207,2025-04-16 10:54:00,Delivered,Hyderabad,Telangana,South
ORD002464,CUST00372,2025-04-16 14:38:00,Returned,Patna,Bihar,East
ORD002853,CUST00238,2025-04-16 14:48:00,Delivered,Delhi,Delhi,North
ORD003093,CUST00423,2025-04-16 17:58:00,Delivered,Mumbai,Maharashtra,West
ORD000171,CUST00353,2025-04-16 18:45:00,Delivered,Delhi,Delhi,North
ORD002882,CUST00008,2025-04-16 22:16:00,Cancelled,Bhubaneswar,Odisha,East
ORD001476,CUST00175,2025-04-17 10:24:00,Returned,Nagpur,Maharashtra,West
ORD003025,CUST00244,2025-04-17 20:06:00,Delivered,Coimbatore,Tamil Nadu,South
ORD000072,CUST00149,2025-04-17 22:12:00,Delivered,Bengaluru,Karnataka,South
ORD000051,CUST00388,2025-04-18 18:22:00,Delivered,Pune,Maharashtra,West
ORD003197,CUST00246,2025-04-19 08:19:00,Delivered,Coimbatore,Tamil Nadu,South
ORD001290,CUST00049,2025-04-19 08:56:00,Delivered,Lucknow,Uttar Pradesh,North
ORD001223,CUST00129,2025-04-19 12:09:00,Cancelled,Kochi,Kerala,South
ORD002349,CUST00074,2025-04-19 13:32:00,Delivered,Hyderabad,Telangana,South
ORD001882,CUST00134,2025-04-19 18:35:00,Delivered,Jaipur,Rajasthan,North
ORD000104,CUST00476,2025-04-19 21:02:00,Delivered,Chennai,Tamil Nadu,South
ORD003050,CUST00042,2025-04-20 08:27:00,Delivered,Chandigarh,Punjab,North
ORD000558,CUST00071,2025-04-20 10:26:00,Delivered,Nagpur,Maharashtra,West
ORD000122,CUST00441,2025-04-20 12:44:00,Delivered,Chandigarh,Punjab,North
ORD000987,CUST00480,2025-04-20 14:39:00,Pending,Delhi,Delhi,North
ORD000132,CUST00367,2025-04-20 15:01:00,Delivered,Mysuru,Karnataka,South
ORD000404,CUST00446,2025-04-20 17:18:00,Delivered,Jaipur,Rajasthan,North
ORD000086,CUST00187,2025-04-20 17:24:00,Delivered,Gurugram,Haryana,North
ORD001118,CUST00395,2025-04-20 18:04:00,Pending,Mumbai,Maharashtra,West
ORD002054,CUST00230,2025-04-20 18:42:00,Cancelled,Kochi,Kerala,South
ORD001234,CUST00288,2025-04-21 08:24:00,Cancelled,Thiruvananthapuram,Kerala,South
ORD001625,CUST00260,2025-04-21 11:11:00,Delivered,Bhopal,Madhya Pradesh,Central
ORD000944,CUST00394,2025-04-21 14:32:00,Cancelled,Lucknow,Uttar Pradesh,North
ORD002991,CUST00169,2025-04-21 18:08:00,Returned,Jaipur,Rajasthan,North
ORD000895,CUST00422,2025-04-22 10:08:00,Delivered,Bengaluru,Karnataka,South
ORD000023,CUST00326,2025-04-22 10:43:00,Delivered,Thiruvananthapuram,Kerala,South
ORD000857,CUST00347,2025-04-22 11:20:00,Pending,Coimbatore,Tamil Nadu,South
ORD000981,CUST00100,2025-04-22 11:47:00,Cancelled,Hyderabad,Telangana,South
ORD000779,CUST00101,2025-04-22 13:47:00,Returned,Chennai,Tamil Nadu,South
ORD000223,CUST00301,2025-04-22 13:59:00,Delivered,Lucknow,Uttar Pradesh,North
ORD001554,CUST00100,2025-04-22 16:23:00,Cancelled,Hyderabad,Telangana,South
ORD001335,CUST00279,2025-04-22 16:33:00,Delivered,Chandigarh,Punjab,North
ORD001000,CUST00301,2025-04-22 19:34:00,Delivered,Lucknow,Uttar Pradesh,North
ORD002525,CUST00237,2025-04-22 19:49:00,Cancelled,Lucknow,Uttar Pradesh,North
ORD000833,CUST00316,2025-04-24 12:12:00,Delivered,Nagpur,Maharashtra,West
ORD001670,CUST00115,2025-04-24 16:01:00,Delivered,Guwahati,Assam,East
ORD002266,CUST00062,2025-04-25 13:33:00,Delivered,Noida,Uttar Pradesh,North
ORD001828,CUST00154,2025-04-25 14:57:00,Delivered,Delhi,Delhi,North
ORD002322,CUST00379,2025-04-25 16:54:00,Pending,Mumbai,Maharashtra,West
ORD002626,CUST00436,2025-04-25 18:03:00,Delivered,Noida,Uttar Pradesh,North
ORD003102,CUST00243,2025-04-26 08:31:00,Pending,Surat,Gujarat,West
ORD001344,CUST00022,2025-04-26 14:43:00,Delivered,Bengaluru,Karnataka,South
ORD001998,CUST00161,2025-04-26 14:43:00,Pending,Chennai,Tamil Nadu,South
ORD001977,CUST00202,2025-04-26 16:32:00,Delivered,Kochi,Kerala,South
ORD001008,CUST00136,2025-04-26 16:39:00,Delivered,Mysuru,Karnataka,South
ORD001004,CUST00211,2025-04-26 19:41:00,Cancelled,Pune,Maharashtra,West
ORD002355,CUST00119,2025-04-26 20:07:00,Delivered,Bhubaneswar,Odisha,East
ORD000225,CUST00447,2025-04-27 11:04:00,Delivered,Kochi,Kerala,South
ORD002329,CUST00498,2025-04-27 13:06:00,Delivered,Bengaluru,Karnataka,South
ORD000080,CUST00195,2025-04-27 13:22:00,Delivered,Pune,Maharashtra,West
ORD001697,CUST00190,2025-04-27 17:46:00,Delivered,Mysuru,Karnataka,South
ORD000391,CUST00178,2025-04-27 18:31:00,Delivered,Kochi,Kerala,South
ORD002317,CUST00278,2025-04-27 18:59:00,Pending,Chandigarh,Punjab,North
ORD001006,CUST00088,2025-04-27 19:28:00,Returned,Thiruvananthapuram,Kerala,South
ORD002072,CUST00172,2025-04-27 20:38:00,Delivered,Kolkata,West Bengal,East
ORD000889,CUST00121,2025-04-28 08:18:00,Returned,Bengaluru,Karnataka,South
ORD002306,CUST00400,2025-04-28 09:46:00,Delivered,Surat,Gujarat,West
ORD000837,CUST00169,2025-04-28 14:50:00,Delivered,Thiruvananthapuram,Kerala,South
ORD000540,CUST00101,2025-04-28 20:43:00,Delivered,Chennai,Tamil Nadu,South
ORD002989,CUST00446,2025-04-28 21:52:00,Delivered,Jaipur,Rajasthan,North
ORD002059,CUST00353,2025-04-29 08:26:00,Delivered,Delhi,Delhi,North
ORD000419,CUST00370,2025-04-29 11:46:00,Delivered,Mumbai,Maharashtra,West
ORD001515,CUST00213,2025-04-29 17:06:00,Returned,Hyderabad,Telangana,South
ORD002640,CUST00491,2025-04-29 17:34:00,Delivered,Surat,Gujarat,West
ORD003155,CUST00330,2025-04-29 22:03:00,Delivered,Bengaluru,Karnataka,South
ORD001777,CUST00021,2025-04-30 11:06:00,Delivered,Gurugram,Haryana,North
ORD002995,CUST00148,2025-04-30 11:57:00,Delivered,Ahmedabad,Gujarat,West
ORD000029,CUST00494,2025-04-30 12:00:00,Delivered,Indore,Madhya Pradesh,Central
ORD000911,CUST00495,2025-04-30 18:46:00,Delivered,Coimbatore,Tamil Nadu,South
ORD003113,CUST00474,2025-04-30 19:21:00,Delivered,Surat,Gujarat,West
ORD002946,CUST00148,2025-04-30 20:49:00,Returned,Chennai,Tamil Nadu,South
ORD000691,CUST00473,2025-04-30 21:55:00,Cancelled,Bhubaneswar,Odisha,East
ORD002477,CUST00165,2025-05-01 09:44:00,Cancelled,Pune,Maharashtra,West
ORD000421,CUST00405,2025-05-01 11:01:00,Cancelled,Pune,Maharashtra,West
ORD000515,CUST00195,2025-05-01 16:56:00,Delivered,Pune,Maharashtra,West
ORD001817,CUST00210,2025-05-01 19:53:00,Returned,Chandigarh,Punjab,North
ORD001829,CUST00448,2025-05-01 21:57:00,Delivered,Gurugram,Haryana,North
ORD002599,CUST00086,2025-05-02 15:07:00,Delivered,Bengaluru,Karnataka,South
ORD000226,CUST00455,2025-05-02 20:37:00,Delivered,Delhi,Delhi,North
ORD000822,CUST00113,2025-05-02 21:48:00,Delivered,Hyderabad,Telangana,South
ORD001530,CUST00346,2025-05-02 21:53:00,Delivered,Thiruvananthapuram,Kerala,South
ORD001081,CUST00228,2025-05-02 22:02:00,Delivered,Kochi,Kerala,South
ORD002159,CUST00079,2025-05-03 08:24:00,Returned,Chennai,Tamil Nadu,South
ORD001322,CUST00405,2025-05-03 11:50:00,Cancelled,Mumbai,Maharashtra,West
ORD000037,CUST00351,2025-05-03 14:23:00,Delivered,Coimbatore,Tamil Nadu,South
ORD000373,CUST00218,2025-05-03 16:01:00,Pending,Bengaluru,Karnataka,South
ORD001352,CUST00059,2025-05-03 17:08:00,Delivered,Mumbai,Maharashtra,West
ORD000545,CUST00396,2025-05-03 17:34:00,Pending,Surat,Gujarat,West
ORD001550,CUST00216,2025-05-03 19:24:00,Pending,Thiruvananthapuram,Kerala,South
ORD000347,CUST00213,2025-05-04 08:25:00,Delivered,Hyderabad,Telangana,South
ORD001710,CUST00456,2025-05-04 12:46:00,Cancelled,Chandigarh,Punjab,North
ORD002574,CUST00081,2025-05-04 13:07:00,Cancelled,Bhubaneswar,Odisha,East
ORD000267,CUST00301,2025-05-04 13:36:00,Returned,Lucknow,Uttar Pradesh,North
ORD000245,CUST00383,2025-05-04 14:52:00,Pending,Pune,Maharashtra,West
ORD002332,CUST00267,2025-05-04 16:32:00,Delivered,Ahmedabad,Gujarat,West
ORD001775,CUST00005,2025-05-04 18:50:00,Cancelled,Mumbai,Maharashtra,West
ORD001045,CUST00461,2025-05-04 18:50:00,Delivered,Thiruvananthapuram,Kerala,South
ORD003121,CUST00422,2025-05-04 20:00:00,Delivered,Bengaluru,Karnataka,South
ORD001644,CUST00271,2025-05-04 22:51:00,Returned,Mumbai,Maharashtra,West
ORD000952,CUST00058,2025-05-05 08:40:00,Delivered,Jaipur,Rajasthan,North
ORD000720,CUST00292,2025-05-05 11:48:00,Delivered,Hyderabad,Telangana,South
ORD002992,CUST00387,2025-05-05 12:21:00,Delivered,Mysuru,Karnataka,South
ORD001962,CUST00273,2025-05-05 13:45:00,Delivered,Thiruvananthapuram,Kerala,South
ORD002755,CUST00439,2025-05-05 13:57:00,Delivered,Hyderabad,Telangana,South
ORD000574,CUST00101,2025-05-06 11:55:00,Cancelled,Chennai,Tamil Nadu,South
ORD001506,CUST00242,2025-05-06 14:20:00,Returned,Nagpur,Maharashtra,West
ORD000845,CUST00428,2025-05-06 20:22:00,Delivered,Mumbai,Maharashtra,West
ORD001116,CUST00346,2025-05-06 20:27:00,Returned,Thiruvananthapuram,Kerala,South
ORD000266,CUST00007,2025-05-06 22:37:00,Delivered,Ahmedabad,Gujarat,West
ORD003115,CUST00344,2025-05-07 08:17:00,Cancelled,Hyderabad,Telangana,South
ORD000219,CUST00027,2025-05-07 09:37:00,Delivered,Lucknow,Uttar Pradesh,North
ORD001958,CUST00144,2025-05-07 09:50:00,Delivered,Delhi,Delhi,North
ORD000659,CUST00022,2025-05-07 15:55:00,Delivered,Bengaluru,Karnataka,South
ORD001093,CUST00279,2025-05-07 15:57:00,Cancelled,Lucknow,Uttar Pradesh,North
ORD001990,CUST00411,2025-05-07 16:37:00,Delivered,Chennai,Tamil Nadu,South
ORD001930,CUST00127,2025-05-07 17:19:00,Delivered,Thiruvananthapuram,Kerala,South
ORD001735,CUST00469,2025-05-07 21:08:00,Delivered,Gurugram,Haryana,North
ORD002863,CUST00191,2025-05-08 08:40:00,Cancelled,Gurugram,Haryana,North
ORD001066,CUST00243,2025-05-08 09:55:00,Pending,Surat,Gujarat,West
ORD000582,CUST00129,2025-05-08 15:40:00,Delivered,Kochi,Kerala,South
ORD002752,CUST00129,2025-05-08 15:47:00,Delivered,Kochi,Kerala,South
ORD001271,CUST00397,2025-05-08 17:05:00,Returned,Mumbai,Maharashtra,West
ORD001929,CUST00092,2025-05-08 21:37:00,Returned,Hyderabad,Telangana,South
ORD002061,CUST00297,2025-05-09 09:14:00,Delivered,Nagpur,Maharashtra,West
ORD000376,CUST00500,2025-05-09 11:16:00,Returned,Thiruvananthapuram,Kerala,South
ORD001487,CUST00168,2025-05-09 14:08:00,Delivered,Mysuru,Karnataka,South
ORD001021,CUST00356,2025-05-09 18:35:00,Delivered,Indore,Madhya Pradesh,Central
ORD002314,CUST00153,2025-05-09 19:34:00,Pending,Jaipur,Rajasthan,North
ORD002074,CUST00497,2025-05-09 22:54:00,Returned,Surat,Gujarat,West
ORD003078,CUST00138,2025-05-10 09:41:00,Delivered,Bengaluru,Karnataka,South
ORD000011,CUST00343,2025-05-10 12:51:00,Delivered,Delhi,Delhi,North
ORD001855,CUST00136,2025-05-10 13:13:00,Delivered,Mysuru,Karnataka,South
ORD002741,CUST00287,2025-05-10 18:04:00,Delivered,Nagpur,Maharashtra,West
ORD001978,CUST00408,2025-05-10 20:17:00,Delivered,Thiruvananthapuram,Kerala,South
ORD002077,CUST00385,2025-05-10 20:44:00,Delivered,Surat,Gujarat,West
ORD000392,CUST00052,2025-05-11 14:25:00,Delivered,Kochi,Kerala,South
ORD001718,CUST00246,2025-05-12 08:01:00,Delivered,Coimbatore,Tamil Nadu,South
ORD000397,CUST00249,2025-05-12 10:53:00,Cancelled,Thiruvananthapuram,Kerala,South
ORD000954,CUST00173,2025-05-12 12:14:00,Delivered,Pune,Maharashtra,West
ORD002057,CUST00055,2025-05-12 14:49:00,Delivered,Kochi,Kerala,South
ORD002985,CUST00427,2025-05-12 15:46:00,Delivered,Surat,Gujarat,West
ORD000875,CUST00138,2025-05-12 19:14:00,Delivered,Bengaluru,Karnataka,South
ORD003080,CUST00080,2025-05-12 21:34:00,Delivered,Ahmedabad,Gujarat,West
ORD001270,CUST00045,2025-05-13 08:38:00,Delivered,Bengaluru,Karnataka,South
ORD002913,CUST00357,2025-05-13 12:23:00,Pending,Bengaluru,Karnataka,South
ORD003161,CUST00479,2025-05-13 17:53:00,Delivered,Noida,Uttar Pradesh,North
ORD003020,CUST00128,2025-05-13 19:13:00,Delivered,Kolkata,West Bengal,East
ORD001029,CUST00037,2025-05-13 19:37:00,Delivered,Thiruvananthapuram,Kerala,South
ORD001654,CUST00229,2025-05-14 13:42:00,Delivered,Kolkata,West Bengal,East
ORD002019,CUST00331,2025-05-14 17:12:00,Delivered,Lucknow,Uttar Pradesh,North
ORD002310,CUST00301,2025-05-14 19:08:00,Delivered,Lucknow,Uttar Pradesh,North
ORD000290,CUST00008,2025-05-15 13:10:00,Returned,Ahmedabad,Gujarat,West
ORD000002,CUST00195,2025-05-15 20:47:00,Delivered,Pune,Maharashtra,West
ORD001917,CUST00455,2025-05-16 10:15:00,Delivered,Delhi,Delhi,North
ORD002909,CUST00456,2025-05-16 10:38:00,Delivered,Chandigarh,Punjab,North
ORD001204,CUST00201,2025-05-16 11:38:00,Returned,Pune,Maharashtra,West
ORD002726,CUST00207,2025-05-16 14:12:00,Delivered,Hyderabad,Telangana,South
ORD000220,CUST00281,2025-05-16 18:52:00,Delivered,Hyderabad,Telangana,South
ORD000033,CUST00078,2025-05-16 19:12:00,Delivered,Mysuru,Karnataka,South
ORD000826,CUST00138,2025-05-16 19:15:00,Delivered,Bengaluru,Karnataka,South
ORD001386,CUST00046,2025-05-16 20:46:00,Delivered,Jaipur,Rajasthan,North
ORD000263,CUST00162,2025-05-17 11:36:00,Delivered,Mumbai,Maharashtra,West
ORD002549,CUST00186,2025-05-17 19:06:00,Delivered,Kolkata,West Bengal,East
ORD000757,CUST00158,2025-05-17 19:09:00,Delivered,Pune,Maharashtra,West
ORD002689,CUST00051,2025-05-18 08:08:00,Delivered,Patna,Bihar,East
ORD002637,CUST00217,2025-05-18 08:57:00,Delivered,Pune,Maharashtra,West
ORD002008,CUST00327,2025-05-18 10:02:00,Cancelled,Surat,Gujarat,West
ORD000714,CUST00305,2025-05-18 11:29:00,Delivered,Ahmedabad,Gujarat,West
ORD000886,CUST00197,2025-05-18 11:36:00,Delivered,Noida,Uttar Pradesh,North
ORD002468,CUST00385,2025-05-18 17:45:00,Delivered,Surat,Gujarat,West
ORD002729,CUST00267,2025-05-19 08:41:00,Delivered,Ahmedabad,Gujarat,West
ORD003127,CUST00030,2025-05-20 12:46:00,Cancelled,Bengaluru,Karnataka,South
ORD000137,CUST00329,2025-05-20 13:16:00,Delivered,Chennai,Tamil Nadu,South
ORD001792,CUST00092,2025-05-21 14:07:00,Delivered,Hyderabad,Telangana,South
ORD001841,CUST00029,2025-05-21 14:58:00,Delivered,Delhi,Delhi,North
ORD002137,CUST00138,2025-05-21 16:42:00,Delivered,Bengaluru,Karnataka,South
ORD001493,CUST00408,2025-05-22 13:49:00,Delivered,Thiruvananthapuram,Kerala,South
ORD002843,CUST00396,2025-05-22 15:38:00,Cancelled,Surat,Gujarat,West
ORD003056,CUST00340,2025-05-22 18:31:00,Delivered,Kochi,Kerala,South
ORD003004,CUST00278,2025-05-22 22:21:00,Returned,Chandigarh,Punjab,North
ORD000604,CUST00451,2025-05-23 12:06:00,Delivered,Ahmedabad,Gujarat,West
ORD001760,CUST00102,2025-05-23 16:21:00,Delivered,Mysuru,Karnataka,South
ORD002000,CUST00486,2025-05-23 17:01:00,Returned,Chandigarh,Punjab,North
ORD002469,CUST00213,2025-05-23 20:44:00,Pending,Hyderabad,Telangana,South
ORD000191,CUST00008,2025-05-23 21:36:00,Delivered,Ahmedabad,Gujarat,West
ORD001205,CUST00229,2025-05-24 09:05:00,Returned,Kolkata,West Bengal,East
ORD002490,CUST00048,2025-05-24 14:53:00,Delivered,Bengaluru,Karnataka,South
ORD001540,CUST00113,2025-05-24 15:50:00,Delivered,Chandigarh,Punjab,North
ORD001900,CUST00007,2025-05-25 09:40:00,Delivered,Ahmedabad,Gujarat,West
ORD002429,CUST00054,2025-05-25 10:46:00,Pending,Ahmedabad,Gujarat,West
ORD000783,CUST00273,2025-05-25 11:10:00,Delivered,Thiruvananthapuram,Kerala,South
ORD002584,CUST00211,2025-05-25 15:26:00,Delivered,Pune,Maharashtra,West
ORD001426,CUST00201,2025-05-25 19:23:00,Delivered,Pune,Maharashtra,West
ORD000753,CUST00085,2025-05-26 10:36:00,Delivered,Kochi,Kerala,South
ORD001385,CUST00116,2025-05-26 14:51:00,Delivered,Thiruvananthapuram,Kerala,South
ORD001143,CUST00280,2025-05-26 21:42:00,Delivered,Hyderabad,Telangana,South
ORD001627,CUST00077,2025-05-26 22:59:00,Delivered,Coimbatore,Tamil Nadu,South
ORD002779,CUST00398,2025-05-27 13:56:00,Delivered,Nagpur,Maharashtra,West
ORD001896,CUST00202,2025-05-27 21:16:00,Delivered,Kochi,Kerala,South
ORD000712,CUST00159,2025-05-27 21:35:00,Returned,Ahmedabad,Gujarat,West
ORD000060,CUST00085,2025-05-27 22:05:00,Delivered,Kochi,Kerala,South
ORD001453,CUST00457,2025-05-28 09:33:00,Delivered,Ahmedabad,Gujarat,West
ORD002500,CUST00343,2025-05-28 10:03:00,Delivered,Delhi,Delhi,North
ORD002422,CUST00242,2025-05-28 10:29:00,Delivered,Nagpur,Maharashtra,West
ORD000390,CUST00173,2025-05-28 13:43:00,Delivered,Pune,Maharashtra,West
ORD000441,CUST00408,2025-05-28 17:38:00,Cancelled,Thiruvananthapuram,Kerala,South
ORD001575,CUST00310,2025-05-28 20:03:00,Cancelled,Jaipur,Rajasthan,North
ORD001123,CUST00172,2025-05-28 21:38:00,Pending,Kolkata,West Bengal,East
ORD002366,CUST00152,2025-05-29 08:19:00,Delivered,Hyderabad,Telangana,South
ORD002427,CUST00128,2025-05-29 09:27:00,Delivered,Kolkata,West Bengal,East
ORD001597,CUST00012,2025-05-29 15:24:00,Delivered,Noida,Uttar Pradesh,North
ORD001611,CUST00381,2025-05-29 17:24:00,Delivered,Pune,Maharashtra,West
ORD002735,CUST00246,2025-05-29 19:17:00,Delivered,Coimbatore,Tamil Nadu,South
ORD000292,CUST00416,2025-05-29 19:56:00,Delivered,Chandigarh,Punjab,North
ORD001568,CUST00500,2025-05-29 20:02:00,Delivered,Thiruvananthapuram,Kerala,South
ORD001494,CUST00096,2025-05-30 08:37:00,Delivered,Ahmedabad,Gujarat,West
ORD001887,CUST00472,2025-05-30 08:56:00,Pending,Mumbai,Maharashtra,West
ORD001050,CUST00095,2025-05-30 09:19:00,Delivered,Mumbai,Maharashtra,West
ORD000764,CUST00412,2025-05-30 09:28:00,Pending,Lucknow,Uttar Pradesh,North
ORD003108,CUST00044,2025-05-30 09:35:00,Delivered,Mysuru,Karnataka,South
ORD000278,CUST00320,2025-05-30 13:08:00,Delivered,Lucknow,Uttar Pradesh,North
ORD002733,CUST00331,2025-05-30 19:45:00,Delivered,Lucknow,Uttar Pradesh,North
ORD000217,CUST00004,2025-05-30 22:14:00,Delivered,Thiruvananthapuram,Kerala,South
ORD002488,CUST00249,2025-05-31 08:56:00,Cancelled,Noida,Uttar Pradesh,North
ORD001938,CUST00449,2025-05-31 10:18:00,Delivered,Noida,Uttar Pradesh,North
ORD000028,CUST00451,2025-05-31 17:12:00,Delivered,Ahmedabad,Gujarat,West
ORD000044,CUST00129,2025-05-31 18:09:00,Cancelled,Kochi,Kerala,South
ORD003133,CUST00251,2025-05-31 19:54:00,Delivered,Coimbatore,Tamil Nadu,South
ORD000259,CUST00370,2025-05-31 20:30:00,Delivered,Mumbai,Maharashtra,West
ORD001994,CUST00120,2025-05-31 21:35:00,Delivered,Coimbatore,Tamil Nadu,South
ORD002116,CUST00001,2025-05-31 22:12:00,Delivered,Pune,Maharashtra,West
ORD001845,CUST00161,2025-06-01 12:53:00,Cancelled,Chennai,Tamil Nadu,South
ORD001657,CUST00249,2025-06-01 14:05:00,Pending,Thiruvananthapuram,Kerala,South
ORD000464,CUST00173,2025-06-01 15:51:00,Delivered,Pune,Maharashtra,West
ORD002224,CUST00290,2025-06-01 16:25:00,Delivered,Chandigarh,Punjab,North
ORD002801,CUST00005,2025-06-01 16:57:00,Returned,Mumbai,Maharashtra,West
ORD001810,CUST00080,2025-06-01 17:40:00,Pending,Ahmedabad,Gujarat,West
ORD001752,CUST00035,2025-06-01 19:35:00,Delivered,Hyderabad,Telangana,South
ORD003114,CUST00150,2025-06-01 19:36:00,Returned,Coimbatore,Tamil Nadu,South
ORD000702,CUST00228,2025-06-01 21:11:00,Returned,Kochi,Kerala,South
ORD000652,CUST00450,2025-06-02 08:15:00,Delivered,Pune,Maharashtra,West
ORD003083,CUST00306,2025-06-02 11:00:00,Delivered,Chennai,Tamil Nadu,South
ORD002708,CUST00086,2025-06-02 11:29:00,Delivered,Bengaluru,Karnataka,South
ORD000009,CUST00189,2025-06-02 14:27:00,Delivered,Guwahati,Assam,East
ORD002900,CUST00145,2025-06-02 16:08:00,Delivered,Mumbai,Maharashtra,West
ORD000996,CUST00375,2025-06-02 17:58:00,Delivered,Nagpur,Maharashtra,West
ORD002259,CUST00249,2025-06-02 18:10:00,Delivered,Thiruvananthapuram,Kerala,South
ORD002176,CUST00012,2025-06-02 20:05:00,Delivered,Noida,Uttar Pradesh,North
ORD002795,CUST00120,2025-06-02 22:43:00,Cancelled,Coimbatore,Tamil Nadu,South
ORD001341,CUST00045,2025-06-03 09:06:00,Delivered,Bengaluru,Karnataka,South
ORD002647,CUST00073,2025-06-03 09:22:00,Cancelled,Surat,Gujarat,West
ORD002963,CUST00045,2025-06-03 09:32:00,Delivered,Bengaluru,Karnataka,South
ORD000630,CUST00280,2025-06-03 10:36:00,Returned,Hyderabad,Telangana,South
ORD000674,CUST00025,2025-06-03 14:14:00,Delivered,Pune,Maharashtra,West
ORD000854,CUST00370,2025-06-03 15:00:00,Pending,Mumbai,Maharashtra,West
ORD001443,CUST00111,2025-06-03 17:15:00,Delivered,Bhubaneswar,Odisha,East
ORD002082,CUST00084,2025-06-03 17:45:00,Delivered,Thiruvananthapuram,Kerala,South
ORD002109,CUST00074,2025-06-03 20:30:00,Delivered,Hyderabad,Telangana,South
ORD001025,CUST00148,2025-06-04 09:03:00,Delivered,Ahmedabad,Gujarat,West
ORD002554,CUST00094,2025-06-04 10:40:00,Delivered,Kolkata,West Bengal,East
ORD000244,CUST00326,2025-06-04 15:03:00,Delivered,Thiruvananthapuram,Kerala,South
ORD000151,CUST00443,2025-06-04 15:22:00,Pending,Nagpur,Maharashtra,West
ORD001425,CUST00225,2025-06-04 22:01:00,Delivered,Mysuru,Karnataka,South
ORD000026,CUST00351,2025-06-05 12:30:00,Delivered,Coimbatore,Tamil Nadu,South
ORD001513,CUST00396,2025-06-05 12:36:00,Delivered,Surat,Gujarat,West
ORD000056,CUST00347,2025-06-05 17:44:00,Returned,Nagpur,Maharashtra,West
ORD001809,CUST00258,2025-06-05 18:05:00,Delivered,Bhubaneswar,Odisha,East
ORD000536,CUST00108,2025-06-05 18:47:00,Delivered,Chandigarh,Punjab,North
ORD001848,CUST00217,2025-06-05 19:34:00,Returned,Patna,Bihar,East
ORD001999,CUST00264,2025-06-05 20:44:00,Delivered,Noida,Uttar Pradesh,North
ORD002600,CUST00012,2025-06-05 22:29:00,Delivered,Noida,Uttar Pradesh,North
ORD000450,CUST00472,2025-06-06 09:53:00,Returned,Mumbai,Maharashtra,West
ORD003035,CUST00487,2025-06-06 09:55:00,Delivered,Raipur,Chhattisgarh,Central
ORD000938,CUST00455,2025-06-06 12:10:00,Delivered,Delhi,Delhi,North
ORD002237,CUST00293,2025-06-06 14:15:00,Delivered,Delhi,Delhi,North
ORD000710,CUST00019,2025-06-06 16:00:00,Pending,Mumbai,Maharashtra,West
ORD003094,CUST00293,2025-06-06 17:50:00,Delivered,Delhi,Delhi,North
ORD002979,CUST00246,2025-06-06 19:07:00,Delivered,Coimbatore,Tamil Nadu,South
ORD000648,CUST00310,2025-06-06 19:52:00,Delivered,Jaipur,Rajasthan,North
ORD000887,CUST00095,2025-06-06 20:35:00,Pending,Mumbai,Maharashtra,West
ORD000334,CUST00139,2025-06-07 12:20:00,Pending,Chennai,Tamil Nadu,South
ORD001398,CUST00060,2025-06-07 12:40:00,Returned,Bengaluru,Karnataka,South
ORD001415,CUST00494,2025-06-07 12:43:00,Cancelled,Indore,Madhya Pradesh,Central
ORD000437,CUST00466,2025-06-07 15:24:00,Delivered,Coimbatore,Tamil Nadu,South
ORD001502,CUST00329,2025-06-07 16:20:00,Delivered,Chennai,Tamil Nadu,South
ORD000129,CUST00396,2025-06-07 17:08:00,Returned,Surat,Gujarat,West
ORD002440,CUST00080,2025-06-07 19:17:00,Returned,Ahmedabad,Gujarat,West
ORD001483,CUST00334,2025-06-08 09:24:00,Delivered,Gurugram,Haryana,North
ORD002630,CUST00027,2025-06-08 12:16:00,Delivered,Lucknow,Uttar Pradesh,North
ORD000494,CUST00356,2025-06-08 13:23:00,Delivered,Bhubaneswar,Odisha,East
ORD001736,CUST00323,2025-06-08 15:26:00,Pending,Bhubaneswar,Odisha,East
ORD002545,CUST00253,2025-06-08 17:25:00,Delivered,Lucknow,Uttar Pradesh,North
ORD000457,CUST00162,2025-06-08 19:07:00,Delivered,Mumbai,Maharashtra,West
ORD001674,CUST00321,2025-06-08 20:42:00,Delivered,Kochi,Kerala,South
ORD000967,CUST00162,2025-06-08 21:56:00,Delivered,Mumbai,Maharashtra,West
ORD002932,CUST00129,2025-06-08 22:53:00,Delivered,Kochi,Kerala,South
ORD002781,CUST00292,2025-06-09 09:45:00,Delivered,Hyderabad,Telangana,South
ORD000377,CUST00182,2025-06-09 12:45:00,Cancelled,Hyderabad,Telangana,South
ORD001856,CUST00029,2025-06-09 13:01:00,Cancelled,Delhi,Delhi,North
ORD000484,CUST00071,2025-06-09 13:15:00,Delivered,Nagpur,Maharashtra,West
ORD001690,CUST00365,2025-06-09 14:01:00,Delivered,Bhopal,Madhya Pradesh,Central
ORD001643,CUST00094,2025-06-09 15:20:00,Pending,Kolkata,West Bengal,East
ORD000040,CUST00468,2025-06-09 15:45:00,Delivered,Gurugram,Haryana,North
ORD002919,CUST00295,2025-06-09 16:14:00,Delivered,Noida,Uttar Pradesh,North
ORD000396,CUST00008,2025-06-09 18:22:00,Delivered,Ahmedabad,Gujarat,West
ORD000713,CUST00267,2025-06-09 21:17:00,Delivered,Ahmedabad,Gujarat,West
ORD002916,CUST00246,2025-06-10 09:03:00,Delivered,Coimbatore,Tamil Nadu,South
ORD001283,CUST00438,2025-06-10 10:10:00,Delivered,Chandigarh,Punjab,North
ORD002617,CUST00013,2025-06-10 10:20:00,Delivered,Surat,Gujarat,West
ORD000692,CUST00282,2025-06-10 11:28:00,Cancelled,Bengaluru,Karnataka,South
ORD003130,CUST00247,2025-06-10 11:51:00,Returned,Bengaluru,Karnataka,South
ORD001686,CUST00242,2025-06-10 11:54:00,Delivered,Nagpur,Maharashtra,West
ORD000156,CUST00160,2025-06-10 13:50:00,Delivered,Jaipur,Rajasthan,North
ORD000694,CUST00304,2025-06-10 13:51:00,Delivered,Thiruvananthapuram,Kerala,South
ORD002811,CUST00464,2025-06-10 16:47:00,Delivered,Mysuru,Karnataka,South
ORD000866,CUST00409,2025-06-10 19:37:00,Delivered,Coimbatore,Tamil Nadu,South
ORD003163,CUST00201,2025-06-10 21:27:00,Delivered,Pune,Maharashtra,West
ORD000429,CUST00199,2025-06-11 11:10:00,Delivered,Nagpur,Maharashtra,West
ORD001537,CUST00423,2025-06-11 11:10:00,Delivered,Mumbai,Maharashtra,West
ORD000759,CUST00440,2025-06-11 22:54:00,Returned,Surat,Gujarat,West
ORD002971,CUST00165,2025-06-12 08:06:00,Returned,Pune,Maharashtra,West
ORD002509,CUST00338,2025-06-12 09:19:00,Delivered,Chennai,Tamil Nadu,South
ORD002136,CUST00456,2025-06-12 12:44:00,Delivered,Chandigarh,Punjab,North
ORD002230,CUST00259,2025-06-12 18:00:00,Delivered,Jaipur,Rajasthan,North
ORD000477,CUST00187,2025-06-12 19:44:00,Returned,Gurugram,Haryana,North
ORD000495,CUST00060,2025-06-12 21:29:00,Delivered,Bengaluru,Karnataka,South
ORD000862,CUST00079,2025-06-13 09:02:00,Delivered,Chennai,Tamil Nadu,South
ORD001585,CUST00055,2025-06-13 14:56:00,Delivered,Kochi,Kerala,South
ORD000196,CUST00253,2025-06-13 14:58:00,Delivered,Lucknow,Uttar Pradesh,North
ORD002035,CUST00286,2025-06-13 20:35:00,Delivered,Gurugram,Haryana,North
ORD001632,CUST00327,2025-06-13 21:17:00,Returned,Surat,Gujarat,West
ORD002411,CUST00005,2025-06-14 08:40:00,Delivered,Mumbai,Maharashtra,West
ORD000384,CUST00203,2025-06-14 09:30:00,Delivered,Pune,Maharashtra,West
ORD003049,CUST00399,2025-06-14 09:33:00,Pending,Chennai,Tamil Nadu,South
ORD000867,CUST00045,2025-06-14 11:38:00,Cancelled,Chennai,Tamil Nadu,South
ORD000268,CUST00017,2025-06-14 11:53:00,Delivered,Coimbatore,Tamil Nadu,South
ORD002479,CUST00017,2025-06-14 13:03:00,Cancelled,Coimbatore,Tamil Nadu,South
ORD000128,CUST00480,2025-06-14 13:53:00,Delivered,Delhi,Delhi,North
ORD001064,CUST00045,2025-06-14 14:40:00,Delivered,Bengaluru,Karnataka,South
ORD001018,CUST00326,2025-06-14 17:42:00,Delivered,Thiruvananthapuram,Kerala,South
ORD000344,CUST00228,2025-06-14 18:31:00,Returned,Kochi,Kerala,South
ORD001318,CUST00196,2025-06-14 19:40:00,Delivered,Bengaluru,Karnataka,South
ORD002484,CUST00239,2025-06-15 10:30:00,Pending,Hyderabad,Telangana,South
ORD002862,CUST00340,2025-06-15 16:51:00,Delivered,Kochi,Kerala,South
ORD002615,CUST00380,2025-06-15 18:36:00,Delivered,Chennai,Tamil Nadu,South
ORD001235,CUST00101,2025-06-15 19:24:00,Delivered,Chennai,Tamil Nadu,South
ORD002333,CUST00254,2025-06-15 22:31:00,Delivered,Jaipur,Rajasthan,North
ORD001642,CUST00166,2025-06-16 08:21:00,Delivered,Chennai,Tamil Nadu,South
ORD001981,CUST00414,2025-06-16 12:47:00,Pending,Bhubaneswar,Odisha,East
ORD001236,CUST00014,2025-06-16 13:31:00,Delivered,Bengaluru,Karnataka,South
ORD001635,CUST00492,2025-06-16 14:58:00,Delivered,Ahmedabad,Gujarat,West
ORD001621,CUST00172,2025-06-16 16:20:00,Delivered,Kolkata,West Bengal,East
ORD001972,CUST00052,2025-06-16 16:39:00,Delivered,Kochi,Kerala,South
ORD002128,CUST00478,2025-06-16 18:01:00,Cancelled,Hyderabad,Telangana,South
ORD003162,CUST00133,2025-06-16 18:53:00,Delivered,Mysuru,Karnataka,South
ORD000197,CUST00406,2025-06-16 21:02:00,Delivered,Pune,Maharashtra,West
ORD001323,CUST00019,2025-06-16 22:21:00,Pending,Mumbai,Maharashtra,West
ORD001419,CUST00239,2025-06-16 22:58:00,Delivered,Hyderabad,Telangana,South
ORD002722,CUST00214,2025-06-17 09:22:00,Delivered,Mysuru,Karnataka,South
ORD001755,CUST00386,2025-06-17 10:44:00,Delivered,Ahmedabad,Gujarat,West
ORD000361,CUST00267,2025-06-17 11:56:00,Delivered,Ahmedabad,Gujarat,West
ORD001001,CUST00396,2025-06-17 13:28:00,Delivered,Surat,Gujarat,West
ORD003061,CUST00456,2025-06-17 14:07:00,Delivered,Chandigarh,Punjab,North
ORD002973,CUST00046,2025-06-17 16:50:00,Returned,Jaipur,Rajasthan,North
ORD000496,CUST00256,2025-06-17 17:38:00,Delivered,Hyderabad,Telangana,South
ORD001757,CUST00111,2025-06-17 17:41:00,Delivered,Bhubaneswar,Odisha,East
ORD003101,CUST00237,2025-06-17 19:34:00,Delivered,Lucknow,Uttar Pradesh,North
ORD000255,CUST00408,2025-06-17 20:31:00,Delivered,Thiruvananthapuram,Kerala,South
ORD002773,CUST00242,2025-06-18 17:35:00,Cancelled,Nagpur,Maharashtra,West
ORD002610,CUST00283,2025-06-18 18:25:00,Delivered,Bengaluru,Karnataka,South
ORD000308,CUST00218,2025-06-18 19:59:00,Pending,Bengaluru,Karnataka,South
ORD000641,CUST00296,2025-06-19 18:57:00,Delivered,Bhopal,Madhya Pradesh,Central
ORD002228,CUST00029,2025-06-19 19:30:00,Delivered,Delhi,Delhi,North
ORD002163,CUST00256,2025-06-19 21:15:00,Delivered,Hyderabad,Telangana,South
ORD001435,CUST00487,2025-06-20 08:50:00,Cancelled,Raipur,Chhattisgarh,Central
ORD001086,CUST00153,2025-06-20 09:17:00,Delivered,Jaipur,Rajasthan,North
ORD001555,CUST00021,2025-06-20 13:34:00,Delivered,Gurugram,Haryana,North
ORD000311,CUST00404,2025-06-20 15:09:00,Delivered,Surat,Gujarat,West
ORD001944,CUST00396,2025-06-20 22:06:00,Delivered,Surat,Gujarat,West
ORD001518,CUST00195,2025-06-21 12:32:00,Delivered,Pune,Maharashtra,West
ORD000935,CUST00080,2025-06-21 12:35:00,Delivered,Ahmedabad,Gujarat,West
ORD000200,CUST00086,2025-06-21 13:17:00,Delivered,Bengaluru,Karnataka,South
ORD001794,CUST00173,2025-06-21 13:19:00,Delivered,Pune,Maharashtra,West
ORD002880,CUST00277,2025-06-21 14:39:00,Delivered,Noida,Uttar Pradesh,North
ORD001027,CUST00224,2025-06-21 18:44:00,Cancelled,Ahmedabad,Gujarat,West
ORD003038,CUST00129,2025-06-21 19:04:00,Delivered,Kochi,Kerala,South
ORD001154,CUST00221,2025-06-22 08:02:00,Returned,Mysuru,Karnataka,South
ORD000913,CUST00497,2025-06-22 11:27:00,Delivered,Surat,Gujarat,West
ORD001927,CUST00151,2025-06-22 13:12:00,Cancelled,Guwahati,Assam,East
ORD002389,CUST00211,2025-06-22 14:33:00,Delivered,Pune,Maharashtra,West
ORD002850,CUST00059,2025-06-22 15:20:00,Pending,Mumbai,Maharashtra,West
ORD001707,CUST00159,2025-06-22 16:14:00,Returned,Ahmedabad,Gujarat,West
ORD003124,CUST00321,2025-06-22 18:51:00,Delivered,Kochi,Kerala,South
ORD001852,CUST00408,2025-06-22 20:20:00,Cancelled,Thiruvananthapuram,Kerala,South
ORD001248,CUST00383,2025-06-22 22:58:00,Returned,Thiruvananthapuram,Kerala,South
ORD000345,CUST00162,2025-06-23 08:11:00,Delivered,Mumbai,Maharashtra,West
ORD000934,CUST00119,2025-06-23 11:13:00,Delivered,Bhubaneswar,Odisha,East
ORD000844,CUST00138,2025-06-23 11:20:00,Delivered,Bengaluru,Karnataka,South
ORD000820,CUST00055,2025-06-23 12:50:00,Delivered,Kochi,Kerala,South
ORD002665,CUST00211,2025-06-23 13:07:00,Delivered,Pune,Maharashtra,West
ORD002982,CUST00480,2025-06-23 17:18:00,Delivered,Delhi,Delhi,North
ORD003175,CUST00089,2025-06-23 18:30:00,Delivered,Delhi,Delhi,North
ORD000165,CUST00416,2025-06-23 22:20:00,Delivered,Chandigarh,Punjab,North
ORD002775,CUST00129,2025-06-24 08:29:00,Delivered,Kochi,Kerala,South
ORD000059,CUST00353,2025-06-24 08:30:00,Delivered,Delhi,Delhi,North
ORD000043,CUST00356,2025-06-24 10:40:00,Delivered,Bhubaneswar,Odisha,East
ORD002517,CUST00445,2025-06-24 10:43:00,Delivered,Jaipur,Rajasthan,North
ORD001866,CUST00277,2025-06-24 13:59:00,Delivered,Noida,Uttar Pradesh,North
ORD002108,CUST00329,2025-06-24 14:48:00,Delivered,Chennai,Tamil Nadu,South
ORD000338,CUST00383,2025-06-24 17:37:00,Delivered,Pune,Maharashtra,West
ORD002890,CUST00404,2025-06-24 17:59:00,Delivered,Surat,Gujarat,West
ORD002289,CUST00203,2025-06-24 20:31:00,Delivered,Pune,Maharashtra,West
ORD000851,CUST00396,2025-06-24 21:53:00,Returned,Surat,Gujarat,West
ORD000907,CUST00244,2025-06-24 22:00:00,Returned,Coimbatore,Tamil Nadu,South
ORD003123,CUST00370,2025-06-25 09:02:00,Delivered,Mumbai,Maharashtra,West
ORD001212,CUST00277,2025-06-25 10:49:00,Delivered,Noida,Uttar Pradesh,North
ORD000302,CUST00101,2025-06-25 10:56:00,Delivered,Chennai,Tamil Nadu,South
ORD000270,CUST00301,2025-06-25 11:38:00,Delivered,Mysuru,Karnataka,South
ORD001147,CUST00033,2025-06-25 14:55:00,Delivered,Mumbai,Maharashtra,West
ORD002439,CUST00428,2025-06-25 15:09:00,Delivered,Hyderabad,Telangana,South
ORD000326,CUST00153,2025-06-25 15:36:00,Delivered,Jaipur,Rajasthan,North
ORD002929,CUST00138,2025-06-25 16:03:00,Cancelled,Bengaluru,Karnataka,South
ORD001837,CUST00111,2025-06-25 18:50:00,Delivered,Bhubaneswar,Odisha,East
ORD001527,CUST00052,2025-06-26 08:33:00,Delivered,Kochi,Kerala,South
ORD000575,CUST00121,2025-06-26 09:13:00,Delivered,Chennai,Tamil Nadu,South
ORD000564,CUST00278,2025-06-26 11:57:00,Cancelled,Chandigarh,Punjab,North
ORD000062,CUST00054,2025-06-26 15:50:00,Delivered,Ahmedabad,Gujarat,West
ORD001217,CUST00179,2025-06-26 16:49:00,Delivered,Hyderabad,Telangana,South
ORD001996,CUST00243,2025-06-26 19:00:00,Delivered,Surat,Gujarat,West
ORD001447,CUST00122,2025-06-26 19:06:00,Delivered,Raipur,Chhattisgarh,Central
ORD001960,CUST00400,2025-06-26 20:56:00,Cancelled,Surat,Gujarat,West
ORD002822,CUST00175,2025-06-26 21:42:00,Returned,Nagpur,Maharashtra,West
ORD002103,CUST00294,2025-06-27 10:38:00,Delivered,Noida,Uttar Pradesh,North
ORD002396,CUST00173,2025-06-27 14:25:00,Returned,Pune,Maharashtra,West
ORD001646,CUST00276,2025-06-27 20:03:00,Pending,Jaipur,Rajasthan,North
ORD002207,CUST00292,2025-06-28 08:34:00,Delivered,Hyderabad,Telangana,South
ORD001880,CUST00049,2025-06-28 12:12:00,Cancelled,Chennai,Tamil Nadu,South
ORD000683,CUST00287,2025-06-28 13:26:00,Delivered,Nagpur,Maharashtra,West
ORD001124,CUST00202,2025-06-28 13:31:00,Cancelled,Kochi,Kerala,South
ORD002965,CUST00129,2025-06-28 13:53:00,Cancelled,Kochi,Kerala,South
ORD001802,CUST00140,2025-06-28 15:53:00,Pending,Pune,Maharashtra,West
ORD002578,CUST00359,2025-06-28 19:12:00,Delivered,Coimbatore,Tamil Nadu,South
ORD000064,CUST00136,2025-06-28 19:28:00,Delivered,Coimbatore,Tamil Nadu,South
ORD002497,CUST00014,2025-06-28 19:35:00,Returned,Bengaluru,Karnataka,South
ORD003176,CUST00173,2025-06-28 19:45:00,Delivered,Pune,Maharashtra,West
ORD001028,CUST00150,2025-06-28 20:35:00,Delivered,Coimbatore,Tamil Nadu,South
ORD002313,CUST00343,2025-06-28 21:47:00,Delivered,Delhi,Delhi,North
ORD001556,CUST00095,2025-06-29 11:17:00,Delivered,Mumbai,Maharashtra,West
ORD001431,CUST00008,2025-06-29 12:08:00,Delivered,Ahmedabad,Gujarat,West
ORD000858,CUST00120,2025-06-29 16:52:00,Delivered,Coimbatore,Tamil Nadu,South
ORD002701,CUST00080,2025-06-29 17:30:00,Cancelled,Ahmedabad,Gujarat,West
ORD003001,CUST00245,2025-06-29 22:24:00,Delivered,Nagpur,Maharashtra,West
ORD001526,CUST00351,2025-06-29 22:27:00,Returned,Coimbatore,Tamil Nadu,South
ORD002564,CUST00166,2025-06-29 22:27:00,Delivered,Chennai,Tamil Nadu,South
ORD002121,CUST00199,2025-06-30 08:58:00,Delivered,Chennai,Tamil Nadu,South
ORD003138,CUST00189,2025-06-30 09:03:00,Returned,Guwahati,Assam,East
ORD002161,CUST00095,2025-06-30 13:38:00,Delivered,Mumbai,Maharashtra,West
ORD001577,CUST00047,2025-06-30 14:12:00,Returned,Gurugram,Haryana,North
ORD000923,CUST00172,2025-06-30 14:27:00,Delivered,Kolkata,West Bengal,East
ORD001391,CUST00082,2025-06-30 14:40:00,Delivered,Nagpur,Maharashtra,West
ORD001886,CUST00356,2025-06-30 15:31:00,Delivered,Bhubaneswar,Odisha,East
ORD000843,CUST00397,2025-06-30 16:50:00,Delivered,Mumbai,Maharashtra,West
ORD003098,CUST00451,2025-06-30 18:36:00,Delivered,Ahmedabad,Gujarat,West
ORD002393,CUST00100,2025-06-30 21:25:00,Delivered,Hyderabad,Telangana,South
ORD002881,CUST00113,2025-06-30 22:07:00,Returned,Mumbai,Maharashtra,West
ORD002455,CUST00017,2025-07-01 09:17:00,Delivered,Coimbatore,Tamil Nadu,South
ORD001280,CUST00060,2025-07-01 13:18:00,Delivered,Bengaluru,Karnataka,South
ORD002766,CUST00311,2025-07-01 18:22:00,Delivered,Nagpur,Maharashtra,West
ORD000731,CUST00273,2025-07-01 18:59:00,Delivered,Thiruvananthapuram,Kerala,South
ORD002048,CUST00253,2025-07-02 10:18:00,Delivered,Lucknow,Uttar Pradesh,North
ORD002790,CUST00069,2025-07-02 10:26:00,Delivered,Pune,Maharashtra,West
ORD000486,CUST00079,2025-07-02 14:25:00,Delivered,Bengaluru,Karnataka,South
ORD000988,CUST00289,2025-07-02 16:33:00,Cancelled,Kochi,Kerala,South
ORD000249,CUST00016,2025-07-02 17:39:00,Delivered,Ahmedabad,Gujarat,West
ORD001480,CUST00008,2025-07-02 18:31:00,Delivered,Ahmedabad,Gujarat,West
ORD001650,CUST00438,2025-07-02 20:25:00,Delivered,Chandigarh,Punjab,North
ORD002356,CUST00126,2025-07-03 11:42:00,Delivered,Gurugram,Haryana,North
ORD000301,CUST00443,2025-07-03 13:16:00,Delivered,Chennai,Tamil Nadu,South
ORD001717,CUST00474,2025-07-03 15:19:00,Delivered,Kochi,Kerala,South
ORD002315,CUST00271,2025-07-03 19:42:00,Delivered,Mumbai,Maharashtra,West
ORD001784,CUST00030,2025-07-03 21:16:00,Returned,Bengaluru,Karnataka,South
ORD002819,CUST00343,2025-07-03 22:07:00,Delivered,Delhi,Delhi,North
ORD001109,CUST00404,2025-07-04 13:38:00,Returned,Surat,Gujarat,West
ORD000424,CUST00186,2025-07-04 16:37:00,Delivered,Kolkata,West Bengal,East
ORD000982,CUST00260,2025-07-04 20:13:00,Delivered,Bhopal,Madhya Pradesh,Central
ORD000970,CUST00048,2025-07-04 22:40:00,Pending,Bengaluru,Karnataka,South
ORD002071,CUST00228,2025-07-05 09:56:00,Delivered,Kochi,Kerala,South
ORD000552,CUST00123,2025-07-05 10:02:00,Delivered,Thiruvananthapuram,Kerala,South
ORD000489,CUST00105,2025-07-05 15:47:00,Cancelled,Bhubaneswar,Odisha,East
ORD002731,CUST00055,2025-07-05 17:17:00,Delivered,Chandigarh,Punjab,North
ORD001427,CUST00287,2025-07-05 22:38:00,Delivered,Nagpur,Maharashtra,West
ORD001691,CUST00490,2025-07-06 10:47:00,Cancelled,Bengaluru,Karnataka,South
ORD002817,CUST00199,2025-07-06 11:13:00,Delivered,Chennai,Tamil Nadu,South
ORD003013,CUST00431,2025-07-06 15:11:00,Delivered,Bengaluru,Karnataka,South
ORD001767,CUST00329,2025-07-06 16:07:00,Pending,Chandigarh,Punjab,North
ORD000596,CUST00020,2025-07-06 16:35:00,Delivered,Kolkata,West Bengal,East
ORD002292,CUST00321,2025-07-06 20:24:00,Delivered,Kochi,Kerala,South
ORD000174,CUST00074,2025-07-07 09:19:00,Delivered,Hyderabad,Telangana,South
ORD001314,CUST00439,2025-07-07 10:45:00,Delivered,Hyderabad,Telangana,South
ORD000001,CUST00477,2025-07-07 14:43:00,Delivered,Jaipur,Rajasthan,North
ORD001473,CUST00294,2025-07-07 15:31:00,Delivered,Noida,Uttar Pradesh,North
ORD001161,CUST00085,2025-07-07 18:34:00,Returned,Kochi,Kerala,South
ORD001171,CUST00375,2025-07-08 10:32:00,Delivered,Nagpur,Maharashtra,West
ORD001623,CUST00435,2025-07-08 10:35:00,Cancelled,Delhi,Delhi,North
ORD002452,CUST00022,2025-07-08 13:38:00,Delivered,Bengaluru,Karnataka,South
ORD002262,CUST00240,2025-07-08 16:10:00,Delivered,Bhubaneswar,Odisha,East
ORD002926,CUST00036,2025-07-08 17:24:00,Delivered,Lucknow,Uttar Pradesh,North
ORD002483,CUST00214,2025-07-08 17:53:00,Delivered,Mysuru,Karnataka,South
ORD000306,CUST00014,2025-07-09 14:10:00,Delivered,Bengaluru,Karnataka,South
ORD000818,CUST00110,2025-07-09 19:00:00,Delivered,Mumbai,Maharashtra,West
ORD000795,CUST00247,2025-07-09 22:36:00,Delivered,Bengaluru,Karnataka,South
ORD000136,CUST00167,2025-07-09 22:56:00,Delivered,Bhubaneswar,Odisha,East
ORD001820,CUST00189,2025-07-10 08:21:00,Delivered,Guwahati,Assam,East
ORD000252,CUST00146,2025-07-10 11:41:00,Delivered,Guwahati,Assam,East
ORD003189,CUST00396,2025-07-10 13:57:00,Cancelled,Surat,Gujarat,West
ORD003064,CUST00128,2025-07-10 15:53:00,Delivered,Kolkata,West Bengal,East
ORD001012,CUST00225,2025-07-10 19:03:00,Delivered,Mysuru,Karnataka,South
ORD000203,CUST00396,2025-07-11 14:04:00,Delivered,Surat,Gujarat,West
ORD002293,CUST00206,2025-07-11 19:43:00,Delivered,Bhubaneswar,Odisha,East
ORD002285,CUST00085,2025-07-11 21:51:00,Delivered,Kochi,Kerala,South
ORD002446,CUST00311,2025-07-11 22:43:00,Delivered,Nagpur,Maharashtra,West
ORD000532,CUST00129,2025-07-12 10:18:00,Cancelled,Kochi,Kerala,South
ORD003047,CUST00401,2025-07-12 10:31:00,Delivered,Coimbatore,Tamil Nadu,South
ORD002340,CUST00370,2025-07-12 11:18:00,Delivered,Mumbai,Maharashtra,West
ORD002631,CUST00052,2025-07-12 15:54:00,Delivered,Kochi,Kerala,South
ORD002111,CUST00127,2025-07-12 22:19:00,Returned,Thiruvananthapuram,Kerala,South
ORD000420,CUST00278,2025-07-12 22:20:00,Pending,Chandigarh,Punjab,North
ORD001364,CUST00323,2025-07-13 08:25:00,Delivered,Bhubaneswar,Odisha,East
ORD001815,CUST00150,2025-07-13 09:42:00,Delivered,Coimbatore,Tamil Nadu,South
ORD001877,CUST00392,2025-07-13 10:04:00,Returned,Ahmedabad,Gujarat,West
ORD002519,CUST00252,2025-07-13 11:51:00,Cancelled,Surat,Gujarat,West
ORD000772,CUST00443,2025-07-13 12:29:00,Returned,Nagpur,Maharashtra,West
ORD000067,CUST00412,2025-07-13 20:10:00,Pending,Lucknow,Uttar Pradesh,North
ORD002105,CUST00405,2025-07-13 21:50:00,Delivered,Mumbai,Maharashtra,West
ORD002386,CUST00473,2025-07-13 22:48:00,Delivered,Bhubaneswar,Odisha,East
ORD002758,CUST00187,2025-07-14 08:09:00,Delivered,Gurugram,Haryana,North
ORD003181,CUST00463,2025-07-14 08:23:00,Delivered,Mumbai,Maharashtra,West
ORD001921,CUST00029,2025-07-14 10:30:00,Delivered,Delhi,Delhi,North
ORD001491,CUST00450,2025-07-14 10:32:00,Delivered,Pune,Maharashtra,West
ORD000836,CUST00386,2025-07-14 10:50:00,Delivered,Ahmedabad,Gujarat,West
ORD002473,CUST00213,2025-07-14 13:23:00,Pending,Hyderabad,Telangana,South
ORD003057,CUST00280,2025-07-14 14:38:00,Delivered,Hyderabad,Telangana,South
ORD002044,CUST00246,2025-07-14 15:29:00,Delivered,Coimbatore,Tamil Nadu,South
ORD001097,CUST00096,2025-07-14 17:22:00,Delivered,Ahmedabad,Gujarat,West
ORD000425,CUST00449,2025-07-14 21:02:00,Delivered,Noida,Uttar Pradesh,North
ORD001913,CUST00036,2025-07-15 08:38:00,Cancelled,Ahmedabad,Gujarat,West
ORD001188,CUST00277,2025-07-15 10:33:00,Delivered,Mumbai,Maharashtra,West
ORD002017,CUST00450,2025-07-15 12:27:00,Cancelled,Pune,Maharashtra,West
ORD002767,CUST00195,2025-07-15 14:17:00,Delivered,Pune,Maharashtra,West
ORD001321,CUST00045,2025-07-15 19:39:00,Delivered,Bengaluru,Karnataka,South
ORD001619,CUST00278,2025-07-15 22:27:00,Delivered,Chandigarh,Punjab,North
ORD000657,CUST00161,2025-07-15 22:46:00,Pending,Chennai,Tamil Nadu,South
ORD001987,CUST00329,2025-07-16 08:30:00,Cancelled,Chennai,Tamil Nadu,South
ORD001353,CUST00240,2025-07-16 12:14:00,Delivered,Bhubaneswar,Odisha,East
ORD002592,CUST00286,2025-07-16 20:53:00,Delivered,Gurugram,Haryana,North
ORD001688,CUST00470,2025-07-16 21:40:00,Delivered,Chennai,Tamil Nadu,South
ORD002094,CUST00471,2025-07-16 22:42:00,Delivered,Surat,Gujarat,West
ORD003142,CUST00441,2025-07-16 22:55:00,Delivered,Chandigarh,Punjab,North
ORD000894,CUST00001,2025-07-17 10:06:00,Delivered,Hyderabad,Telangana,South
ORD001457,CUST00119,2025-07-17 12:43:00,Delivered,Bhubaneswar,Odisha,East
ORD000115,CUST00370,2025-07-17 12:55:00,Cancelled,Mumbai,Maharashtra,West
ORD001753,CUST00380,2025-07-17 13:58:00,Delivered,Thiruvananthapuram,Kerala,South
ORD002346,CUST00306,2025-07-17 14:32:00,Pending,Chennai,Tamil Nadu,South
ORD002110,CUST00428,2025-07-17 14:54:00,Delivered,Mumbai,Maharashtra,West
ORD001258,CUST00293,2025-07-17 17:11:00,Delivered,Ahmedabad,Gujarat,West
ORD003074,CUST00234,2025-07-17 17:39:00,Delivered,Ahmedabad,Gujarat,West
ORD001911,CUST00491,2025-07-17 18:50:00,Delivered,Surat,Gujarat,West
ORD002737,CUST00044,2025-07-17 19:38:00,Delivered,Mysuru,Karnataka,South
ORD000957,CUST00472,2025-07-18 18:43:00,Delivered,Mumbai,Maharashtra,West
ORD002894,CUST00159,2025-07-18 20:54:00,Delivered,Nagpur,Maharashtra,West
ORD000600,CUST00152,2025-07-18 21:16:00,Delivered,Hyderabad,Telangana,South
ORD002042,CUST00354,2025-07-19 08:16:00,Delivered,Noida,Uttar Pradesh,North
ORD000891,CUST00202,2025-07-19 11:13:00,Delivered,Noida,Uttar Pradesh,North
ORD000991,CUST00367,2025-07-19 11:33:00,Delivered,Mysuru,Karnataka,South
ORD001605,CUST00186,2025-07-19 11:45:00,Delivered,Kolkata,West Bengal,East
ORD000614,CUST00411,2025-07-19 19:21:00,Delivered,Chennai,Tamil Nadu,South
ORD001908,CUST00244,2025-07-19 20:42:00,Returned,Kolkata,West Bengal,East
ORD002745,CUST00259,2025-07-19 20:54:00,Delivered,Jaipur,Rajasthan,North
ORD002884,CUST00018,2025-07-19 22:48:00,Delivered,Jaipur,Rajasthan,North
ORD002593,CUST00395,2025-07-20 08:39:00,Delivered,Mumbai,Maharashtra,West
ORD000296,CUST00129,2025-07-20 10:56:00,Delivered,Kochi,Kerala,South
ORD002463,CUST00067,2025-07-20 13:31:00,Delivered,Delhi,Delhi,North
ORD002984,CUST00096,2025-07-20 13:47:00,Delivered,Ahmedabad,Gujarat,West
ORD002337,CUST00106,2025-07-20 15:42:00,Delivered,Chennai,Tamil Nadu,South
ORD001055,CUST00468,2025-07-20 15:51:00,Delivered,Gurugram,Haryana,North
ORD001679,CUST00276,2025-07-20 18:30:00,Delivered,Hyderabad,Telangana,South
ORD002078,CUST00109,2025-07-20 18:48:00,Cancelled,Delhi,Delhi,North
ORD000755,CUST00225,2025-07-20 20:15:00,Delivered,Mysuru,Karnataka,South
ORD002721,CUST00484,2025-07-21 13:16:00,Delivered,Coimbatore,Tamil Nadu,South
ORD001562,CUST00172,2025-07-21 13:57:00,Cancelled,Kolkata,West Bengal,East
ORD001738,CUST00351,2025-07-21 16:10:00,Delivered,Coimbatore,Tamil Nadu,South
ORD002371,CUST00153,2025-07-21 17:06:00,Delivered,Jaipur,Rajasthan,North
ORD001374,CUST00078,2025-07-21 17:41:00,Delivered,Mysuru,Karnataka,South
ORD003159,CUST00246,2025-07-21 19:30:00,Delivered,Coimbatore,Tamil Nadu,South
ORD000979,CUST00140,2025-07-22 11:02:00,Delivered,Pune,Maharashtra,West
ORD000523,CUST00438,2025-07-22 18:22:00,Cancelled,Chandigarh,Punjab,North
ORD001175,CUST00295,2025-07-22 19:09:00,Cancelled,Noida,Uttar Pradesh,North
ORD003198,CUST00267,2025-07-23 09:21:00,Delivered,Ahmedabad,Gujarat,West
ORD000274,CUST00289,2025-07-23 10:37:00,Cancelled,Kochi,Kerala,South
ORD001268,CUST00055,2025-07-23 10:40:00,Delivered,Kochi,Kerala,South
ORD002928,CUST00432,2025-07-23 11:24:00,Delivered,Mumbai,Maharashtra,West
ORD000394,CUST00273,2025-07-23 13:46:00,Cancelled,Thiruvananthapuram,Kerala,South
ORD001418,CUST00279,2025-07-23 13:49:00,Delivered,Chandigarh,Punjab,North
ORD000589,CUST00228,2025-07-23 14:25:00,Cancelled,Gurugram,Haryana,North
ORD001305,CUST00220,2025-07-23 17:09:00,Returned,Coimbatore,Tamil Nadu,South
ORD002705,CUST00119,2025-07-23 21:15:00,Cancelled,Bhubaneswar,Odisha,East
ORD002234,CUST00292,2025-07-24 09:22:00,Delivered,Hyderabad,Telangana,South
ORD002955,CUST00046,2025-07-24 10:14:00,Returned,Jaipur,Rajasthan,North
ORD002449,CUST00356,2025-07-24 12:22:00,Delivered,Bhubaneswar,Odisha,East
ORD000815,CUST00332,2025-07-24 13:01:00,Delivered,Raipur,Chhattisgarh,Central
ORD001936,CUST00451,2025-07-24 14:11:00,Delivered,Ahmedabad,Gujarat,West
ORD001916,CUST00108,2025-07-24 14:30:00,Pending,Chandigarh,Punjab,North
ORD002930,CUST00385,2025-07-24 16:48:00,Delivered,Surat,Gujarat,West
ORD001091,CUST00336,2025-07-25 09:19:00,Returned,Kolkata,West Bengal,East
ORD002342,CUST00197,2025-07-25 10:42:00,Delivered,Noida,Uttar Pradesh,North
ORD001501,CUST00273,2025-07-25 12:07:00,Delivered,Thiruvananthapuram,Kerala,South
ORD003048,CUST00007,2025-07-25 12:08:00,Delivered,Ahmedabad,Gujarat,West
ORD002058,CUST00127,2025-07-25 13:58:00,Delivered,Thiruvananthapuram,Kerala,South
ORD003054,CUST00227,2025-07-25 15:33:00,Cancelled,Gurugram,Haryana,North
ORD001660,CUST00129,2025-07-25 15:43:00,Delivered,Kochi,Kerala,South
ORD000811,CUST00395,2025-07-25 16:51:00,Delivered,Mumbai,Maharashtra,West
ORD002087,CUST00049,2025-07-25 18:02:00,Delivered,Lucknow,Uttar Pradesh,North
ORD001574,CUST00189,2025-07-25 19:20:00,Delivered,Guwahati,Assam,East
ORD002084,CUST00378,2025-07-25 19:27:00,Pending,Noida,Uttar Pradesh,North
ORD002534,CUST00052,2025-07-25 20:29:00,Delivered,Kochi,Kerala,South
ORD000400,CUST00329,2025-07-25 20:58:00,Delivered,Chennai,Tamil Nadu,South
ORD001861,CUST00106,2025-07-25 22:41:00,Cancelled,Noida,Uttar Pradesh,North
ORD001902,CUST00112,2025-07-25 22:54:00,Cancelled,Thiruvananthapuram,Kerala,South
ORD001112,CUST00055,2025-07-26 12:34:00,Delivered,Kochi,Kerala,South
ORD001980,CUST00253,2025-07-26 13:12:00,Cancelled,Lucknow,Uttar Pradesh,North
ORD000937,CUST00380,2025-07-26 14:37:00,Cancelled,Chennai,Tamil Nadu,South
ORD000412,CUST00414,2025-07-26 15:21:00,Returned,Bhubaneswar,Odisha,East
ORD001492,CUST00036,2025-07-26 15:37:00,Delivered,Pune,Maharashtra,West
ORD001801,CUST00254,2025-07-26 15:57:00,Delivered,Jaipur,Rajasthan,North
ORD001532,CUST00401,2025-07-26 18:10:00,Delivered,Coimbatore,Tamil Nadu,South
ORD000663,CUST00190,2025-07-26 18:21:00,Delivered,Mysuru,Karnataka,South
ORD002326,CUST00286,2025-07-26 18:32:00,Delivered,Gurugram,Haryana,North
ORD000825,CUST00316,2025-07-26 21:00:00,Delivered,Nagpur,Maharashtra,West
ORD001950,CUST00189,2025-07-26 22:59:00,Delivered,Guwahati,Assam,East
ORD002319,CUST00021,2025-07-27 10:32:00,Delivered,Gurugram,Haryana,North
ORD001864,CUST00113,2025-07-27 13:24:00,Delivered,Mumbai,Maharashtra,West
ORD000474,CUST00294,2025-07-27 18:33:00,Pending,Noida,Uttar Pradesh,North
ORD003012,CUST00494,2025-07-27 18:41:00,Delivered,Indore,Madhya Pradesh,Central
ORD002570,CUST00189,2025-07-27 19:42:00,Returned,Guwahati,Assam,East
ORD000999,CUST00393,2025-07-28 10:49:00,Returned,Chennai,Tamil Nadu,South
ORD000160,CUST00243,2025-07-28 11:33:00,Returned,Surat,Gujarat,West
ORD000282,CUST00172,2025-07-28 11:42:00,Returned,Kolkata,West Bengal,East
ORD002412,CUST00015,2025-07-28 11:46:00,Delivered,Mysuru,Karnataka,South
ORD001113,CUST00370,2025-07-28 14:15:00,Returned,Mumbai,Maharashtra,West
ORD001159,CUST00148,2025-07-28 17:05:00,Delivered,Ahmedabad,Gujarat,West
ORD001390,CUST00470,2025-07-28 17:48:00,Delivered,Chennai,Tamil Nadu,South
ORD000791,CUST00282,2025-07-28 22:20:00,Delivered,Bengaluru,Karnataka,South
ORD002949,CUST00172,2025-07-29 08:28:00,Delivered,Kolkata,West Bengal,East
ORD000874,CUST00120,2025-07-29 09:13:00,Delivered,Coimbatore,Tamil Nadu,South
ORD002148,CUST00431,2025-07-29 09:28:00,Returned,Bengaluru,Karnataka,South
ORD003008,CUST00353,2025-07-29 12:48:00,Delivered,Delhi,Delhi,North
ORD003099,CUST00396,2025-07-29 14:05:00,Delivered,Surat,Gujarat,West
ORD001788,CUST00443,2025-07-29 15:08:00,Cancelled,Nagpur,Maharashtra,West
ORD003091,CUST00195,2025-07-29 19:45:00,Pending,Pune,Maharashtra,West
ORD002546,CUST00045,2025-07-29 21:29:00,Cancelled,Bengaluru,Karnataka,South
ORD001932,CUST00218,2025-07-29 22:00:00,Returned,Bengaluru,Karnataka,South
ORD002051,CUST00146,2025-07-30 13:11:00,Delivered,Guwahati,Assam,East
ORD003052,CUST00277,2025-07-30 14:44:00,Delivered,Noida,Uttar Pradesh,North
ORD000077,CUST00172,2025-07-30 15:07:00,Delivered,Kolkata,West Bengal,East
ORD001681,CUST00217,2025-07-30 15:19:00,Returned,Pune,Maharashtra,West
ORD000736,CUST00018,2025-07-30 18:42:00,Delivered,Jaipur,Rajasthan,North
ORD001366,CUST00212,2025-07-30 19:34:00,Delivered,Nagpur,Maharashtra,West
ORD002160,CUST00494,2025-07-30 20:17:00,Delivered,Indore,Madhya Pradesh,Central
ORD002152,CUST00253,2025-07-30 22:39:00,Delivered,Lucknow,Uttar Pradesh,North
ORD001125,CUST00085,2025-07-31 09:13:00,Delivered,Kochi,Kerala,South
ORD000506,CUST00396,2025-07-31 09:48:00,Delivered,Lucknow,Uttar Pradesh,North
ORD000951,CUST00178,2025-07-31 12:15:00,Delivered,Kochi,Kerala,South
ORD000403,CUST00424,2025-07-31 14:50:00,Delivered,Kolkata,West Bengal,East
ORD000102,CUST00435,2025-07-31 16:13:00,Delivered,Delhi,Delhi,North
ORD001984,CUST00014,2025-07-31 16:58:00,Delivered,Surat,Gujarat,West
ORD001714,CUST00071,2025-07-31 19:47:00,Delivered,Nagpur,Maharashtra,West
ORD001580,CUST00301,2025-07-31 20:08:00,Returned,Lucknow,Uttar Pradesh,North
ORD002232,CUST00267,2025-07-31 21:09:00,Delivered,Ahmedabad,Gujarat,West
ORD002847,CUST00189,2025-07-31 21:25:00,Delivered,Nagpur,Maharashtra,West
ORD001189,CUST00399,2025-07-31 22:51:00,Delivered,Chennai,Tamil Nadu,South
ORD002504,CUST00121,2025-08-01 09:04:00,Delivered,Chennai,Tamil Nadu,South
ORD000742,CUST00338,2025-08-01 10:03:00,Delivered,Chennai,Tamil Nadu,South
ORD003097,CUST00273,2025-08-01 12:29:00,Delivered,Thiruvananthapuram,Kerala,South
ORD000771,CUST00073,2025-08-01 19:28:00,Delivered,Surat,Gujarat,West
ORD001542,CUST00113,2025-08-01 21:04:00,Delivered,Mumbai,Maharashtra,West
ORD003144,CUST00262,2025-08-01 22:16:00,Delivered,Surat,Gujarat,West
ORD002450,CUST00130,2025-08-02 09:23:00,Delivered,Chennai,Tamil Nadu,South
ORD001533,CUST00245,2025-08-02 11:25:00,Delivered,Nagpur,Maharashtra,West
ORD002769,CUST00111,2025-08-02 17:07:00,Delivered,Bhubaneswar,Odisha,East
ORD002515,CUST00323,2025-08-02 17:50:00,Delivered,Bhubaneswar,Odisha,East
ORD002542,CUST00172,2025-08-02 18:03:00,Pending,Kolkata,West Bengal,East
ORD001238,CUST00055,2025-08-03 11:01:00,Pending,Kochi,Kerala,South
ORD001458,CUST00149,2025-08-03 14:18:00,Delivered,Bengaluru,Karnataka,South
ORD000034,CUST00281,2025-08-03 14:20:00,Delivered,Bengaluru,Karnataka,South
ORD000852,CUST00055,2025-08-03 16:10:00,Delivered,Kochi,Kerala,South
ORD000158,CUST00456,2025-08-03 17:46:00,Returned,Chandigarh,Punjab,North
ORD002978,CUST00277,2025-08-03 18:35:00,Pending,Noida,Uttar Pradesh,North
ORD002336,CUST00029,2025-08-04 10:34:00,Delivered,Delhi,Delhi,North
ORD003046,CUST00001,2025-08-04 11:43:00,Delivered,Hyderabad,Telangana,South
ORD001245,CUST00494,2025-08-04 15:43:00,Delivered,Indore,Madhya Pradesh,Central
ORD003180,CUST00400,2025-08-04 18:48:00,Delivered,Surat,Gujarat,West
ORD000933,CUST00030,2025-08-05 08:21:00,Delivered,Bengaluru,Karnataka,South
ORD000948,CUST00129,2025-08-05 11:59:00,Delivered,Kochi,Kerala,South
ORD000749,CUST00044,2025-08-05 12:15:00,Delivered,Mysuru,Karnataka,South
ORD001969,CUST00347,2025-08-05 13:16:00,Delivered,Nagpur,Maharashtra,West
ORD000488,CUST00356,2025-08-06 21:31:00,Delivered,Bhubaneswar,Odisha,East
ORD002837,CUST00081,2025-08-06 22:45:00,Delivered,Bhubaneswar,Odisha,East
ORD000732,CUST00267,2025-08-07 11:15:00,Pending,Ahmedabad,Gujarat,West
ORD002038,CUST00096,2025-08-07 12:13:00,Delivered,Mysuru,Karnataka,South
ORD001499,CUST00008,2025-08-08 11:15:00,Cancelled,Ahmedabad,Gujarat,West
ORD002682,CUST00431,2025-08-08 15:06:00,Delivered,Bengaluru,Karnataka,South
ORD001859,CUST00038,2025-08-08 16:57:00,Cancelled,Chennai,Tamil Nadu,South
ORD002499,CUST00082,2025-08-08 18:41:00,Delivered,Nagpur,Maharashtra,West
ORD000399,CUST00014,2025-08-08 19:16:00,Pending,Bengaluru,Karnataka,South
ORD002223,CUST00196,2025-08-08 19:59:00,Delivered,Bengaluru,Karnataka,South
ORD003024,CUST00095,2025-08-09 10:18:00,Delivered,Mumbai,Maharashtra,West
ORD001510,CUST00072,2025-08-09 13:27:00,Delivered,Chandigarh,Punjab,North
ORD002062,CUST00045,2025-08-09 21:42:00,Delivered,Bengaluru,Karnataka,South
ORD001339,CUST00429,2025-08-09 22:29:00,Delivered,Mysuru,Karnataka,South
ORD002539,CUST00180,2025-08-10 13:32:00,Returned,Kochi,Kerala,South
ORD001408,CUST00494,2025-08-10 19:08:00,Delivered,Indore,Madhya Pradesh,Central
ORD002119,CUST00145,2025-08-10 19:23:00,Delivered,Mumbai,Maharashtra,West
ORD000595,CUST00327,2025-08-11 08:00:00,Returned,Surat,Gujarat,West
ORD000980,CUST00073,2025-08-11 08:59:00,Delivered,Surat,Gujarat,West
ORD000503,CUST00494,2025-08-11 09:16:00,Returned,Indore,Madhya Pradesh,Central
ORD001077,CUST00378,2025-08-11 10:13:00,Pending,Indore,Madhya Pradesh,Central
ORD001904,CUST00493,2025-08-11 17:40:00,Delivered,Surat,Gujarat,West
ORD001218,CUST00116,2025-08-11 18:06:00,Delivered,Thiruvananthapuram,Kerala,South
ORD001220,CUST00449,2025-08-11 19:16:00,Pending,Noida,Uttar Pradesh,North
ORD001469,CUST00048,2025-08-11 20:51:00,Cancelled,Bengaluru,Karnataka,South
ORD002505,CUST00080,2025-08-11 20:58:00,Delivered,Ahmedabad,Gujarat,West
ORD001186,CUST00138,2025-08-11 20:59:00,Delivered,Bengaluru,Karnataka,South
ORD001405,CUST00326,2025-08-11 21:07:00,Delivered,Thiruvananthapuram,Kerala,South
ORD001769,CUST00396,2025-08-12 09:03:00,Pending,Surat,Gujarat,West
ORD000318,CUST00374,2025-08-12 10:23:00,Delivered,Jaipur,Rajasthan,North
ORD000206,CUST00259,2025-08-12 12:36:00,Delivered,Jaipur,Rajasthan,North
ORD000057,CUST00260,2025-08-12 13:25:00,Delivered,Bhopal,Madhya Pradesh,Central
ORD001365,CUST00080,2025-08-12 15:59:00,Delivered,Ahmedabad,Gujarat,West
ORD001211,CUST00208,2025-08-12 18:49:00,Pending,Mysuru,Karnataka,South
ORD002138,CUST00014,2025-08-12 19:26:00,Pending,Bengaluru,Karnataka,South
ORD000416,CUST00066,2025-08-12 20:49:00,Delivered,Delhi,Delhi,North
ORD000665,CUST00282,2025-08-13 09:01:00,Delivered,Bengaluru,Karnataka,South
ORD001044,CUST00296,2025-08-13 11:00:00,Delivered,Coimbatore,Tamil Nadu,South
ORD001737,CUST00319,2025-08-13 11:53:00,Delivered,Chandigarh,Punjab,North
ORD000358,CUST00464,2025-08-13 16:50:00,Delivered,Mysuru,Karnataka,South
ORD000471,CUST00323,2025-08-14 10:30:00,Delivered,Bhubaneswar,Odisha,East
ORD000054,CUST00347,2025-08-14 14:06:00,Delivered,Nagpur,Maharashtra,West
ORD000697,CUST00440,2025-08-14 15:59:00,Returned,Surat,Gujarat,West
ORD002288,CUST00367,2025-08-14 19:56:00,Delivered,Mysuru,Karnataka,South
ORD001596,CUST00051,2025-08-14 21:52:00,Delivered,Patna,Bihar,East
ORD000018,CUST00021,2025-08-15 09:01:00,Delivered,Gurugram,Haryana,North
ORD000317,CUST00062,2025-08-15 12:05:00,Cancelled,Noida,Uttar Pradesh,North
ORD002097,CUST00448,2025-08-15 18:00:00,Delivered,Coimbatore,Tamil Nadu,South
ORD001152,CUST00021,2025-08-15 21:46:00,Delivered,Gurugram,Haryana,North
ORD000530,CUST00182,2025-08-16 08:24:00,Delivered,Bengaluru,Karnataka,South
ORD000307,CUST00301,2025-08-16 11:12:00,Delivered,Lucknow,Uttar Pradesh,North
ORD001296,CUST00416,2025-08-16 15:26:00,Delivered,Chandigarh,Punjab,North
ORD000521,CUST00414,2025-08-16 19:47:00,Delivered,Bhubaneswar,Odisha,East
ORD000310,CUST00027,2025-08-17 08:25:00,Returned,Lucknow,Uttar Pradesh,North
ORD000824,CUST00101,2025-08-17 10:12:00,Delivered,Chennai,Tamil Nadu,South
ORD002608,CUST00149,2025-08-17 13:10:00,Returned,Bengaluru,Karnataka,South
ORD001122,CUST00353,2025-08-17 14:04:00,Returned,Delhi,Delhi,North
ORD001561,CUST00476,2025-08-17 14:19:00,Returned,Chennai,Tamil Nadu,South
ORD002518,CUST00282,2025-08-17 18:05:00,Cancelled,Bengaluru,Karnataka,South
ORD002975,CUST00144,2025-08-17 19:09:00,Delivered,Delhi,Delhi,North
ORD003118,CUST00306,2025-08-17 19:30:00,Delivered,Chennai,Tamil Nadu,South
ORD002660,CUST00233,2025-08-17 21:56:00,Cancelled,Bhopal,Madhya Pradesh,Central
ORD001197,CUST00080,2025-08-18 11:33:00,Delivered,Ahmedabad,Gujarat,West
ORD000562,CUST00495,2025-08-18 16:52:00,Pending,Coimbatore,Tamil Nadu,South
ORD000761,CUST00189,2025-08-18 16:54:00,Returned,Ahmedabad,Gujarat,West
ORD002131,CUST00073,2025-08-18 17:42:00,Delivered,Ahmedabad,Gujarat,West
ORD000112,CUST00331,2025-08-18 19:18:00,Delivered,Lucknow,Uttar Pradesh,North
ORD002954,CUST00074,2025-08-18 20:17:00,Delivered,Hyderabad,Telangana,South
ORD001140,CUST00167,2025-08-19 11:42:00,Delivered,Bhubaneswar,Odisha,East
ORD000046,CUST00149,2025-08-19 15:37:00,Delivered,Bengaluru,Karnataka,South
ORD001383,CUST00331,2025-08-19 15:55:00,Delivered,Lucknow,Uttar Pradesh,North
ORD003185,CUST00403,2025-08-19 18:45:00,Delivered,Chennai,Tamil Nadu,South
ORD002493,CUST00492,2025-08-19 19:14:00,Delivered,Ahmedabad,Gujarat,West
ORD002997,CUST00182,2025-08-19 20:35:00,Cancelled,Hyderabad,Telangana,South
ORD001676,CUST00129,2025-08-20 09:47:00,Returned,Kochi,Kerala,South
ORD000277,CUST00497,2025-08-20 14:37:00,Delivered,Surat,Gujarat,West
ORD001636,CUST00241,2025-08-20 15:43:00,Delivered,Jaipur,Rajasthan,North
ORD002922,CUST00052,2025-08-20 19:28:00,Cancelled,Kochi,Kerala,South
ORD002904,CUST00412,2025-08-20 19:48:00,Delivered,Lucknow,Uttar Pradesh,North
ORD001758,CUST00356,2025-08-20 22:51:00,Cancelled,Bhubaneswar,Odisha,East
ORD000953,CUST00047,2025-08-20 22:52:00,Delivered,Gurugram,Haryana,North
ORD002460,CUST00448,2025-08-21 09:36:00,Delivered,Coimbatore,Tamil Nadu,South
ORD001300,CUST00321,2025-08-21 21:14:00,Delivered,Kochi,Kerala,South
ORD002002,CUST00017,2025-08-22 13:36:00,Returned,Coimbatore,Tamil Nadu,South
ORD001617,CUST00051,2025-08-23 09:20:00,Delivered,Patna,Bihar,East
ORD002338,CUST00199,2025-08-23 13:47:00,Delivered,Bengaluru,Karnataka,South
ORD002912,CUST00267,2025-08-23 21:22:00,Delivered,Ahmedabad,Gujarat,West
ORD002679,CUST00051,2025-08-23 22:29:00,Delivered,Patna,Bihar,East
ORD000627,CUST00084,2025-08-24 09:25:00,Delivered,Thiruvananthapuram,Kerala,South
ORD001256,CUST00343,2025-08-24 09:43:00,Returned,Delhi,Delhi,North
ORD001711,CUST00243,2025-08-24 14:53:00,Cancelled,Surat,Gujarat,West
ORD002522,CUST00404,2025-08-24 16:59:00,Pending,Surat,Gujarat,West
ORD001160,CUST00153,2025-08-24 19:42:00,Cancelled,Chandigarh,Punjab,North
ORD001475,CUST00119,2025-08-24 21:04:00,Delivered,Bhubaneswar,Odisha,East
ORD000741,CUST00161,2025-08-25 12:25:00,Delivered,Chennai,Tamil Nadu,South
ORD000340,CUST00417,2025-08-25 17:37:00,Pending,Jaipur,Rajasthan,North
ORD002251,CUST00286,2025-08-25 21:44:00,Delivered,Gurugram,Haryana,North
ORD001698,CUST00343,2025-08-26 08:31:00,Delivered,Delhi,Delhi,North
ORD001200,CUST00246,2025-08-26 09:33:00,Delivered,Coimbatore,Tamil Nadu,South
ORD000408,CUST00301,2025-08-26 12:26:00,Delivered,Lucknow,Uttar Pradesh,North
ORD000271,CUST00279,2025-08-26 15:00:00,Delivered,Chandigarh,Punjab,North
ORD002861,CUST00228,2025-08-27 11:47:00,Delivered,Kochi,Kerala,South
ORD001381,CUST00412,2025-08-27 14:23:00,Delivered,Lucknow,Uttar Pradesh,North
ORD002428,CUST00018,2025-08-27 18:25:00,Delivered,Jaipur,Rajasthan,North
ORD002870,CUST00035,2025-08-27 22:35:00,Delivered,Hyderabad,Telangana,South
ORD001867,CUST00227,2025-08-28 11:47:00,Delivered,Gurugram,Haryana,North
ORD000902,CUST00017,2025-08-28 12:02:00,Pending,Coimbatore,Tamil Nadu,South
ORD002711,CUST00494,2025-08-28 20:19:00,Cancelled,Indore,Madhya Pradesh,Central
ORD002235,CUST00416,2025-08-29 08:07:00,Delivered,Chandigarh,Punjab,North
ORD002696,CUST00396,2025-08-29 17:50:00,Delivered,Surat,Gujarat,West
ORD001194,CUST00359,2025-08-29 20:06:00,Delivered,Coimbatore,Tamil Nadu,South
ORD000629,CUST00439,2025-08-29 20:32:00,Delivered,Hyderabad,Telangana,South
ORD000254,CUST00451,2025-08-29 20:45:00,Delivered,Ahmedabad,Gujarat,West
ORD001424,CUST00253,2025-08-29 22:04:00,Delivered,Lucknow,Uttar Pradesh,North
ORD000768,CUST00247,2025-08-30 11:36:00,Returned,Bengaluru,Karnataka,South
ORD001292,CUST00152,2025-08-30 13:08:00,Delivered,Hyderabad,Telangana,South
ORD000305,CUST00396,2025-08-30 14:41:00,Delivered,Surat,Gujarat,West
ORD000260,CUST00428,2025-08-30 17:14:00,Delivered,Mumbai,Maharashtra,West
ORD001726,CUST00419,2025-08-30 17:42:00,Delivered,Chennai,Tamil Nadu,South
ORD002278,CUST00007,2025-08-30 17:42:00,Cancelled,Ahmedabad,Gujarat,West
ORD003122,CUST00023,2025-08-31 09:10:00,Delivered,Indore,Madhya Pradesh,Central
ORD001403,CUST00405,2025-08-31 15:36:00,Delivered,Mumbai,Maharashtra,West
