payment_id,order_id,payment_date,payment_method,payment_status,payment_amount
PAY000001,ORD000170,2024-06-01 10:50:00,UPI,Success,4919.07
PAY000002,ORD000016,2024-06-02 05:08:00,UPI,Success,6373.47
PAY000003,ORD001992,2024-06-02 10:20:00,UPI,Success,74262.31
PAY000004,ORD002533,2024-06-02 00:05:00,Credit Card,Success,3099.67
PAY000005,ORD000918,2024-06-02 14:35:00,UPI,Success,16017.37
PAY000006,ORD002344,2024-06-02 13:31:00,Net Banking,Failed,3943.68
PAY000007,ORD002270,2024-06-02 16:35:00,UPI,Success,4779.88
PAY000008,ORD002375,2024-06-02 07:51:00,Cash on Delivery,Success,179.5
PAY000009,ORD000365,2024-06-02 06:07:00,UPI,Refunded,286.76
PAY000010,ORD002895,2024-06-03 10:01:00,UPI,Success,9994.12
PAY000011,ORD001863,2024-06-02 15:22:00,UPI,Failed,12028.6
PAY000012,ORD002669,2024-06-02 19:33:00,Cash on Delivery,Success,7284.1
PAY000013,ORD001567,2024-06-02 20:20:00,Debit Card,Success,1787.11
PAY000014,ORD002704,2024-06-03 13:05:00,Credit Card,Success,967.43
PAY000015,ORD000788,2024-06-04 07:47:00,Debit Card,Success,5658.53
PAY000016,ORD002559,2024-06-04 08:40:00,Net Banking,Success,15843.14
PAY000017,ORD001783,2024-06-03 18:35:00,Debit Card,Success,4472.21
PAY000018,ORD003190,2024-06-04 10:46:00,Debit Card,Success,472.53
PAY000019,ORD000915,2024-06-04 15:47:00,Credit Card,Success,3064.89
PAY000020,ORD000977,2024-06-04 19:23:00,Net Banking,Success,691.19
PAY000021,ORD001482,2024-06-04 02:02:00,Credit Card,Success,7751.41
PAY000022,ORD000502,2024-06-04 13:45:00,Debit Card,Success,5796.17
PAY000023,ORD001966,2024-06-04 00:12:00,Debit Card,Success,13013.84
PAY000024,ORD002339,2024-06-04 06:55:00,Cash on Delivery,Refunded,2260.96
PAY000025,ORD001209,2024-06-04 12:40:00,Debit Card,Success,183.85
PAY000026,ORD003147,2024-06-04 17:36:00,Debit Card,Success,18629.59
PAY000027,ORD002757,2024-06-05 06:43:00,Credit Card,Success,11922.74
PAY000028,ORD001440,2024-06-05 01:01:00,Net Banking,Success,8241.58
PAY000029,ORD002407,2024-06-04 19:22:00,Credit Card,Refunded,6902.24
PAY000030,ORD002037,2024-06-05 18:20:00,UPI,Success,12205.15
PAY000031,ORD001765,2024-06-04 20:34:00,UPI,Refunded,1718.91
PAY000032,ORD000113,2024-06-05 10:32:00,Debit Card,Refunded,3047.96
PAY000033,ORD002677,2024-06-05 14:36:00,UPI,Success,6682.04
PAY000034,ORD001751,2024-06-05 21:26:00,UPI,Success,13524.16
PAY000035,ORD000908,2024-06-05 19:03:00,Cash on Delivery,Success,9815.16
PAY000036,ORD001742,2024-06-06 15:26:00,Net Banking,Success,22887.69
PAY000037,ORD000053,2024-06-06 08:48:00,Cash on Delivery,Success,50165.8
PAY000038,ORD001170,2024-06-06 05:01:00,Debit Card,Success,16700.88
PAY000039,ORD000406,2024-06-06 01:04:00,Cash on Delivery,Success,153.58
PAY000040,ORD000527,2024-06-06 03:42:00,Debit Card,Refunded,1236.0
PAY000041,ORD000440,2024-06-06 01:06:00,Cash on Delivery,Failed,2232.46
PAY000042,ORD002594,2024-06-06 19:48:00,UPI,Refunded,5851.5
PAY000043,ORD002905,2024-06-06 14:00:00,Credit Card,Pending,19874.58
PAY000044,ORD002369,2024-06-06 13:03:00,Debit Card,Failed,124.8
PAY000045,ORD003139,2024-06-07 05:04:00,Cash on Delivery,Success,10477.88
PAY000046,ORD000590,2024-06-06 16:34:00,Debit Card,Success,31795.5
PAY000047,ORD002401,2024-06-06 15:18:00,Net Banking,Refunded,97604.67
PAY000048,ORD002891,2024-06-06 16:08:00,UPI,Success,11404.57
PAY000049,ORD002218,2024-06-07 15:46:00,UPI,Success,473.87
PAY000050,ORD000809,2024-06-07 10:51:00,Credit Card,Refunded,7341.26
PAY000051,ORD002807,2024-06-07 02:18:00,Credit Card,Refunded,336.29
PAY000052,ORD001088,2024-06-07 09:13:00,Net Banking,Success,1318.54
PAY000053,ORD000097,2024-06-07 15:49:00,UPI,Success,6420.55
PAY000054,ORD000571,2024-06-07 21:05:00,UPI,Success,8788.17
PAY000055,ORD001401,2024-06-08 21:07:00,UPI,Pending,22721.99
PAY000056,ORD001329,2024-06-08 17:15:00,Net Banking,Success,2376.95
PAY000057,ORD002728,2024-06-09 15:33:00,Credit Card,Success,4265.79
PAY000058,ORD002611,2024-06-08 22:27:00,Credit Card,Success,582.48
PAY000059,ORD001107,2024-06-10 01:04:00,Net Banking,Success,3930.58
PAY000060,ORD001721,2024-06-09 15:21:00,Debit Card,Success,1275.9
PAY000061,ORD000173,2024-06-10 18:34:00,Credit Card,Refunded,3591.05
PAY000062,ORD001964,2024-06-10 15:25:00,UPI,Refunded,3203.79
PAY000063,ORD002011,2024-06-10 18:33:00,UPI,Success,12660.47
PAY000064,ORD002840,2024-06-10 05:54:00,Cash on Delivery,Success,5629.77
PAY000065,ORD001438,2024-06-10 08:06:00,Cash on Delivery,Success,9748.75
PAY000066,ORD003178,2024-06-10 07:30:00,Net Banking,Refunded,4342.66
PAY000067,ORD000703,2024-06-11 07:12:00,Credit Card,Refunded,100766.68
PAY000068,ORD002725,2024-06-10 19:41:00,Debit Card,Success,194.0
PAY000069,ORD001166,2024-06-11 02:44:00,UPI,Refunded,39770.45
PAY000070,ORD000143,2024-06-10 22:00:00,Debit Card,Success,8729.34
PAY000071,ORD000796,2024-06-11 01:34:00,Credit Card,Success,3904.74
PAY000072,ORD002120,2024-06-11 10:37:00,UPI,Success,14814.13
PAY000073,ORD002197,2024-06-11 21:27:00,Credit Card,Success,18795.78
PAY000074,ORD003059,2024-06-11 18:57:00,UPI,Pending,12952.57
PAY000075,ORD000790,2024-06-11 23:02:00,Cash on Delivery,Failed,9136.06
PAY000076,ORD000052,2024-06-11 21:36:00,UPI,Refunded,1609.9
PAY000077,ORD001294,2024-06-11 15:02:00,Cash on Delivery,Failed,5664.89
PAY000078,ORD000747,2024-06-11 23:24:00,Net Banking,Refunded,3017.47
PAY000079,ORD000639,2024-06-12 14:37:00,Debit Card,Success,2171.34
PAY000080,ORD000385,2024-06-12 01:40:00,UPI,Success,7606.66
PAY000081,ORD002589,2024-06-12 09:54:00,Debit Card,Failed,687.97
PAY000082,ORD002365,2024-06-11 17:03:00,Credit Card,Success,6128.35
PAY000083,ORD001762,2024-06-11 19:18:00,Net Banking,Success,1839.21
PAY000084,ORD000508,2024-06-12 21:57:00,UPI,Success,5635.04
PAY000085,ORD003090,2024-06-12 01:05:00,Debit Card,Success,6167.58
PAY000086,ORD000520,2024-06-12 18:44:00,Credit Card,Success,13118.04
PAY000087,ORD001169,2024-06-13 04:42:00,Net Banking,Success,4277.68
PAY000088,ORD001333,2024-06-13 16:43:00,UPI,Success,3050.52
PAY000089,ORD002607,2024-06-13 00:52:00,Cash on Delivery,Pending,3915.68
PAY000090,ORD001396,2024-06-14 07:31:00,Credit Card,Success,20495.82
PAY000091,ORD002885,2024-06-14 16:52:00,Debit Card,Success,443.96
PAY000092,ORD001662,2024-06-14 11:33:00,Credit Card,Success,11346.42
PAY000093,ORD000526,2024-06-14 01:22:00,Credit Card,Success,2842.55
PAY000094,ORD002331,2024-06-14 21:27:00,Net Banking,Success,43463.69
PAY000095,ORD000446,2024-06-14 13:45:00,Credit Card,Success,2489.41
PAY000096,ORD002368,2024-06-15 11:57:00,Debit Card,Success,10130.15
PAY000097,ORD000378,2024-06-15 06:57:00,Net Banking,Success,4684.29
PAY000098,ORD000248,2024-06-15 05:56:00,Credit Card,Success,17941.87
PAY000099,ORD000549,2024-06-15 17:27:00,UPI,Success,31102.71
PAY000100,ORD001347,2024-06-15 23:55:00,Credit Card,Success,34318.62
PAY000101,ORD001722,2024-06-16 06:07:00,Net Banking,Success,38678.95
PAY000102,ORD002777,2024-06-16 01:00:00,Credit Card,Success,2258.25
PAY000103,ORD001583,2024-06-16 17:52:00,UPI,Success,11946.28
PAY000104,ORD002899,2024-06-16 00:08:00,UPI,Success,29915.3
PAY000105,ORD002641,2024-06-15 19:16:00,Credit Card,Success,72505.48
PAY000106,ORD000469,2024-06-16 16:22:00,UPI,Refunded,40459.78
PAY000107,ORD001057,2024-06-17 16:34:00,UPI,Success,12236.74
PAY000108,ORD002309,2024-06-17 09:27:00,Cash on Delivery,Refunded,1080.48
PAY000109,ORD000501,2024-06-17 11:02:00,Debit Card,Success,11994.28
PAY000110,ORD001941,2024-06-18 10:56:00,UPI,Success,37449.66
PAY000111,ORD002918,2024-06-18 00:58:00,UPI,Success,2878.12
PAY000112,ORD002141,2024-06-18 02:47:00,Cash on Delivery,Success,47908.91
PAY000113,ORD001689,2024-06-18 14:49:00,Cash on Delivery,Success,2433.49
PAY000114,ORD002215,2024-06-18 07:09:00,Cash on Delivery,Failed,2766.19
PAY000115,ORD001139,2024-06-18 01:25:00,UPI,Success,6646.91
PAY000116,ORD001016,2024-06-18 14:31:00,Net Banking,Success,3621.83
PAY000117,ORD002264,2024-06-17 19:57:00,Credit Card,Success,278.16
PAY000118,ORD002558,2024-06-19 07:48:00,UPI,Refunded,3350.43
PAY000119,ORD002494,2024-06-19 11:05:00,UPI,Success,9562.3
PAY000120,ORD001034,2024-06-18 13:33:00,UPI,Success,12689.05
PAY000121,ORD001072,2024-06-18 23:32:00,Cash on Delivery,Success,4074.84
PAY000122,ORD002980,2024-06-18 19:30:00,Credit Card,Failed,5396.35
PAY000123,ORD000261,2024-06-19 12:15:00,UPI,Failed,25411.75
PAY000124,ORD000572,2024-06-19 15:34:00,Debit Card,Success,1116.18
PAY000125,ORD002877,2024-06-19 22:55:00,UPI,Success,2003.75
PAY000126,ORD002135,2024-06-18 23:27:00,Credit Card,Success,239.04
PAY000127,ORD003076,2024-06-19 20:05:00,Cash on Delivery,Success,5960.0
PAY000128,ORD002113,2024-06-19 23:19:00,Cash on Delivery,Success,23617.0
PAY000129,ORD002157,2024-06-20 01:00:00,UPI,Failed,1637.08
PAY000130,ORD000587,2024-06-20 14:18:00,Cash on Delivery,Refunded,2033.41
PAY000131,ORD001485,2024-06-20 23:35:00,UPI,Failed,34730.79
PAY000132,ORD003171,2024-06-21 10:33:00,UPI,Success,22095.69
PAY000133,ORD001706,2024-06-22 01:30:00,Debit Card,Success,3084.58
PAY000134,ORD001961,2024-06-22 09:31:00,Credit Card,Success,42824.68
PAY000135,ORD002673,2024-06-21 21:20:00,UPI,Success,2270.87
PAY000136,ORD002107,2024-06-21 22:27:00,UPI,Success,244.0
PAY000137,ORD002523,2024-06-22 19:08:00,Cash on Delivery,Success,16497.15
PAY000138,ORD002252,2024-06-22 11:34:00,Debit Card,Success,29479.25
PAY000139,ORD000871,2024-06-22 17:26:00,Credit Card,Success,124.68
PAY000140,ORD001163,2024-06-22 23:30:00,Debit Card,Success,27212.81
PAY000141,ORD001608,2024-06-22 21:30:00,Credit Card,Success,3641.88
PAY000142,ORD000817,2024-06-23 02:17:00,UPI,Success,10626.57
PAY000143,ORD000725,2024-06-23 12:26:00,Debit Card,Success,49355.72
PAY000144,ORD003135,2024-06-23 12:11:00,UPI,Success,59209.08
PAY000145,ORD001224,2024-06-22 22:36:00,Credit Card,Success,13191.14
PAY000146,ORD001791,2024-06-23 10:23:00,UPI,Success,46081.16
PAY000147,ORD002879,2024-06-23 09:59:00,Credit Card,Refunded,1721.62
PAY000148,ORD001285,2024-06-22 19:37:00,UPI,Success,10400.33
PAY000149,ORD000453,2024-06-23 10:14:00,Credit Card,Success,1913.86
PAY000150,ORD002432,2024-06-23 18:59:00,Credit Card,Success,6960.92
PAY000151,ORD000524,2024-06-23 09:41:00,UPI,Success,13215.46
PAY000152,ORD002643,2024-06-23 14:09:00,UPI,Success,11875.57
PAY000153,ORD001263,2024-06-23 14:10:00,Credit Card,Success,14276.74
PAY000154,ORD002150,2024-06-23 20:48:00,UPI,Success,1620.35
PAY000155,ORD001496,2024-06-23 05:57:00,Debit Card,Refunded,1043.69
PAY000156,ORD000382,2024-06-23 20:53:00,Debit Card,Failed,2139.14
PAY000157,ORD001590,2024-06-23 20:25:00,Debit Card,Refunded,242.03
PAY000158,ORD002646,2024-06-23 14:17:00,Credit Card,Success,12800.75
PAY000159,ORD001566,2024-06-23 14:55:00,UPI,Success,146.95
PAY000160,ORD001754,2024-06-23 18:57:00,UPI,Success,1776.22
PAY000161,ORD001068,2024-06-23 19:05:00,UPI,Success,3244.17
PAY000162,ORD001667,2024-06-24 15:27:00,Credit Card,Success,2452.7
PAY000163,ORD002124,2024-06-24 03:45:00,Cash on Delivery,Success,2666.24
PAY000164,ORD001039,2024-06-24 12:54:00,UPI,Success,1710.56
PAY000165,ORD001002,2024-06-24 04:57:00,Net Banking,Failed,33815.98
PAY000166,ORD002068,2024-06-24 15:20:00,Net Banking,Success,14030.12
PAY000167,ORD000859,2024-06-24 04:31:00,Debit Card,Success,42175.75
PAY000168,ORD002552,2024-06-24 02:30:00,Credit Card,Success,2372.46
PAY000169,ORD001899,2024-06-24 10:38:00,UPI,Refunded,102.28
PAY000170,ORD000298,2024-06-24 23:30:00,Credit Card,Refunded,3896.85
PAY000171,ORD002961,2024-06-24 02:54:00,UPI,Success,3692.45
PAY000172,ORD002516,2024-06-23 21:54:00,Debit Card,Success,1476.05
PAY000173,ORD001589,2024-06-25 11:16:00,Credit Card,Failed,3505.5
PAY000174,ORD001591,2024-06-24 15:09:00,Credit Card,Success,75890.0
PAY000175,ORD002416,2024-06-25 01:55:00,Credit Card,Refunded,1416.86
PAY000176,ORD000903,2024-06-25 03:05:00,UPI,Pending,16703.68
PAY000177,ORD001883,2024-06-25 09:41:00,UPI,Failed,10128.42
PAY000178,ORD000973,2024-06-25 09:36:00,UPI,Refunded,925.09
PAY000179,ORD002263,2024-06-25 13:00:00,Debit Card,Success,697.05
PAY000180,ORD001181,2024-06-24 18:28:00,Credit Card,Pending,5818.35
PAY000181,ORD001733,2024-06-25 01:32:00,Debit Card,Success,112708.07
PAY000182,ORD002406,2024-06-25 18:13:00,UPI,Success,486.64
PAY000183,ORD002239,2024-06-25 10:41:00,Cash on Delivery,Success,8224.24
PAY000184,ORD001712,2024-06-26 06:50:00,Debit Card,Success,1179.37
PAY000185,ORD000076,2024-06-25 21:11:00,Credit Card,Success,48465.61
PAY000186,ORD002855,2024-06-26 04:47:00,UPI,Success,2532.53
PAY000187,ORD000645,2024-06-26 20:08:00,UPI,Success,11883.49
PAY000188,ORD002298,2024-06-26 07:46:00,UPI,Refunded,1702.95
PAY000189,ORD000765,2024-06-26 13:23:00,UPI,Success,501.95
PAY000190,ORD000719,2024-06-27 05:24:00,UPI,Refunded,11426.41
PAY000191,ORD000926,2024-06-27 14:52:00,Debit Card,Success,14928.71
PAY000192,ORD001703,2024-06-27 01:26:00,UPI,Failed,1901.64
PAY000193,ORD001975,2024-06-28 02:28:00,Net Banking,Success,159.39
PAY000194,ORD000840,2024-06-28 06:10:00,Credit Card,Success,10911.15
PAY000195,ORD002751,2024-06-27 17:51:00,UPI,Success,4259.55
PAY000196,ORD000729,2024-06-28 14:20:00,UPI,Success,76.62
PAY000197,ORD002250,2024-06-27 22:50:00,Net Banking,Success,1216.45
PAY000198,ORD000666,2024-06-28 14:32:00,Cash on Delivery,Refunded,492.5
PAY000199,ORD000141,2024-06-28 22:00:00,UPI,Success,16868.21
PAY000200,ORD003058,2024-06-29 05:06:00,UPI,Success,3036.91
PAY000201,ORD001233,2024-06-29 07:41:00,Net Banking,Failed,49963.0
PAY000202,ORD001682,2024-06-29 15:23:00,UPI,Refunded,5744.5
PAY000203,ORD001582,2024-06-29 18:08:00,UPI,Success,7901.33
PAY000204,ORD002538,2024-06-29 09:39:00,Cash on Delivery,Failed,26445.94
PAY000205,ORD002039,2024-06-30 06:04:00,Debit Card,Refunded,15135.12
PAY000206,ORD001639,2024-06-30 05:53:00,Net Banking,Success,2334.73
PAY000207,ORD001297,2024-06-30 12:56:00,UPI,Success,14086.95
PAY000208,ORD000395,2024-06-30 00:40:00,Cash on Delivery,Success,2465.69
PAY000209,ORD002140,2024-06-30 17:49:00,UPI,Success,120.17
PAY000210,ORD002045,2024-06-30 05:15:00,Cash on Delivery,Refunded,23001.94
PAY000211,ORD001307,2024-06-30 02:49:00,Debit Card,Success,695.87
PAY000212,ORD001761,2024-06-29 22:56:00,Credit Card,Success,1059.91
PAY000213,ORD000204,2024-06-29 22:54:00,Credit Card,Success,2300.57
PAY000214,ORD002180,2024-06-30 12:33:00,Cash on Delivery,Refunded,785.63
PAY000215,ORD002740,2024-06-30 05:44:00,Cash on Delivery,Success,1133.64
PAY000216,ORD002560,2024-06-30 18:17:00,Cash on Delivery,Success,11277.56
PAY000217,ORD002144,2024-07-01 10:49:00,Credit Card,Refunded,30275.63
PAY000218,ORD000083,2024-07-01 05:20:00,UPI,Success,2793.03
PAY000219,ORD000133,2024-06-30 14:28:00,Debit Card,Success,11439.87
PAY000220,ORD001023,2024-06-30 17:54:00,Credit Card,Success,77.83
PAY000221,ORD000007,2024-07-01 11:01:00,UPI,Refunded,2420.38
PAY000222,ORD000073,2024-06-30 23:00:00,Cash on Delivery,Failed,314.56
PAY000223,ORD000598,2024-06-30 23:57:00,Debit Card,Refunded,18742.82
PAY000224,ORD000920,2024-06-30 23:33:00,Cash on Delivery,Success,2061.82
PAY000225,ORD001148,2024-06-30 23:38:00,UPI,Success,103.34
PAY000226,ORD002749,2024-07-01 09:14:00,UPI,Success,1476.52
PAY000227,ORD002604,2024-06-30 21:57:00,UPI,Success,4078.62
PAY000228,ORD000212,2024-07-01 02:00:00,Debit Card,Success,14056.15
PAY000229,ORD000959,2024-07-01 09:38:00,Cash on Delivery,Success,3223.73
PAY000230,ORD001734,2024-07-02 01:09:00,Credit Card,Refunded,1935.32
PAY000231,ORD001416,2024-07-01 14:34:00,Credit Card,Refunded,1634.88
PAY000232,ORD000482,2024-07-02 06:32:00,UPI,Success,235.37
PAY000233,ORD001915,2024-07-02 02:40:00,Credit Card,Success,7211.09
PAY000234,ORD000930,2024-07-02 05:59:00,Debit Card,Success,3573.38
PAY000235,ORD000313,2024-07-02 10:38:00,Debit Card,Success,5597.25
PAY000236,ORD002304,2024-07-02 09:05:00,UPI,Success,25552.85
PAY000237,ORD002999,2024-07-01 23:27:00,Credit Card,Success,15608.01
PAY000238,ORD002962,2024-07-02 14:38:00,UPI,Success,3071.27
PAY000239,ORD002324,2024-07-03 06:00:00,Cash on Delivery,Pending,2919.49
PAY000240,ORD002318,2024-07-03 07:11:00,UPI,Success,1063.38
PAY000241,ORD001675,2024-07-03 02:21:00,Debit Card,Success,2141.09
PAY000242,ORD002305,2024-07-02 13:54:00,Cash on Delivery,Success,5395.38
PAY000243,ORD002871,2024-07-03 16:27:00,Debit Card,Refunded,7230.39
PAY000244,ORD001868,2024-07-03 01:58:00,Cash on Delivery,Failed,33104.98
PAY000245,ORD001511,2024-07-02 22:50:00,Credit Card,Success,854.86
PAY000246,ORD003136,2024-07-03 18:19:00,Cash on Delivery,Failed,2898.67
PAY000247,ORD001284,2024-07-04 02:04:00,Cash on Delivery,Success,2051.05
PAY000248,ORD001063,2024-07-03 12:17:00,UPI,Success,10061.9
PAY000249,ORD002907,2024-07-04 02:18:00,UPI,Success,27635.33
PAY000250,ORD003039,2024-07-04 14:17:00,Cash on Delivery,Success,1117.23
PAY000251,ORD000093,2024-07-04 10:43:00,UPI,Success,8231.06
PAY000252,ORD002168,2024-07-05 07:55:00,Credit Card,Success,2624.24
PAY000253,ORD000235,2024-07-05 05:01:00,UPI,Success,589.48
PAY000254,ORD002129,2024-07-04 12:16:00,Cash on Delivery,Refunded,30335.84
PAY000255,ORD001922,2024-07-04 18:23:00,Cash on Delivery,Success,1802.04
PAY000256,ORD000031,2024-07-04 16:52:00,Cash on Delivery,Refunded,1771.41
PAY000257,ORD000744,2024-07-04 21:55:00,UPI,Refunded,2557.01
PAY000258,ORD002227,2024-07-05 11:10:00,UPI,Refunded,11067.63
PAY000259,ORD000475,2024-07-05 05:36:00,Net Banking,Success,513.69
PAY000260,ORD001997,2024-07-05 12:22:00,UPI,Success,17824.16
PAY000261,ORD002437,2024-07-06 01:30:00,UPI,Pending,192.63
PAY000262,ORD001750,2024-07-06 11:45:00,Debit Card,Failed,849.93
PAY000263,ORD001090,2024-07-06 05:18:00,Debit Card,Refunded,5897.79
PAY000264,ORD000690,2024-07-05 20:45:00,Debit Card,Success,4411.76
PAY000265,ORD000722,2024-07-06 00:01:00,Cash on Delivery,Success,46450.96
PAY000266,ORD000327,2024-07-07 09:25:00,Net Banking,Failed,7214.62
PAY000267,ORD001182,2024-07-07 07:36:00,Net Banking,Success,1607.71
PAY000268,ORD001985,2024-07-06 12:18:00,UPI,Success,1584.11
PAY000269,ORD000127,2024-07-07 09:52:00,UPI,Success,18188.44
PAY000270,ORD000805,2024-07-06 19:56:00,Credit Card,Success,5226.65
PAY000271,ORD000539,2024-07-07 10:03:00,UPI,Success,2825.71
PAY000272,ORD001651,2024-07-07 03:09:00,UPI,Success,5327.23
PAY000273,ORD000560,2024-07-07 01:21:00,Credit Card,Success,6228.16
PAY000274,ORD001816,2024-07-08 01:17:00,Debit Card,Success,8468.43
PAY000275,ORD002189,2024-07-08 01:46:00,UPI,Failed,3839.79
PAY000276,ORD000622,2024-07-07 16:58:00,Debit Card,Success,7316.41
PAY000277,ORD002702,2024-07-08 04:20:00,Debit Card,Success,11100.58
PAY000278,ORD001051,2024-07-07 18:49:00,UPI,Success,4932.97
PAY000279,ORD000312,2024-07-08 03:05:00,Net Banking,Success,2151.54
PAY000280,ORD001466,2024-07-08 04:07:00,Credit Card,Success,10737.01
PAY000281,ORD003002,2024-07-08 07:44:00,UPI,Success,1168.34
PAY000282,ORD000704,2024-07-07 19:18:00,Cash on Delivery,Success,7801.72
PAY000283,ORD002598,2024-07-08 01:24:00,Debit Card,Success,14707.35
PAY000284,ORD000516,2024-07-08 17:58:00,Cash on Delivery,Refunded,958.52
PAY000285,ORD000461,2024-07-08 04:05:00,Net Banking,Success,2500.58
PAY000286,ORD003092,2024-07-09 05:00:00,UPI,Success,100932.21
PAY000287,ORD000246,2024-07-08 13:24:00,UPI,Refunded,22620.82
PAY000288,ORD000946,2024-07-08 15:12:00,Net Banking,Success,16242.96
PAY000289,ORD002345,2024-07-08 23:48:00,Debit Card,Success,24321.26
PAY000290,ORD001696,2024-07-09 10:26:00,Debit Card,Success,32030.86
PAY000291,ORD001185,2024-07-09 15:19:00,Cash on Delivery,Success,27792.98
PAY000292,ORD001871,2024-07-08 23:23:00,Debit Card,Success,20221.69
PAY000293,ORD001789,2024-07-09 18:07:00,Cash on Delivery,Refunded,2864.37
PAY000294,ORD002358,2024-07-09 02:39:00,Cash on Delivery,Success,18430.1
PAY000295,ORD002804,2024-07-09 20:33:00,Credit Card,Success,1037.04
PAY000296,ORD002829,2024-07-09 22:29:00,Debit Card,Success,5683.54
PAY000297,ORD002662,2024-07-09 23:51:00,UPI,Success,28833.15
PAY000298,ORD001517,2024-07-09 23:22:00,UPI,Success,5752.5
PAY000299,ORD001822,2024-07-09 23:05:00,Net Banking,Success,36734.25
PAY000300,ORD001232,2024-07-10 03:05:00,Cash on Delivery,Success,8341.1
PAY000301,ORD000976,2024-07-10 18:54:00,Cash on Delivery,Refunded,4853.55
PAY000302,ORD002170,2024-07-09 23:43:00,Cash on Delivery,Refunded,3396.33
PAY000303,ORD001853,2024-07-10 05:16:00,UPI,Success,1747.35
PAY000304,ORD001606,2024-07-10 08:38:00,Credit Card,Success,3911.08
PAY000305,ORD001907,2024-07-10 13:26:00,Cash on Delivery,Success,32077.69
PAY000306,ORD001325,2024-07-10 14:07:00,Net Banking,Success,1528.43
PAY000307,ORD000114,2024-07-10 18:48:00,UPI,Success,346.53
PAY000308,ORD000414,2024-07-10 17:13:00,Credit Card,Success,21839.78
PAY000309,ORD002032,2024-07-11 17:34:00,Debit Card,Success,3168.18
PAY000310,ORD002784,2024-07-10 23:22:00,Cash on Delivery,Success,5945.14
PAY000311,ORD000257,2024-07-12 06:20:00,Cash on Delivery,Refunded,73.65
PAY000312,ORD002321,2024-07-12 00:21:00,UPI,Refunded,197.64
PAY000313,ORD002391,2024-07-12 04:18:00,Credit Card,Success,752.03
PAY000314,ORD000613,2024-07-11 13:53:00,Net Banking,Success,4801.44
PAY000315,ORD003062,2024-07-12 06:42:00,Credit Card,Success,49413.93
PAY000316,ORD002173,2024-07-11 22:55:00,UPI,Success,7225.5
PAY000317,ORD001624,2024-07-12 14:03:00,UPI,Success,99.59
PAY000318,ORD002122,2024-07-12 17:10:00,Cash on Delivery,Success,5747.11
PAY000319,ORD001430,2024-07-12 01:44:00,UPI,Success,820.46
PAY000320,ORD000625,2024-07-12 16:49:00,UPI,Refunded,9766.35
PAY000321,ORD000626,2024-07-13 05:08:00,UPI,Success,303.28
PAY000322,ORD000752,2024-07-12 23:23:00,Debit Card,Success,21482.23
PAY000323,ORD002341,2024-07-13 11:47:00,UPI,Success,28351.56
PAY000324,ORD002475,2024-07-13 18:59:00,UPI,Success,13259.62
PAY000325,ORD000537,2024-07-12 23:41:00,Cash on Delivery,Success,358.25
PAY000326,ORD002585,2024-07-13 22:34:00,Cash on Delivery,Success,10940.68
PAY000327,ORD001850,2024-07-13 20:46:00,Credit Card,Success,1864.6
PAY000328,ORD000733,2024-07-14 02:13:00,Cash on Delivery,Success,1837.57
PAY000329,ORD001373,2024-07-13 20:22:00,Credit Card,Success,5773.03
PAY000330,ORD001461,2024-07-14 05:43:00,Credit Card,Success,28628.29
PAY000331,ORD001519,2024-07-14 13:20:00,Cash on Delivery,Success,302.9
PAY000332,ORD002770,2024-07-14 12:50:00,Cash on Delivery,Success,4806.34
PAY000333,ORD003191,2024-07-13 22:25:00,UPI,Success,5896.81
PAY000334,ORD002579,2024-07-14 09:10:00,Credit Card,Refunded,21599.61
PAY000335,ORD001076,2024-07-14 22:06:00,Debit Card,Success,925.75
PAY000336,ORD002167,2024-07-15 00:59:00,Debit Card,Success,13751.59
PAY000337,ORD002193,2024-07-15 03:59:00,Credit Card,Refunded,13620.28
PAY000338,ORD000517,2024-07-14 12:25:00,Debit Card,Success,9611.22
PAY000339,ORD001573,2024-07-14 15:38:00,Debit Card,Success,2755.74
PAY000340,ORD001804,2024-07-15 16:48:00,Debit Card,Success,6644.52
PAY000341,ORD001522,2024-07-15 12:45:00,Credit Card,Success,1908.82
PAY000342,ORD003070,2024-07-15 18:14:00,UPI,Success,132.41
PAY000343,ORD001363,2024-07-16 03:34:00,Cash on Delivery,Success,1758.19
PAY000344,ORD002418,2024-07-15 17:13:00,Debit Card,Refunded,15614.65
PAY000345,ORD000615,2024-07-15 15:49:00,Debit Card,Success,198.38
PAY000346,ORD000161,2024-07-16 14:25:00,Net Banking,Failed,819.05
PAY000347,ORD002383,2024-07-16 19:30:00,UPI,Success,6672.35
PAY000348,ORD003169,2024-07-17 00:12:00,UPI,Success,15044.32
PAY000349,ORD001075,2024-07-17 11:49:00,UPI,Success,3131.21
PAY000350,ORD002768,2024-07-16 19:33:00,UPI,Refunded,983.69
PAY000351,ORD000146,2024-07-17 19:51:00,Cash on Delivery,Success,9572.82
PAY000352,ORD000925,2024-07-17 09:19:00,UPI,Success,48517.68
PAY000353,ORD001541,2024-07-17 07:05:00,UPI,Success,9594.01
PAY000354,ORD000643,2024-07-18 01:52:00,UPI,Success,4122.83
PAY000355,ORD000841,2024-07-18 03:21:00,Credit Card,Pending,81.85
PAY000356,ORD001894,2024-07-18 17:01:00,UPI,Success,645.46
PAY000357,ORD002098,2024-07-19 09:12:00,Credit Card,Success,571.24
PAY000358,ORD000152,2024-07-19 15:09:00,Net Banking,Success,7752.27
PAY000359,ORD000901,2024-07-19 23:58:00,Debit Card,Success,10005.25
PAY000360,ORD002896,2024-07-20 09:34:00,Debit Card,Refunded,52374.42
PAY000361,ORD003187,2024-07-19 15:41:00,UPI,Refunded,5154.53
PAY000362,ORD001807,2024-07-20 14:14:00,UPI,Success,650.07
PAY000363,ORD000085,2024-07-19 21:24:00,UPI,Success,4184.95
PAY000364,ORD002236,2024-07-20 12:27:00,UPI,Success,3740.39
PAY000365,ORD001865,2024-07-20 13:44:00,Credit Card,Success,103120.61
PAY000366,ORD000670,2024-07-20 19:30:00,Credit Card,Failed,2269.22
PAY000367,ORD002968,2024-07-20 20:57:00,UPI,Failed,7576.07
PAY000368,ORD000186,2024-07-21 03:49:00,UPI,Success,5731.61
PAY000369,ORD003043,2024-07-21 03:35:00,Cash on Delivery,Refunded,4641.02
PAY000370,ORD002690,2024-07-21 11:44:00,UPI,Success,205.58
PAY000371,ORD000187,2024-07-21 09:49:00,Credit Card,Success,2961.36
PAY000372,ORD002941,2024-07-22 10:08:00,UPI,Success,32331.44
PAY000373,ORD001069,2024-07-22 03:28:00,Credit Card,Success,29196.93
PAY000374,ORD000443,2024-07-21 23:07:00,Cash on Delivery,Success,16937.65
PAY000375,ORD000473,2024-07-22 20:20:00,UPI,Success,1153.76
PAY000376,ORD002276,2024-07-21 23:46:00,Debit Card,Success,2489.2
PAY000377,ORD001739,2024-07-22 18:48:00,Debit Card,Success,3058.34
PAY000378,ORD000617,2024-07-22 21:17:00,UPI,Success,73825.36
PAY000379,ORD000467,2024-07-22 13:37:00,Cash on Delivery,Success,6343.79
PAY000380,ORD000510,2024-07-23 07:33:00,Credit Card,Success,20584.11
PAY000381,ORD000664,2024-07-22 15:14:00,UPI,Failed,1280.06
PAY000382,ORD001417,2024-07-23 11:00:00,Debit Card,Success,8823.95
PAY000383,ORD001633,2024-07-23 01:13:00,Debit Card,Refunded,11292.17
PAY000384,ORD000896,2024-07-22 20:15:00,Credit Card,Success,6826.42
PAY000385,ORD002245,2024-07-23 05:36:00,Credit Card,Refunded,17143.07
PAY000386,ORD002015,2024-07-23 07:04:00,UPI,Success,20883.52
PAY000387,ORD001024,2024-07-23 06:38:00,UPI,Success,2074.49
PAY000388,ORD002864,2024-07-24 04:51:00,UPI,Success,3024.27
PAY000389,ORD000929,2024-07-24 07:07:00,UPI,Success,7238.98
PAY000390,ORD002378,2024-07-24 00:56:00,UPI,Success,2745.28
PAY000391,ORD002047,2024-07-23 18:53:00,Cash on Delivery,Success,101.51
PAY000392,ORD001912,2024-07-23 23:37:00,UPI,Success,1956.74
PAY000393,ORD001040,2024-07-24 00:39:00,UPI,Success,3087.0
PAY000394,ORD002434,2024-07-23 22:38:00,Debit Card,Success,4950.1
PAY000395,ORD003067,2024-07-24 18:20:00,Debit Card,Success,13728.94
PAY000396,ORD002834,2024-07-24 14:08:00,Debit Card,Success,15552.2
PAY000397,ORD000978,2024-07-25 14:30:00,Net Banking,Success,2524.64
PAY000398,ORD000739,2024-07-25 10:57:00,Credit Card,Refunded,485.58
PAY000399,ORD000696,2024-07-25 20:00:00,UPI,Success,42.44
PAY000400,ORD001609,2024-07-24 23:51:00,Debit Card,Refunded,2253.65
PAY000401,ORD003030,2024-07-25 12:23:00,Cash on Delivery,Success,1664.54
PAY000402,ORD002056,2024-07-26 05:38:00,UPI,Success,2937.48
PAY000403,ORD001528,2024-07-25 13:15:00,UPI,Success,1147.39
PAY000404,ORD002550,2024-07-25 17:25:00,UPI,Success,1164.53
PAY000405,ORD000642,2024-07-26 01:58:00,UPI,Success,10482.28
PAY000406,ORD001337,2024-07-25 15:39:00,UPI,Success,3065.94
PAY000407,ORD001092,2024-07-26 07:28:00,UPI,Success,46429.53
PAY000408,ORD001740,2024-07-25 22:15:00,Credit Card,Success,9531.02
PAY000409,ORD002572,2024-07-26 07:46:00,Cash on Delivery,Success,20171.36
PAY000410,ORD002498,2024-07-26 13:44:00,UPI,Success,12297.56
PAY000411,ORD001720,2024-07-25 21:57:00,Credit Card,Success,32748.33
PAY000412,ORD000679,2024-07-26 00:34:00,Credit Card,Failed,1795.03
PAY000413,ORD001558,2024-07-26 01:38:00,Debit Card,Success,97.34
PAY000414,ORD000576,2024-07-26 11:47:00,Debit Card,Success,1645.92
PAY000415,ORD000015,2024-07-26 16:28:00,Debit Card,Success,14310.45
PAY000416,ORD001460,2024-07-26 13:11:00,UPI,Success,5432.38
PAY000417,ORD002133,2024-07-26 22:25:00,UPI,Refunded,2026.15
PAY000418,ORD001800,2024-07-27 01:30:00,Net Banking,Refunded,15291.95
PAY000419,ORD002231,2024-07-27 14:06:00,Cash on Delivery,Failed,1781.26
PAY000420,ORD001956,2024-07-27 19:17:00,Debit Card,Success,1623.6
PAY000421,ORD001521,2024-07-27 03:35:00,Debit Card,Success,4439.11
PAY000422,ORD001299,2024-07-27 02:10:00,UPI,Refunded,53578.48
PAY000423,ORD002456,2024-07-27 19:16:00,UPI,Failed,73.78
PAY000424,ORD001901,2024-07-27 18:03:00,Net Banking,Success,4936.91
PAY000425,ORD002680,2024-07-27 21:02:00,UPI,Success,36378.08
PAY000426,ORD002988,2024-07-28 12:50:00,UPI,Success,1706.43
PAY000427,ORD001833,2024-07-28 06:26:00,Net Banking,Success,32309.83
PAY000428,ORD000705,2024-07-28 09:32:00,Debit Card,Failed,84.27
PAY000429,ORD002083,2024-07-28 01:48:00,Cash on Delivery,Success,23868.91
PAY000430,ORD000856,2024-07-28 03:54:00,Credit Card,Success,7053.25
PAY000431,ORD000262,2024-07-28 00:58:00,Debit Card,Pending,15812.99
PAY000432,ORD000785,2024-07-29 07:49:00,Credit Card,Success,175213.85
PAY000433,ORD000770,2024-07-29 14:43:00,UPI,Failed,60204.85
PAY000434,ORD001167,2024-07-28 19:50:00,UPI,Refunded,139864.92
PAY000435,ORD002201,2024-07-29 17:20:00,UPI,Success,1393.46
PAY000436,ORD001407,2024-07-29 15:09:00,UPI,Success,28507.1
PAY000437,ORD002796,2024-07-29 13:27:00,Debit Card,Success,3286.0
PAY000438,ORD000329,2024-07-30 05:39:00,UPI,Success,2216.1
PAY000439,ORD001286,2024-07-30 21:43:00,Debit Card,Success,5529.72
PAY000440,ORD002405,2024-07-30 02:03:00,Credit Card,Refunded,8905.3
PAY000441,ORD002996,2024-07-30 11:10:00,Cash on Delivery,Success,1960.48
PAY000442,ORD000876,2024-07-31 11:33:00,Debit Card,Refunded,2890.98
PAY000443,ORD002220,2024-07-30 21:25:00,UPI,Success,4617.11
PAY000444,ORD000882,2024-07-31 09:10:00,Cash on Delivery,Success,4923.07
PAY000445,ORD001371,2024-08-01 07:43:00,UPI,Success,18405.76
PAY000446,ORD000766,2024-08-01 06:16:00,Cash on Delivery,Success,838.55
PAY000447,ORD001500,2024-08-01 11:58:00,Credit Card,Refunded,990.95
PAY000448,ORD000188,2024-08-02 07:17:00,UPI,Success,97036.26
PAY000449,ORD002692,2024-08-02 10:23:00,UPI,Success,55943.95
PAY000450,ORD001178,2024-08-02 19:02:00,UPI,Success,1873.73
PAY000451,ORD001437,2024-08-02 19:04:00,UPI,Success,11101.45
PAY000452,ORD000688,2024-08-03 08:11:00,UPI,Success,18522.5
PAY000453,ORD002800,2024-08-03 09:32:00,UPI,Success,4532.39
PAY000454,ORD001369,2024-08-03 09:46:00,UPI,Success,823.53
PAY000455,ORD000601,2024-08-03 15:51:00,UPI,Refunded,3596.84
PAY000456,ORD001772,2024-08-03 20:47:00,UPI,Refunded,1962.58
PAY000457,ORD003006,2024-08-03 04:22:00,Cash on Delivery,Success,2873.21
PAY000458,ORD001599,2024-08-04 04:46:00,Debit Card,Failed,18009.19
PAY000459,ORD000728,2024-08-04 05:04:00,Debit Card,Success,2479.99
PAY000460,ORD000956,2024-08-04 07:33:00,Credit Card,Failed,9068.56
PAY000461,ORD003174,2024-08-04 09:17:00,UPI,Success,1376.21
PAY000462,ORD003085,2024-08-03 23:31:00,Net Banking,Success,9734.43
PAY000463,ORD000975,2024-08-05 05:44:00,Net Banking,Pending,36095.97
PAY000464,ORD002092,2024-08-05 13:54:00,Cash on Delivery,Pending,2282.12
PAY000465,ORD000325,2024-08-05 07:34:00,Net Banking,Refunded,2792.38
PAY000466,ORD001103,2024-08-04 23:30:00,UPI,Success,15445.54
PAY000467,ORD002675,2024-08-06 00:26:00,UPI,Success,13296.73
PAY000468,ORD001507,2024-08-06 07:06:00,Credit Card,Refunded,508.5
PAY000469,ORD001934,2024-08-05 19:47:00,Cash on Delivery,Success,199054.06
PAY000470,ORD002833,2024-08-05 17:28:00,UPI,Success,14586.14
PAY000471,ORD000546,2024-08-06 13:46:00,Net Banking,Success,15063.21
PAY000472,ORD000012,2024-08-07 08:17:00,Net Banking,Success,5297.63
PAY000473,ORD002421,2024-08-06 12:57:00,UPI,Success,4966.04
PAY000474,ORD001570,2024-08-06 18:59:00,UPI,Success,1875.57
PAY000475,ORD001613,2024-08-06 21:02:00,Cash on Delivery,Refunded,2872.84
PAY000476,ORD002454,2024-08-07 18:52:00,UPI,Success,24271.37
PAY000477,ORD000676,2024-08-07 03:48:00,Net Banking,Refunded,9447.25
PAY000478,ORD001830,2024-08-07 17:48:00,UPI,Refunded,16690.68
PAY000479,ORD001019,2024-08-08 17:05:00,Credit Card,Refunded,3011.69
PAY000480,ORD001134,2024-08-07 23:18:00,UPI,Success,6656.24
PAY000481,ORD000367,2024-08-08 05:30:00,UPI,Refunded,2302.88
PAY000482,ORD002003,2024-08-08 10:38:00,UPI,Refunded,46792.09
PAY000483,ORD002763,2024-08-09 11:56:00,Cash on Delivery,Refunded,18751.6
PAY000484,ORD002715,2024-08-09 14:25:00,Net Banking,Success,34660.64
PAY000485,ORD000812,2024-08-09 11:04:00,UPI,Success,12967.15
PAY000486,ORD002652,2024-08-10 09:37:00,Credit Card,Pending,11472.16
PAY000487,ORD002021,2024-08-10 06:28:00,UPI,Success,57157.4
PAY000488,ORD000561,2024-08-10 03:48:00,UPI,Refunded,323.02
PAY000489,ORD000945,2024-08-10 13:31:00,Net Banking,Refunded,12526.06
PAY000490,ORD001780,2024-08-10 09:05:00,Debit Card,Success,794.89
PAY000491,ORD000285,2024-08-10 09:36:00,UPI,Success,5546.07
PAY000492,ORD000103,2024-08-10 14:41:00,Cash on Delivery,Success,8932.34
PAY000493,ORD001634,2024-08-10 12:33:00,UPI,Success,5857.76
PAY000494,ORD003154,2024-08-10 18:30:00,UPI,Success,73490.75
PAY000495,ORD001983,2024-08-10 18:54:00,UPI,Success,261.6
PAY000496,ORD000229,2024-08-11 00:28:00,Debit Card,Success,1951.69
PAY000497,ORD001355,2024-08-11 10:29:00,Cash on Delivery,Success,715.47
PAY000498,ORD002290,2024-08-11 10:36:00,Cash on Delivery,Success,4390.79
PAY000499,ORD002573,2024-08-11 14:29:00,UPI,Success,10013.69
PAY000500,ORD001875,2024-08-12 09:35:00,Debit Card,Success,2707.86
PAY000501,ORD001484,2024-08-12 01:28:00,UPI,Success,6420.98
PAY000502,ORD001910,2024-08-12 14:06:00,Debit Card,Success,8700.47
PAY000503,ORD002771,2024-08-12 21:31:00,Credit Card,Failed,14299.29
PAY000504,ORD001190,2024-08-13 13:33:00,UPI,Refunded,46683.38
PAY000505,ORD000172,2024-08-13 10:44:00,Debit Card,Success,3980.92
PAY000506,ORD000167,2024-08-13 15:11:00,UPI,Success,10195.33
PAY000507,ORD000149,2024-08-12 20:43:00,UPI,Success,903.52
PAY000508,ORD000470,2024-08-13 19:56:00,Debit Card,Pending,14235.84
PAY000509,ORD001529,2024-08-13 14:19:00,Debit Card,Success,17007.98
PAY000510,ORD000680,2024-08-13 21:45:00,Net Banking,Success,2524.53
PAY000511,ORD000050,2024-08-13 12:06:00,Cash on Delivery,Success,6737.82
PAY000512,ORD002461,2024-08-14 05:09:00,Debit Card,Success,32703.55
PAY000513,ORD003128,2024-08-14 01:39:00,Debit Card,Success,450.48
PAY000514,ORD000519,2024-08-14 14:44:00,Credit Card,Pending,1433.94
PAY000515,ORD002053,2024-08-14 14:03:00,UPI,Refunded,1722.92
PAY000516,ORD001434,2024-08-14 14:27:00,Net Banking,Success,217221.34
PAY000517,ORD002178,2024-08-14 15:44:00,UPI,Success,83.35
PAY000518,ORD000723,2024-08-15 09:24:00,UPI,Refunded,18387.05
PAY000519,ORD001685,2024-08-14 20:52:00,Debit Card,Success,38509.07
PAY000520,ORD002842,2024-08-15 04:58:00,Credit Card,Refunded,13989.74
PAY000521,ORD000928,2024-08-14 14:09:00,Credit Card,Success,20469.63
PAY000522,ORD002301,2024-08-15 03:51:00,Debit Card,Success,45621.8
PAY000523,ORD000433,2024-08-14 15:56:00,Credit Card,Refunded,15666.1
PAY000524,ORD003104,2024-08-15 17:14:00,Net Banking,Refunded,1049.96
PAY000525,ORD002376,2024-08-15 16:33:00,Cash on Delivery,Refunded,15203.54
PAY000526,ORD001279,2024-08-15 07:59:00,Net Banking,Success,23662.84
PAY000527,ORD002921,2024-08-15 02:09:00,Debit Card,Success,45513.92
PAY000528,ORD000984,2024-08-16 09:55:00,Credit Card,Success,56718.48
PAY000529,ORD001158,2024-08-16 04:33:00,UPI,Success,6698.58
PAY000530,ORD001031,2024-08-16 06:24:00,Credit Card,Success,34377.58
PAY000531,ORD000316,2024-08-17 01:30:00,Credit Card,Failed,450.68
PAY000532,ORD001348,2024-08-16 23:41:00,UPI,Success,1435.84
PAY000533,ORD003151,2024-08-16 19:58:00,Credit Card,Success,3514.75
PAY000534,ORD001414,2024-08-17 17:20:00,Cash on Delivery,Failed,7863.53
PAY000535,ORD002267,2024-08-18 16:13:00,Debit Card,Refunded,93648.29
PAY000536,ORD001578,2024-08-18 17:05:00,Credit Card,Success,2075.04
PAY000537,ORD001131,2024-08-17 23:19:00,Debit Card,Success,4727.11
PAY000538,ORD001543,2024-08-18 04:42:00,Credit Card,Success,97999.43
PAY000539,ORD000289,2024-08-18 18:04:00,UPI,Success,273.16
PAY000540,ORD002712,2024-08-18 19:54:00,UPI,Success,605.08
PAY000541,ORD001202,2024-08-18 13:02:00,Net Banking,Success,17192.6
PAY000542,ORD002351,2024-08-19 09:38:00,Debit Card,Pending,31352.96
PAY000543,ORD001593,2024-08-19 16:27:00,Credit Card,Pending,47051.61
PAY000544,ORD000514,2024-08-19 02:38:00,Cash on Delivery,Refunded,10476.36
PAY000545,ORD002655,2024-08-19 10:17:00,Credit Card,Success,9676.09
PAY000546,ORD000738,2024-08-19 11:30:00,Credit Card,Success,76935.65
PAY000547,ORD002742,2024-08-19 03:29:00,Credit Card,Success,4933.55
PAY000548,ORD000183,2024-08-19 16:44:00,Debit Card,Success,38395.67
PAY000549,ORD000806,2024-08-20 03:10:00,Cash on Delivery,Refunded,832.62
PAY000550,ORD001508,2024-08-20 06:31:00,UPI,Success,22732.8
PAY000551,ORD003036,2024-08-20 17:42:00,UPI,Success,32623.69
PAY000552,ORD000448,2024-08-19 21:59:00,Cash on Delivery,Success,5136.52
PAY000553,ORD002750,2024-08-20 17:09:00,Credit Card,Success,36016.67
PAY000554,ORD001620,2024-08-20 16:39:00,Cash on Delivery,Success,7498.84
PAY000555,ORD002171,2024-08-21 09:26:00,Cash on Delivery,Refunded,7137.19
PAY000556,ORD000389,2024-08-21 08:51:00,UPI,Refunded,10351.8
PAY000557,ORD001421,2024-08-21 19:57:00,UPI,Success,1852.19
PAY000558,ORD000362,2024-08-21 13:02:00,Credit Card,Failed,15335.68
PAY000559,ORD001349,2024-08-22 03:41:00,UPI,Failed,13510.87
PAY000560,ORD002184,2024-08-22 12:07:00,UPI,Success,586.22
PAY000561,ORD002825,2024-08-21 23:47:00,Cash on Delivery,Failed,5474.14
PAY000562,ORD000349,2024-08-22 05:23:00,Credit Card,Success,294.64
PAY000563,ORD000748,2024-08-22 19:39:00,UPI,Success,44424.34
PAY000564,ORD002794,2024-08-22 23:28:00,UPI,Refunded,5094.87
PAY000565,ORD000084,2024-08-23 22:11:00,Debit Card,Success,2566.6
PAY000566,ORD000950,2024-08-24 07:43:00,UPI,Success,3743.04
PAY000567,ORD000168,2024-08-24 12:04:00,Debit Card,Success,1045.14
PAY000568,ORD002687,2024-08-25 03:53:00,Credit Card,Success,6595.31
PAY000569,ORD000969,2024-08-25 10:28:00,Credit Card,Success,5234.56
PAY000570,ORD002547,2024-08-25 04:29:00,Credit Card,Refunded,6318.6
PAY000571,ORD002772,2024-08-25 01:09:00,Credit Card,Success,1300.69
PAY000572,ORD000838,2024-08-25 10:37:00,Cash on Delivery,Failed,2602.2
PAY000573,ORD001265,2024-08-26 11:45:00,Cash on Delivery,Failed,5190.35
PAY000574,ORD001030,2024-08-26 03:49:00,UPI,Success,737.53
PAY000575,ORD003112,2024-08-26 21:31:00,Debit Card,Success,4897.67
PAY000576,ORD000483,2024-08-26 14:10:00,Credit Card,Success,1823.02
PAY000577,ORD000356,2024-08-26 23:26:00,Debit Card,Pending,1633.02
PAY000578,ORD001779,2024-08-27 08:09:00,Credit Card,Failed,7362.66
PAY000579,ORD001165,2024-08-27 07:51:00,UPI,Success,5052.41
PAY000580,ORD001099,2024-08-27 06:05:00,Debit Card,Success,7044.54
PAY000581,ORD001340,2024-08-27 00:11:00,UPI,Success,32103.79
PAY000582,ORD000734,2024-08-28 01:53:00,Debit Card,Refunded,4804.05
PAY000583,ORD002710,2024-08-28 16:33:00,UPI,Success,11761.41
PAY000584,ORD002282,2024-08-29 07:07:00,Cash on Delivery,Failed,4431.85
PAY000585,ORD001989,2024-08-29 06:47:00,UPI,Success,4664.63
PAY000586,ORD000863,2024-08-29 16:12:00,Debit Card,Success,14272.05
PAY000587,ORD002805,2024-08-30 08:03:00,UPI,Success,19176.05
PAY000588,ORD002614,2024-08-30 00:45:00,Credit Card,Success,12533.6
PAY000589,ORD002146,2024-08-29 14:11:00,Credit Card,Success,2581.93
PAY000590,ORD000111,2024-08-30 02:38:00,UPI,Success,6044.71
PAY000591,ORD001768,2024-08-30 10:16:00,UPI,Refunded,10207.55
PAY000592,ORD001327,2024-08-30 04:35:00,Cash on Delivery,Refunded,76771.88
PAY000593,ORD003164,2024-08-30 12:50:00,Net Banking,Success,4889.57
PAY000594,ORD000655,2024-08-30 10:16:00,Net Banking,Success,138418.93
PAY000595,ORD000427,2024-08-31 13:27:00,Credit Card,Failed,740.01
PAY000596,ORD001671,2024-08-30 17:11:00,Net Banking,Success,15622.3
PAY000597,ORD002520,2024-08-31 09:45:00,Cash on Delivery,Success,19732.78
PAY000598,ORD000931,2024-08-31 03:18:00,UPI,Failed,2257.39
PAY000599,ORD001320,2024-09-01 08:18:00,Cash on Delivery,Failed,21697.27
PAY000600,ORD002569,2024-09-01 10:35:00,UPI,Refunded,37643.67
PAY000601,ORD002274,2024-08-31 09:16:00,Net Banking,Refunded,24285.01
PAY000602,ORD001227,2024-08-31 19:34:00,UPI,Success,361.33
PAY000603,ORD002043,2024-08-31 22:20:00,Debit Card,Refunded,12789.38
PAY000604,ORD001046,2024-08-31 23:51:00,Cash on Delivery,Refunded,88042.78
PAY000605,ORD001155,2024-09-01 04:07:00,UPI,Refunded,3084.77
PAY000606,ORD001995,2024-09-01 03:55:00,UPI,Success,50432.87
PAY000607,ORD001928,2024-09-01 06:29:00,UPI,Refunded,375.11
PAY000608,ORD001728,2024-09-01 18:07:00,Credit Card,Success,5913.5
PAY000609,ORD000163,2024-09-02 00:15:00,UPI,Success,329.94
PAY000610,ORD001979,2024-09-01 21:23:00,UPI,Success,35059.28
PAY000611,ORD003131,2024-09-02 09:33:00,Net Banking,Refunded,3846.67
PAY000612,ORD002196,2024-09-01 16:41:00,Credit Card,Refunded,3691.91
PAY000613,ORD001665,2024-09-02 08:27:00,UPI,Success,25284.81
PAY000614,ORD002409,2024-09-02 17:35:00,UPI,Failed,13985.94
PAY000615,ORD001065,2024-09-02 18:38:00,Net Banking,Success,15847.91
PAY000616,ORD000224,2024-09-03 00:20:00,UPI,Success,2406.09
PAY000617,ORD001560,2024-09-03 12:42:00,UPI,Success,14590.35
PAY000618,ORD002190,2024-09-03 10:42:00,UPI,Success,3172.56
PAY000619,ORD000348,2024-09-04 02:47:00,Debit Card,Success,40460.43
PAY000620,ORD000303,2024-09-03 11:35:00,UPI,Success,5595.62
PAY000621,ORD001033,2024-09-04 05:07:00,Debit Card,Failed,22772.2
PAY000622,ORD001905,2024-09-04 05:03:00,UPI,Success,7004.74
PAY000623,ORD002357,2024-09-03 23:50:00,Debit Card,Success,7365.25
PAY000624,ORD000964,2024-09-04 01:09:00,Credit Card,Failed,147330.64
PAY000625,ORD003153,2024-09-05 11:59:00,Credit Card,Refunded,32924.87
PAY000626,ORD001239,2024-09-04 11:31:00,Net Banking,Success,2279.44
PAY000627,ORD000835,2024-09-05 04:40:00,UPI,Success,42657.42
PAY000628,ORD001708,2024-09-04 22:58:00,UPI,Refunded,9183.63
PAY000629,ORD000079,2024-09-04 17:39:00,Credit Card,Success,7083.79
PAY000630,ORD001974,2024-09-05 09:20:00,Debit Card,Success,21140.07
PAY000631,ORD000121,2024-09-04 23:05:00,Debit Card,Success,15041.26
PAY000632,ORD000939,2024-09-05 00:44:00,Net Banking,Refunded,5225.89
PAY000633,ORD001946,2024-09-05 19:21:00,Credit Card,Success,4569.15
PAY000634,ORD001805,2024-09-06 03:55:00,Credit Card,Success,47422.05
PAY000635,ORD003040,2024-09-05 19:43:00,Net Banking,Pending,18376.56
PAY000636,ORD002620,2024-09-06 02:58:00,UPI,Success,30822.12
PAY000637,ORD002465,2024-09-06 03:41:00,Debit Card,Success,5233.32
PAY000638,ORD003126,2024-09-06 20:18:00,UPI,Success,1806.1
PAY000639,ORD000724,2024-09-07 02:43:00,Net Banking,Failed,30356.49
PAY000640,ORD000568,2024-09-06 18:52:00,Net Banking,Success,5287.03
PAY000641,ORD000231,2024-09-07 10:19:00,Debit Card,Refunded,2704.31
PAY000642,ORD000105,2024-09-07 17:52:00,UPI,Success,13301.0
PAY000643,ORD002789,2024-09-07 14:43:00,Credit Card,Pending,59820.56
PAY000644,ORD002951,2024-09-07 20:26:00,Net Banking,Success,7816.32
PAY000645,ORD001105,2024-09-08 02:25:00,Credit Card,Success,7497.95
PAY000646,ORD001702,2024-09-07 13:35:00,Debit Card,Success,22278.0
PAY000647,ORD002993,2024-09-08 07:26:00,Debit Card,Success,6643.06
PAY000648,ORD001150,2024-09-08 00:24:00,Debit Card,Failed,28016.83
PAY000649,ORD001007,2024-09-08 16:45:00,UPI,Success,497.53
PAY000650,ORD001449,2024-09-08 15:11:00,UPI,Success,34011.18
PAY000651,ORD002583,2024-09-07 22:07:00,UPI,Failed,2691.14
PAY000652,ORD000892,2024-09-08 15:44:00,Cash on Delivery,Success,6740.62
PAY000653,ORD001015,2024-09-09 01:39:00,UPI,Success,7576.75
PAY000654,ORD000089,2024-09-09 11:08:00,UPI,Success,12571.24
PAY000655,ORD001336,2024-09-08 17:43:00,UPI,Success,2833.83
PAY000656,ORD001117,2024-09-09 03:44:00,Debit Card,Success,957.19
PAY000657,ORD001933,2024-09-10 13:29:00,Net Banking,Refunded,3566.45
PAY000658,ORD000006,2024-09-10 06:38:00,Cash on Delivery,Success,13984.32
PAY000659,ORD001645,2024-09-10 02:03:00,Debit Card,Refunded,82.99
PAY000660,ORD003184,2024-09-09 22:54:00,UPI,Success,51252.01
PAY000661,ORD001104,2024-09-10 15:55:00,UPI,Refunded,1670.63
PAY000662,ORD001603,2024-09-11 13:05:00,Credit Card,Success,33976.43
PAY000663,ORD000681,2024-09-10 23:33:00,Debit Card,Success,20517.52
PAY000664,ORD001993,2024-09-11 15:26:00,Net Banking,Success,9796.13
PAY000665,ORD002277,2024-09-11 07:41:00,UPI,Success,3400.83
PAY000666,ORD000773,2024-09-11 00:10:00,UPI,Refunded,3940.96
PAY000667,ORD000324,2024-09-11 08:53:00,UPI,Success,4934.53
PAY000668,ORD002198,2024-09-12 11:18:00,Credit Card,Failed,16801.68
PAY000669,ORD001444,2024-09-11 21:52:00,UPI,Refunded,55116.08
PAY000670,ORD001951,2024-09-11 22:34:00,Credit Card,Success,2300.64
PAY000671,ORD001595,2024-09-11 15:45:00,Debit Card,Success,40893.36
PAY000672,ORD003110,2024-09-12 11:39:00,UPI,Success,38274.98
PAY000673,ORD002839,2024-09-12 07:46:00,Net Banking,Refunded,2487.76
PAY000674,ORD002419,2024-09-12 15:48:00,Cash on Delivery,Success,16031.8
PAY000675,ORD000276,2024-09-13 05:23:00,UPI,Failed,11744.06
PAY000676,ORD001432,2024-09-13 05:27:00,Cash on Delivery,Refunded,3982.67
PAY000677,ORD001477,2024-09-12 10:19:00,Credit Card,Refunded,1915.57
PAY000678,ORD002974,2024-09-13 13:24:00,Credit Card,Refunded,43171.35
PAY000679,ORD003117,2024-09-13 01:41:00,UPI,Success,1983.83
PAY000680,ORD000422,2024-09-13 01:15:00,Cash on Delivery,Success,21156.49
PAY000681,ORD001351,2024-09-13 16:35:00,UPI,Success,13637.67
PAY000682,ORD001242,2024-09-13 20:02:00,UPI,Success,2791.6
PAY000683,ORD002887,2024-09-13 23:51:00,UPI,Refunded,94765.17
PAY000684,ORD002797,2024-09-14 11:29:00,Cash on Delivery,Success,60012.8
PAY000685,ORD000807,2024-09-14 10:53:00,UPI,Success,37194.43
PAY000686,ORD002513,2024-09-14 15:57:00,Debit Card,Pending,10718.44
PAY000687,ORD002785,2024-09-13 23:24:00,Debit Card,Success,30450.1
PAY000688,ORD000444,2024-09-15 08:31:00,UPI,Success,4175.11
PAY000689,ORD002147,2024-09-15 08:12:00,Cash on Delivery,Success,10085.76
PAY000690,ORD003196,2024-09-15 03:40:00,UPI,Success,1012.66
PAY000691,ORD001009,2024-09-15 08:02:00,UPI,Pending,50741.75
PAY000692,ORD002145,2024-09-15 14:41:00,UPI,Success,10977.85
PAY000693,ORD002619,2024-09-14 23:09:00,UPI,Success,8701.91
PAY000694,ORD002914,2024-09-15 12:41:00,UPI,Success,42228.03
PAY000695,ORD002591,2024-09-14 23:57:00,Debit Card,Success,42793.83
PAY000696,ORD000215,2024-09-15 17:31:00,UPI,Success,16226.05
PAY000697,ORD001237,2024-09-16 03:47:00,UPI,Success,199223.68
PAY000698,ORD001747,2024-09-16 18:10:00,UPI,Success,54844.79
PAY000699,ORD001243,2024-09-16 15:46:00,Credit Card,Success,28545.83
PAY000700,ORD000242,2024-09-16 13:12:00,Credit Card,Failed,5975.07
PAY000701,ORD002373,2024-09-17 01:42:00,Cash on Delivery,Failed,5405.34
PAY000702,ORD000179,2024-09-17 11:03:00,UPI,Success,40677.72
PAY000703,ORD000363,2024-09-16 14:45:00,Debit Card,Success,13334.64
PAY000704,ORD000585,2024-09-17 00:47:00,Credit Card,Refunded,4653.7
PAY000705,ORD000819,2024-09-17 16:31:00,UPI,Success,36985.99
PAY000706,ORD000717,2024-09-17 15:51:00,Net Banking,Success,434.33
PAY000707,ORD001463,2024-09-17 22:25:00,UPI,Success,38650.96
PAY000708,ORD002821,2024-09-18 08:16:00,UPI,Refunded,29782.73
PAY000709,ORD000893,2024-09-17 23:35:00,UPI,Refunded,3734.43
PAY000710,ORD002699,2024-09-18 16:37:00,UPI,Success,4156.14
PAY000711,ORD002983,2024-09-18 19:49:00,Credit Card,Success,98.04
PAY000712,ORD001749,2024-09-19 00:57:00,UPI,Refunded,3087.41
PAY000713,ORD002753,2024-09-19 14:42:00,UPI,Success,247.74
PAY000714,ORD000176,2024-09-18 23:37:00,Debit Card,Refunded,11274.47
PAY000715,ORD000463,2024-09-18 20:17:00,UPI,Success,397.78
PAY000716,ORD003095,2024-09-19 03:54:00,UPI,Success,1653.89
PAY000717,ORD003007,2024-09-18 20:28:00,Credit Card,Pending,23247.05
PAY000718,ORD002382,2024-09-20 04:34:00,Cash on Delivery,Refunded,35634.5
PAY000719,ORD000022,2024-09-19 21:57:00,Cash on Delivery,Success,7599.72
PAY000720,ORD000535,2024-09-20 08:28:00,UPI,Success,8361.1
PAY000721,ORD001759,2024-09-20 14:56:00,Net Banking,Success,57121.79
PAY000722,ORD002209,2024-09-21 03:09:00,UPI,Refunded,25107.49
PAY000723,ORD002923,2024-09-22 03:01:00,UPI,Success,11351.57
PAY000724,ORD000721,2024-09-22 15:43:00,Debit Card,Success,10384.27
PAY000725,ORD000990,2024-09-21 22:52:00,Cash on Delivery,Success,9158.85
PAY000726,ORD002487,2024-09-22 13:00:00,Debit Card,Success,2876.22
PAY000727,ORD000314,2024-09-23 04:13:00,Debit Card,Success,18273.77
PAY000728,ORD001129,2024-09-23 11:12:00,Credit Card,Success,19988.57
PAY000729,ORD001963,2024-09-23 10:45:00,Credit Card,Success,15801.99
PAY000730,ORD001940,2024-09-24 07:12:00,UPI,Success,1941.29
PAY000731,ORD000169,2024-09-24 03:16:00,UPI,Success,28793.85
PAY000732,ORD002838,2024-09-24 05:11:00,Credit Card,Refunded,11296.38
PAY000733,ORD001943,2024-09-23 15:01:00,Credit Card,Success,2535.91
PAY000734,ORD001854,2024-09-23 23:15:00,Cash on Delivery,Failed,10472.56
PAY000735,ORD002384,2024-09-24 18:09:00,UPI,Success,7687.44
PAY000736,ORD003167,2024-09-24 08:42:00,UPI,Success,10680.61
PAY000737,ORD000020,2024-09-24 08:24:00,Cash on Delivery,Success,6809.25
PAY000738,ORD002848,2024-09-24 22:46:00,UPI,Success,11989.99
PAY000739,ORD003152,2024-09-24 22:50:00,Credit Card,Success,6989.3
PAY000740,ORD001878,2024-09-25 02:08:00,UPI,Failed,3754.01
PAY000741,ORD000321,2024-09-24 14:48:00,Cash on Delivery,Refunded,15349.57
PAY000742,ORD000522,2024-09-24 23:13:00,Credit Card,Refunded,12987.59
PAY000743,ORD000265,2024-09-25 06:20:00,Credit Card,Success,4582.48
PAY000744,ORD000647,2024-09-26 00:11:00,Credit Card,Success,4411.24
PAY000745,ORD002648,2024-09-25 22:29:00,Credit Card,Success,42441.63
PAY000746,ORD002535,2024-09-25 16:48:00,Cash on Delivery,Success,168184.36
PAY000747,ORD001479,2024-09-26 03:31:00,UPI,Success,77960.6
PAY000748,ORD001524,2024-09-26 15:47:00,UPI,Success,5016.51
PAY000749,ORD000055,2024-09-27 10:32:00,Net Banking,Success,3687.31
PAY000750,ORD000916,2024-09-27 02:05:00,Debit Card,Success,3499.68
PAY000751,ORD003145,2024-09-27 19:12:00,Credit Card,Success,10832.09
PAY000752,ORD001525,2024-09-27 03:34:00,UPI,Refunded,10381.13
PAY000753,ORD002036,2024-09-27 21:48:00,UPI,Success,5029.68
PAY000754,ORD000386,2024-09-28 05:41:00,Net Banking,Refunded,4210.57
PAY000755,ORD002557,2024-09-28 17:13:00,Cash on Delivery,Success,12500.45
PAY000756,ORD002812,2024-09-28 11:43:00,UPI,Refunded,1513.23
PAY000757,ORD001062,2024-09-28 04:50:00,UPI,Success,4715.81
PAY000758,ORD001207,2024-09-28 15:57:00,Net Banking,Success,67753.12
PAY000759,ORD000371,2024-09-29 03:54:00,Credit Card,Success,12094.31
PAY000760,ORD002238,2024-09-29 04:31:00,UPI,Success,37130.08
PAY000761,ORD000758,2024-09-29 22:26:00,Debit Card,Success,34756.78
PAY000762,ORD000974,2024-09-29 19:14:00,Cash on Delivery,Failed,15896.7
PAY000763,ORD001778,2024-09-30 05:52:00,UPI,Pending,1528.03
PAY000764,ORD001824,2024-09-30 01:49:00,Credit Card,Success,44291.17
PAY000765,ORD002562,2024-09-30 15:13:00,UPI,Refunded,783.28
PAY000766,ORD000919,2024-09-30 18:36:00,Net Banking,Success,7533.08
PAY000767,ORD001683,2024-09-30 15:43:00,UPI,Success,2669.08
PAY000768,ORD000232,2024-10-01 09:13:00,UPI,Success,29.29
PAY000769,ORD001017,2024-09-30 08:38:00,UPI,Success,88923.84
PAY000770,ORD001230,2024-09-30 14:25:00,Credit Card,Success,975.44
PAY000771,ORD002070,2024-09-30 23:41:00,UPI,Refunded,15117.93
PAY000772,ORD003079,2024-10-01 12:34:00,UPI,Success,1272.9
PAY000773,ORD001246,2024-10-01 02:14:00,UPI,Success,6091.94
PAY000774,ORD002529,2024-10-01 07:19:00,Debit Card,Success,3756.24
PAY000775,ORD002286,2024-10-01 23:24:00,Debit Card,Success,1461.54
PAY000776,ORD001319,2024-10-01 14:24:00,Cash on Delivery,Refunded,11002.24
PAY000777,ORD001602,2024-10-02 04:23:00,UPI,Refunded,3016.51
PAY000778,ORD003018,2024-10-01 17:48:00,UPI,Success,74.5
PAY000779,ORD001317,2024-10-02 07:11:00,Net Banking,Success,1368.15
PAY000780,ORD000740,2024-10-02 08:11:00,Debit Card,Success,4018.42
PAY000781,ORD002040,2024-10-02 17:29:00,UPI,Success,58916.73
PAY000782,ORD002095,2024-10-02 02:46:00,UPI,Success,10903.99
PAY000783,ORD002433,2024-10-02 00:05:00,Credit Card,Success,13390.03
PAY000784,ORD002489,2024-10-01 21:11:00,UPI,Success,42968.2
PAY000785,ORD001549,2024-10-02 11:20:00,Credit Card,Success,2218.93
PAY000786,ORD001219,2024-10-03 09:02:00,UPI,Success,78859.38
PAY000787,ORD001832,2024-10-03 11:17:00,Credit Card,Success,36329.55
PAY000788,ORD001803,2024-10-03 04:48:00,Debit Card,Success,22602.62
PAY000789,ORD000123,2024-10-02 15:20:00,Debit Card,Refunded,9760.02
PAY000790,ORD000802,2024-10-03 12:48:00,Debit Card,Success,38574.12
PAY000791,ORD001693,2024-10-03 03:15:00,UPI,Success,2801.36
PAY000792,ORD000124,2024-10-02 22:54:00,UPI,Pending,937.73
PAY000793,ORD002016,2024-10-03 16:13:00,UPI,Success,5921.07
PAY000794,ORD000364,2024-10-03 01:29:00,UPI,Failed,49752.33
PAY000795,ORD003077,2024-10-03 23:22:00,Net Banking,Pending,10160.99
PAY000796,ORD002720,2024-10-04 04:30:00,Credit Card,Refunded,106544.63
PAY000797,ORD000065,2024-10-04 09:51:00,UPI,Refunded,2351.94
PAY000798,ORD002836,2024-10-04 14:32:00,Debit Card,Success,822.94
PAY000799,ORD003103,2024-10-04 07:48:00,Credit Card,Failed,1058.57
PAY000800,ORD001825,2024-10-04 01:43:00,UPI,Success,72345.63
PAY000801,ORD002826,2024-10-03 23:30:00,Debit Card,Success,1825.18
PAY000802,ORD000650,2024-10-03 15:43:00,Debit Card,Success,9031.64
PAY000803,ORD000883,2024-10-03 20:59:00,UPI,Success,3515.76
PAY000804,ORD001512,2024-10-04 14:13:00,UPI,Success,15065.1
PAY000805,ORD001085,2024-10-04 05:20:00,Credit Card,Pending,70223.31
PAY000806,ORD001392,2024-10-04 00:29:00,Cash on Delivery,Refunded,13328.86
PAY000807,ORD001361,2024-10-04 02:45:00,Debit Card,Success,12556.6
PAY000808,ORD002253,2024-10-04 11:53:00,UPI,Refunded,10081.44
PAY000809,ORD001796,2024-10-04 16:26:00,Debit Card,Success,97.0
PAY000810,ORD002088,2024-10-04 05:28:00,UPI,Success,282.3
PAY000811,ORD002596,2024-10-04 08:02:00,Credit Card,Failed,241.86
PAY000812,ORD000498,2024-10-04 04:42:00,Cash on Delivery,Success,1777.86
PAY000813,ORD000098,2024-10-04 07:49:00,Debit Card,Success,1873.32
PAY000814,ORD002544,2024-10-04 22:06:00,Credit Card,Success,44114.44
PAY000815,ORD001766,2024-10-04 07:49:00,UPI,Success,6135.71
PAY000816,ORD002765,2024-10-04 21:33:00,UPI,Success,5541.8
PAY000817,ORD001587,2024-10-04 23:59:00,UPI,Success,2235.45
PAY000818,ORD000322,2024-10-04 23:42:00,Net Banking,Success,4361.85
PAY000819,ORD000619,2024-10-05 06:46:00,Credit Card,Success,8470.0
PAY000820,ORD002676,2024-10-04 13:38:00,UPI,Success,1885.36
PAY000821,ORD002325,2024-10-05 15:13:00,Cash on Delivery,Success,3884.96
PAY000822,ORD002385,2024-10-04 16:35:00,Cash on Delivery,Refunded,8686.28
PAY000823,ORD001641,2024-10-05 09:40:00,UPI,Success,755.62
PAY000824,ORD000194,2024-10-04 18:00:00,UPI,Success,3513.99
PAY000825,ORD002845,2024-10-05 15:16:00,Credit Card,Success,129905.97
PAY000826,ORD000479,2024-10-05 13:43:00,UPI,Failed,2063.25
PAY000827,ORD002186,2024-10-05 08:44:00,Net Banking,Success,2925.88
PAY000828,ORD002618,2024-10-06 09:27:00,Net Banking,Success,4182.18
PAY000829,ORD001184,2024-10-05 12:03:00,UPI,Success,38017.28
PAY000830,ORD000451,2024-10-05 16:05:00,Cash on Delivery,Pending,15987.38
PAY000831,ORD002381,2024-10-05 16:45:00,UPI,Success,29783.59
PAY000832,ORD002425,2024-10-05 14:10:00,UPI,Success,2278.13
PAY000833,ORD002659,2024-10-06 09:37:00,UPI,Success,7747.3
PAY000834,ORD000591,2024-10-06 12:50:00,UPI,Success,4347.57
PAY000835,ORD002860,2024-10-06 11:28:00,Debit Card,Failed,5005.58
PAY000836,ORD002438,2024-10-05 21:52:00,Cash on Delivery,Failed,2701.58
PAY000837,ORD002244,2024-10-06 13:42:00,Cash on Delivery,Success,2183.73
PAY000838,ORD000989,2024-10-06 05:02:00,Cash on Delivery,Success,3329.74
PAY000839,ORD000148,2024-10-05 21:52:00,Credit Card,Pending,1337.49
PAY000840,ORD000116,2024-10-06 13:08:00,UPI,Success,13181.5
PAY000841,ORD001192,2024-10-06 03:27:00,UPI,Refunded,6053.55
PAY000842,ORD001395,2024-10-06 01:52:00,Debit Card,Success,12788.49
PAY000843,ORD001071,2024-10-06 14:49:00,Cash on Delivery,Success,3180.55
PAY000844,ORD000243,2024-10-07 10:05:00,UPI,Success,19871.93
PAY000845,ORD000239,2024-10-06 20:12:00,Cash on Delivery,Failed,5537.83
PAY000846,ORD002874,2024-10-06 16:03:00,Credit Card,Refunded,7046.18
PAY000847,ORD002442,2024-10-07 08:06:00,Debit Card,Success,1388.47
PAY000848,ORD001520,2024-10-07 01:39:00,Debit Card,Success,5471.35
PAY000849,ORD001942,2024-10-06 19:54:00,Credit Card,Success,9581.51
PAY000850,ORD002377,2024-10-07 05:17:00,Cash on Delivery,Success,17085.21
PAY000851,ORD002936,2024-10-06 20:03:00,Net Banking,Success,20283.21
PAY000852,ORD001247,2024-10-08 07:31:00,UPI,Refunded,4163.17
PAY000853,ORD001732,2024-10-07 12:46:00,UPI,Success,12556.15
PAY000854,ORD001362,2024-10-08 00:09:00,Cash on Delivery,Success,7595.04
PAY000855,ORD001378,2024-10-08 14:12:00,Credit Card,Success,2149.99
PAY000856,ORD002091,2024-10-08 14:41:00,Cash on Delivery,Success,9804.26
PAY000857,ORD003105,2024-10-08 13:49:00,Net Banking,Success,1554.03
PAY000858,ORD003100,2024-10-08 10:17:00,Cash on Delivery,Success,15524.32
PAY000859,ORD001819,2024-10-08 04:02:00,Cash on Delivery,Success,21834.37
PAY000860,ORD002006,2024-10-08 14:28:00,UPI,Refunded,5142.95
PAY000861,ORD002206,2024-10-08 11:37:00,UPI,Success,5168.78
PAY000862,ORD000035,2024-10-08 04:31:00,Credit Card,Refunded,877.22
PAY000863,ORD001404,2024-10-08 05:43:00,Cash on Delivery,Success,7386.28
PAY000864,ORD000507,2024-10-08 05:53:00,Debit Card,Refunded,16729.65
PAY000865,ORD001393,2024-10-08 08:08:00,Debit Card,Failed,1369.26
PAY000866,ORD001565,2024-10-08 04:52:00,UPI,Pending,29295.69
PAY000867,ORD002063,2024-10-08 09:26:00,Cash on Delivery,Success,44892.94
PAY000868,ORD002748,2024-10-08 22:36:00,Credit Card,Refunded,19318.82
PAY000869,ORD000873,2024-10-08 20:46:00,Credit Card,Success,950.38
PAY000870,ORD000315,2024-10-08 23:30:00,Credit Card,Success,48390.54
PAY000871,ORD001402,2024-10-09 08:38:00,Cash on Delivery,Success,609.43
PAY000872,ORD001715,2024-10-08 23:11:00,UPI,Success,18288.0
PAY000873,ORD002623,2024-10-09 11:15:00,Credit Card,Refunded,2372.94
PAY000874,ORD002695,2024-10-09 08:04:00,UPI,Success,16527.85
PAY000875,ORD000241,2024-10-08 12:58:00,Credit Card,Success,6530.76
PAY000876,ORD001410,2024-10-09 10:03:00,UPI,Success,23638.73
PAY000877,ORD001659,2024-10-08 19:05:00,UPI,Success,29008.04
PAY000878,ORD000801,2024-10-09 03:34:00,Debit Card,Success,23343.02
PAY000879,ORD000090,2024-10-09 01:39:00,UPI,Success,1207.56
PAY000880,ORD001786,2024-10-09 03:46:00,UPI,Success,32550.19
PAY000881,ORD002685,2024-10-09 10:03:00,UPI,Success,833.47
PAY000882,ORD001563,2024-10-09 12:15:00,Debit Card,Success,4199.82
PAY000883,ORD002491,2024-10-09 11:29:00,Credit Card,Success,1396.61
PAY000884,ORD000135,2024-10-09 03:41:00,Debit Card,Success,6961.29
PAY000885,ORD000238,2024-10-09 09:53:00,Credit Card,Pending,8859.69
PAY000886,ORD002903,2024-10-09 11:37:00,Credit Card,Success,6748.84
PAY000887,ORD000607,2024-10-10 04:57:00,UPI,Success,30790.65
PAY000888,ORD002458,2024-10-10 02:20:00,Debit Card,Success,11822.15
PAY000889,ORD002472,2024-10-09 23:58:00,Debit Card,Success,2267.88
PAY000890,ORD001795,2024-10-10 00:01:00,Net Banking,Success,5733.22
PAY000891,ORD001919,2024-10-10 12:41:00,UPI,Success,3841.67
PAY000892,ORD002942,2024-10-10 13:17:00,UPI,Success,6507.51
PAY000893,ORD002134,2024-10-10 14:05:00,UPI,Success,111200.89
PAY000894,ORD002328,2024-10-10 19:39:00,Cash on Delivery,Success,22748.96
PAY000895,ORD002050,2024-10-10 19:43:00,Debit Card,Failed,22578.0
PAY000896,ORD000355,2024-10-10 11:12:00,UPI,Success,8960.23
PAY000897,ORD001177,2024-10-11 00:31:00,UPI,Success,21934.22
PAY000898,ORD000319,2024-10-11 01:02:00,Cash on Delivery,Success,17597.77
PAY000899,ORD001053,2024-10-11 03:01:00,Net Banking,Success,3497.82
PAY000900,ORD000695,2024-10-11 09:45:00,UPI,Success,3307.24
PAY000901,ORD002782,2024-10-11 13:12:00,Credit Card,Success,30084.73
PAY000902,ORD000081,2024-10-11 01:43:00,Credit Card,Failed,22892.42
PAY000903,ORD002177,2024-10-11 17:59:00,UPI,Success,1617.91
PAY000904,ORD001695,2024-10-11 15:06:00,Debit Card,Refunded,74286.31
PAY000905,ORD002528,2024-10-12 03:51:00,Debit Card,Success,6269.03
PAY000906,ORD002645,2024-10-11 20:14:00,Debit Card,Success,2077.86
PAY000907,ORD002199,2024-10-12 01:47:00,Cash on Delivery,Refunded,2221.64
PAY000908,ORD000756,2024-10-11 18:12:00,Net Banking,Success,68.51
PAY000909,ORD000405,2024-10-12 07:03:00,Debit Card,Refunded,8175.18
PAY000910,ORD002714,2024-10-12 05:55:00,Debit Card,Refunded,8532.25
PAY000911,ORD001293,2024-10-12 17:22:00,UPI,Success,8479.77
PAY000912,ORD001478,2024-10-12 08:04:00,Cash on Delivery,Failed,31367.36
PAY000913,ORD003186,2024-10-12 05:34:00,Cash on Delivery,Success,13649.64
PAY000914,ORD000789,2024-10-13 10:08:00,UPI,Success,14985.91
PAY000915,ORD001179,2024-10-12 17:38:00,Net Banking,Success,6055.86
PAY000916,ORD000074,2024-10-12 23:48:00,Net Banking,Refunded,2778.44
PAY000917,ORD001079,2024-10-13 13:59:00,UPI,Success,7826.24
PAY000918,ORD002004,2024-10-13 05:13:00,Credit Card,Success,20645.26
PAY000919,ORD002127,2024-10-13 08:02:00,UPI,Success,2303.6
PAY000920,ORD001345,2024-10-13 11:22:00,UPI,Success,4601.81
PAY000921,ORD000357,2024-10-13 11:55:00,Debit Card,Success,5492.49
PAY000922,ORD001876,2024-10-13 16:43:00,UPI,Failed,16278.23
PAY000923,ORD001891,2024-10-13 11:14:00,UPI,Failed,1808.83
PAY000924,ORD003037,2024-10-13 09:05:00,Cash on Delivery,Pending,5495.78
PAY000925,ORD002195,2024-10-13 07:45:00,UPI,Pending,67761.08
PAY000926,ORD001672,2024-10-13 12:05:00,UPI,Success,6341.85
PAY000927,ORD002540,2024-10-14 09:05:00,Cash on Delivery,Refunded,7603.53
PAY000928,ORD001495,2024-10-14 03:22:00,Cash on Delivery,Pending,404.84
PAY000929,ORD000940,2024-10-14 05:41:00,Net Banking,Success,12261.77
PAY000930,ORD000816,2024-10-13 21:01:00,Debit Card,Success,3986.45
PAY000931,ORD000304,2024-10-14 03:57:00,UPI,Success,35461.06
PAY000932,ORD002960,2024-10-14 09:16:00,UPI,Success,14385.3
PAY000933,ORD002174,2024-10-14 14:20:00,Cash on Delivery,Refunded,51992.24
PAY000934,ORD002778,2024-10-14 01:00:00,Credit Card,Success,26672.24
PAY000935,ORD001874,2024-10-14 00:17:00,UPI,Refunded,10612.99
PAY000936,ORD002717,2024-10-14 07:36:00,Debit Card,Refunded,33925.11
PAY000937,ORD002561,2024-10-14 07:45:00,Cash on Delivery,Success,3710.21
PAY000938,ORD001241,2024-10-13 21:51:00,Net Banking,Success,9915.31
PAY000939,ORD000370,2024-10-14 18:10:00,Credit Card,Refunded,15580.73
PAY000940,ORD001359,2024-10-14 14:02:00,Credit Card,Success,23717.32
PAY000941,ORD000142,2024-10-15 10:37:00,UPI,Success,15133.27
PAY000942,ORD003089,2024-10-14 20:52:00,Debit Card,Pending,13220.63
PAY000943,ORD001947,2024-10-15 03:23:00,UPI,Success,38901.33
PAY000944,ORD001153,2024-10-15 10:26:00,UPI,Success,701.72
PAY000945,ORD003165,2024-10-14 18:57:00,UPI,Success,16681.82
PAY000946,ORD000602,2024-10-15 13:48:00,UPI,Success,328.95
PAY000947,ORD000449,2024-10-15 15:00:00,UPI,Refunded,22783.43
PAY000948,ORD000594,2024-10-15 18:35:00,UPI,Success,28118.39
PAY000949,ORD002698,2024-10-16 09:08:00,UPI,Success,39100.83
PAY000950,ORD000573,2024-10-16 02:13:00,UPI,Refunded,38391.66
PAY000951,ORD003166,2024-10-15 22:01:00,Cash on Delivery,Success,3307.51
PAY000952,ORD001598,2024-10-16 13:38:00,UPI,Success,36816.05
PAY000953,ORD001826,2024-10-16 03:11:00,UPI,Success,6492.3
PAY000954,ORD000036,2024-10-15 21:24:00,UPI,Success,2743.09
PAY000955,ORD000606,2024-10-16 14:15:00,Net Banking,Success,32247.55
PAY000956,ORD001254,2024-10-15 21:12:00,Net Banking,Success,148.1
PAY000957,ORD003084,2024-10-16 03:33:00,Debit Card,Success,14246.58
PAY000958,ORD000737,2024-10-16 03:54:00,Cash on Delivery,Success,17464.78
PAY000959,ORD001746,2024-10-16 13:21:00,UPI,Success,7280.79
PAY000960,ORD001409,2024-10-16 22:23:00,Credit Card,Success,11548.77
PAY000961,ORD001130,2024-10-17 10:19:00,Credit Card,Refunded,1935.17
PAY000962,ORD000927,2024-10-16 15:02:00,Debit Card,Success,4900.5
PAY000963,ORD000553,2024-10-17 08:03:00,UPI,Success,4559.68
PAY000964,ORD001156,2024-10-17 12:05:00,UPI,Success,1760.99
PAY000965,ORD002625,2024-10-17 13:49:00,UPI,Success,9105.81
PAY000966,ORD000094,2024-10-17 15:28:00,Debit Card,Success,9597.01
PAY000967,ORD000965,2024-10-17 20:10:00,UPI,Success,24095.46
PAY000968,ORD001637,2024-10-17 19:18:00,Debit Card,Failed,8584.53
PAY000969,ORD002872,2024-10-17 13:36:00,Debit Card,Success,9477.66
PAY000970,ORD000019,2024-10-18 05:38:00,Cash on Delivery,Refunded,12155.08
PAY000971,ORD001793,2024-10-18 07:02:00,UPI,Success,71407.55
PAY000972,ORD001889,2024-10-18 00:00:00,Debit Card,Success,7824.5
PAY000973,ORD002096,2024-10-18 16:33:00,UPI,Success,13049.5
PAY000974,ORD002958,2024-10-18 00:55:00,Credit Card,Success,10034.05
PAY000975,ORD001253,2024-10-18 01:51:00,Credit Card,Refunded,65.05
PAY000976,ORD001923,2024-10-17 21:43:00,Net Banking,Success,23562.32
PAY000977,ORD000466,2024-10-17 19:03:00,Credit Card,Success,49320.83
PAY000978,ORD001367,2024-10-18 15:18:00,Net Banking,Success,1702.93
PAY000979,ORD002543,2024-10-18 07:52:00,UPI,Success,1431.36
PAY000980,ORD002139,2024-10-17 20:55:00,Credit Card,Success,11227.49
PAY000981,ORD001368,2024-10-18 19:36:00,UPI,Failed,3417.8
PAY000982,ORD001586,2024-10-18 21:36:00,Cash on Delivery,Success,1124.9
PAY000983,ORD000631,2024-10-19 08:47:00,Net Banking,Pending,19462.85
PAY000984,ORD002323,2024-10-19 06:19:00,UPI,Success,463.62
PAY000985,ORD002188,2024-10-18 14:57:00,Net Banking,Success,52338.13
PAY000986,ORD000512,2024-10-19 10:49:00,UPI,Success,2485.02
PAY000987,ORD001120,2024-10-18 17:29:00,UPI,Success,4248.57
PAY000988,ORD000070,2024-10-19 20:11:00,UPI,Success,8097.58
PAY000989,ORD002966,2024-10-19 00:27:00,Debit Card,Success,9473.37
PAY000990,ORD000528,2024-10-19 07:57:00,Cash on Delivery,Success,1032.05
PAY000991,ORD001544,2024-10-19 09:46:00,Debit Card,Success,21623.18
PAY000992,ORD002031,2024-10-19 23:15:00,Debit Card,Success,377.98
PAY000993,ORD001357,2024-10-19 19:53:00,Cash on Delivery,Failed,92967.3
PAY000994,ORD003086,2024-10-19 15:01:00,UPI,Success,19329.17
PAY000995,ORD001486,2024-10-20 07:56:00,UPI,Failed,3228.85
PAY000996,ORD002902,2024-10-19 13:27:00,UPI,Success,10212.13
PAY000997,ORD000063,2024-10-20 12:30:00,Debit Card,Success,4545.2
PAY000998,ORD001306,2024-10-19 17:02:00,UPI,Success,69381.08
PAY000999,ORD000153,2024-10-20 11:55:00,UPI,Failed,1691.37
PAY001000,ORD001959,2024-10-20 16:04:00,Credit Card,Success,14587.9
PAY001001,ORD000157,2024-10-20 07:05:00,Net Banking,Success,7059.49
PAY001002,ORD002678,2024-10-20 18:50:00,UPI,Refunded,10819.05
PAY001003,ORD001096,2024-10-19 21:53:00,Cash on Delivery,Failed,3534.16
PAY001004,ORD001652,2024-10-20 21:27:00,UPI,Pending,15728.0
PAY001005,ORD001389,2024-10-20 17:33:00,Cash on Delivery,Success,11944.49
PAY001006,ORD001892,2024-10-21 10:58:00,UPI,Success,4405.94
PAY001007,ORD000960,2024-10-21 01:13:00,Cash on Delivery,Failed,38401.04
PAY001008,ORD002512,2024-10-21 09:44:00,UPI,Refunded,2258.03
PAY001009,ORD002820,2024-10-21 04:52:00,Cash on Delivery,Success,75520.48
PAY001010,ORD000633,2024-10-20 19:04:00,UPI,Success,8341.14
PAY001011,ORD000850,2024-10-21 04:20:00,UPI,Pending,617.83
PAY001012,ORD000855,2024-10-20 20:46:00,UPI,Success,281.36
PAY001013,ORD000100,2024-10-21 04:52:00,UPI,Success,4831.98
PAY001014,ORD002065,2024-10-21 06:13:00,Credit Card,Success,16267.81
PAY001015,ORD001346,2024-10-20 18:01:00,Debit Card,Success,22390.58
PAY001016,ORD002577,2024-10-21 15:37:00,UPI,Success,9986.35
PAY001017,ORD002379,2024-10-21 03:38:00,Cash on Delivery,Success,296.6
PAY001018,ORD001311,2024-10-21 10:46:00,UPI,Success,47545.31
PAY001019,ORD002471,2024-10-20 21:01:00,Net Banking,Success,2386.71
PAY001020,ORD000264,2024-10-21 03:54:00,UPI,Success,2663.31
PAY001021,ORD002284,2024-10-21 23:21:00,UPI,Pending,7051.93
PAY001022,ORD000842,2024-10-22 02:22:00,Credit Card,Refunded,6875.55
PAY001023,ORD001890,2024-10-22 07:56:00,Cash on Delivery,Refunded,3184.63
PAY001024,ORD002420,2024-10-21 12:46:00,UPI,Success,2660.42
PAY001025,ORD000658,2024-10-21 14:05:00,Debit Card,Success,3861.71
PAY001026,ORD000402,2024-10-22 15:14:00,Debit Card,Pending,1862.52
PAY001027,ORD002408,2024-10-22 00:20:00,Net Banking,Success,19296.83
PAY001028,ORD001885,2024-10-22 13:17:00,Debit Card,Success,1993.6
PAY001029,ORD001594,2024-10-22 01:52:00,Cash on Delivery,Refunded,3476.61
PAY001030,ORD001898,2024-10-22 10:50:00,Credit Card,Success,8930.29
PAY001031,ORD001082,2024-10-22 05:47:00,Cash on Delivery,Success,11865.53
PAY001032,ORD002906,2024-10-23 10:04:00,Net Banking,Success,23878.12
PAY001033,ORD001649,2024-10-23 00:01:00,Net Banking,Success,1511.42
PAY001034,ORD001433,2024-10-22 20:04:00,Credit Card,Success,5565.9
PAY001035,ORD001931,2024-10-22 17:29:00,UPI,Success,2806.53
PAY001036,ORD002287,2024-10-22 20:50:00,Net Banking,Success,3257.64
PAY001037,ORD001955,2024-10-23 10:20:00,Debit Card,Success,4296.73
PAY001038,ORD001823,2024-10-22 21:10:00,UPI,Success,15779.72
PAY001039,ORD002281,2024-10-23 13:15:00,UPI,Success,37568.85
PAY001040,ORD001939,2024-10-23 10:58:00,Net Banking,Pending,788.36
PAY001041,ORD001727,2024-10-23 23:28:00,Debit Card,Success,108442.78
PAY001042,ORD001221,2024-10-24 00:31:00,UPI,Success,488.63
PAY001043,ORD002303,2024-10-23 10:59:00,UPI,Success,11236.24
PAY001044,ORD000578,2024-10-23 11:29:00,Debit Card,Failed,4438.72
PAY001045,ORD002798,2024-10-24 02:49:00,UPI,Success,57.72
PAY001046,ORD000025,2024-10-24 02:10:00,Net Banking,Success,22263.58
PAY001047,ORD002295,2024-10-24 09:16:00,UPI,Success,871.52
PAY001048,ORD002730,2024-10-24 12:07:00,Credit Card,Success,4164.66
PAY001049,ORD003172,2024-10-23 22:21:00,Cash on Delivery,Success,7190.68
PAY001050,ORD001266,2024-10-23 23:26:00,Debit Card,Refunded,10101.83
PAY001051,ORD001102,2024-10-24 14:43:00,Credit Card,Failed,16712.56
PAY001052,ORD001545,2024-10-24 16:47:00,Credit Card,Success,682.61
PAY001053,ORD002364,2024-10-23 21:14:00,UPI,Success,5941.64
PAY001054,ORD000253,2024-10-24 10:34:00,UPI,Success,22056.96
PAY001055,ORD001126,2024-10-24 22:48:00,UPI,Refunded,4126.43
PAY001056,ORD003010,2024-10-24 20:52:00,UPI,Success,426.26
PAY001057,ORD001918,2024-10-25 00:08:00,UPI,Success,136555.41
PAY001058,ORD002609,2024-10-24 13:35:00,Cash on Delivery,Success,23913.74
PAY001059,ORD000320,2024-10-24 19:14:00,Cash on Delivery,Success,6249.72
PAY001060,ORD002944,2024-10-25 16:02:00,UPI,Refunded,4892.14
PAY001061,ORD000985,2024-10-25 07:25:00,Net Banking,Pending,17389.74
PAY001062,ORD002297,2024-10-25 16:36:00,UPI,Pending,7169.03
PAY001063,ORD002233,2024-10-24 14:43:00,UPI,Success,9812.91
PAY001064,ORD001056,2024-10-24 21:09:00,UPI,Refunded,7675.58
PAY001065,ORD002873,2024-10-25 18:19:00,Cash on Delivery,Success,7981.99
PAY001066,ORD000346,2024-10-24 19:38:00,UPI,Refunded,20079.38
PAY001067,ORD001704,2024-10-25 06:41:00,Credit Card,Success,3861.06
PAY001068,ORD001331,2024-10-24 19:13:00,Cash on Delivery,Success,133492.36
PAY001069,ORD001879,2024-10-25 07:14:00,Credit Card,Success,162.39
PAY001070,ORD000460,2024-10-25 07:28:00,Credit Card,Refunded,2555.5
PAY001071,ORD000258,2024-10-25 17:51:00,Debit Card,Success,8666.39
PAY001072,ORD001474,2024-10-26 06:01:00,Net Banking,Success,12040.93
PAY001073,ORD001115,2024-10-26 08:52:00,Debit Card,Failed,2198.62
PAY001074,ORD002590,2024-10-26 01:40:00,UPI,Success,13132.71
PAY001075,ORD000567,2024-10-26 07:46:00,Credit Card,Success,14712.67
PAY001076,ORD000010,2024-10-26 18:24:00,UPI,Success,1341.64
PAY001077,ORD002897,2024-10-26 12:43:00,Net Banking,Success,4954.69
PAY001078,ORD002694,2024-10-26 17:02:00,Debit Card,Failed,5487.3
PAY001079,ORD000005,2024-10-26 09:04:00,UPI,Success,19926.66
PAY001080,ORD000660,2024-10-26 21:26:00,UPI,Refunded,40379.67
PAY001081,ORD001074,2024-10-26 13:30:00,UPI,Pending,1333.74
PAY001082,ORD002283,2024-10-26 11:21:00,UPI,Refunded,27693.63
PAY001083,ORD001174,2024-10-27 08:38:00,Cash on Delivery,Success,4000.25
PAY001084,ORD000762,2024-10-26 12:44:00,Credit Card,Success,15361.0
PAY001085,ORD002390,2024-10-26 20:38:00,UPI,Success,39101.44
PAY001086,ORD002501,2024-10-27 02:17:00,UPI,Success,4044.71
PAY001087,ORD002565,2024-10-27 05:10:00,Cash on Delivery,Success,830.05
PAY001088,ORD001538,2024-10-27 02:50:00,UPI,Success,3181.47
PAY001089,ORD001607,2024-10-26 19:03:00,UPI,Success,49428.37
PAY001090,ORD000542,2024-10-27 11:55:00,Net Banking,Pending,50831.87
PAY001091,ORD000309,2024-10-27 10:18:00,Credit Card,Success,1027.91
PAY001092,ORD001187,2024-10-26 23:45:00,Credit Card,Success,6197.36
PAY001093,ORD002214,2024-10-27 13:24:00,Credit Card,Success,341.66
PAY001094,ORD000198,2024-10-27 12:47:00,Cash on Delivery,Failed,27562.06
PAY001095,ORD001058,2024-10-27 00:26:00,Cash on Delivery,Success,59652.01
PAY001096,ORD002027,2024-10-27 02:51:00,Credit Card,Success,3671.82
PAY001097,ORD001773,2024-10-27 03:40:00,UPI,Refunded,2912.36
PAY001098,ORD002202,2024-10-27 21:19:00,UPI,Success,4909.94
PAY001099,ORD002621,2024-10-28 10:47:00,UPI,Pending,119.9
PAY001100,ORD000409,2024-10-28 01:08:00,Debit Card,Success,33321.58
PAY001101,ORD001553,2024-10-28 00:55:00,Cash on Delivery,Refunded,12465.07
PAY001102,ORD000905,2024-10-28 13:26:00,Net Banking,Success,9079.19
PAY001103,ORD001629,2024-10-28 15:07:00,Credit Card,Pending,877.06
PAY001104,ORD000379,2024-10-28 00:16:00,UPI,Success,4821.26
PAY001105,ORD000538,2024-10-28 13:50:00,Cash on Delivery,Refunded,15461.99
PAY001106,ORD002849,2024-10-28 08:06:00,Cash on Delivery,Success,512.69
PAY001107,ORD001687,2024-10-27 21:09:00,Cash on Delivery,Failed,5096.79
PAY001108,ORD000986,2024-10-28 18:52:00,Debit Card,Success,57.43
PAY001109,ORD000917,2024-10-28 10:44:00,Debit Card,Success,24319.41
PAY001110,ORD001858,2024-10-28 20:00:00,Credit Card,Failed,69.33
PAY001111,ORD003177,2024-10-29 06:36:00,Credit Card,Success,51530.73
PAY001112,ORD000435,2024-10-28 11:42:00,Credit Card,Success,13565.54
PAY001113,ORD000588,2024-10-28 17:18:00,Credit Card,Success,10840.73
PAY001114,ORD001022,2024-10-28 12:03:00,Cash on Delivery,Failed,34103.42
PAY001115,ORD000612,2024-10-29 08:45:00,Credit Card,Success,47372.9
PAY001116,ORD002603,2024-10-29 00:56:00,Debit Card,Failed,28306.28
PAY001117,ORD000428,2024-10-28 17:57:00,UPI,Success,4035.68
PAY001118,ORD002869,2024-10-28 17:32:00,Debit Card,Success,608.7
PAY001119,ORD001481,2024-10-28 22:21:00,Credit Card,Success,702.24
PAY001120,ORD001324,2024-10-29 09:58:00,Credit Card,Refunded,40618.33
PAY001121,ORD000879,2024-10-29 18:22:00,Net Banking,Failed,54043.59
PAY001122,ORD001206,2024-10-28 21:48:00,Cash on Delivery,Failed,27259.81
PAY001123,ORD000992,2024-10-28 23:02:00,UPI,Success,2486.6
PAY001124,ORD000275,2024-10-29 18:07:00,Credit Card,Success,3869.16
PAY001125,ORD001412,2024-10-28 21:40:00,Debit Card,Success,5259.07
PAY001126,ORD000411,2024-10-29 00:45:00,Debit Card,Success,2104.29
PAY001127,ORD001730,2024-10-30 02:32:00,Debit Card,Success,16228.58
PAY001128,ORD001203,2024-10-30 09:38:00,UPI,Refunded,38020.71
PAY001129,ORD000398,2024-10-30 01:18:00,UPI,Success,1851.52
PAY001130,ORD002760,2024-10-30 02:36:00,Debit Card,Success,4017.34
PAY001131,ORD002492,2024-10-29 18:58:00,UPI,Refunded,11362.54
PAY001132,ORD000045,2024-10-29 19:04:00,Credit Card,Success,5407.99
PAY001133,ORD000684,2024-10-30 10:41:00,Debit Card,Refunded,24052.43
PAY001134,ORD001831,2024-10-30 16:32:00,UPI,Pending,8898.45
PAY001135,ORD003125,2024-10-30 16:55:00,UPI,Success,8054.75
PAY001136,ORD002866,2024-10-30 01:04:00,Cash on Delivery,Success,2768.81
PAY001137,ORD001054,2024-10-30 13:21:00,Cash on Delivery,Failed,4797.1
PAY001138,ORD001638,2024-10-31 09:25:00,Credit Card,Success,5635.54
PAY001139,ORD000368,2024-10-31 00:10:00,UPI,Success,1806.91
PAY001140,ORD002580,2024-10-31 02:13:00,UPI,Success,7752.89
PAY001141,ORD000899,2024-10-30 14:50:00,Credit Card,Success,35795.74
PAY001142,ORD000994,2024-10-30 15:25:00,UPI,Success,14535.51
PAY001143,ORD000211,2024-10-31 03:22:00,Credit Card,Refunded,20313.95
PAY001144,ORD002248,2024-10-31 09:27:00,Debit Card,Success,9379.36
PAY001145,ORD001610,2024-10-31 03:02:00,Cash on Delivery,Success,92041.97
PAY001146,ORD003193,2024-10-31 11:32:00,Net Banking,Success,189.69
PAY001147,ORD003026,2024-11-01 02:06:00,Credit Card,Success,32669.26
PAY001148,ORD002149,2024-11-01 10:12:00,Net Banking,Success,3891.62
PAY001149,ORD001375,2024-11-01 06:50:00,Debit Card,Success,3712.47
PAY001150,ORD000175,2024-11-01 02:51:00,Cash on Delivery,Success,51578.24
PAY001151,ORD002118,2024-11-01 09:59:00,UPI,Success,69351.94
PAY001152,ORD001360,2024-11-01 08:16:00,UPI,Success,17153.89
PAY001153,ORD000949,2024-11-01 15:25:00,UPI,Pending,17507.93
PAY001154,ORD000780,2024-11-01 02:26:00,UPI,Success,3226.26
PAY001155,ORD000159,2024-11-01 09:01:00,Net Banking,Refunded,14669.48
PAY001156,ORD001225,2024-11-01 13:31:00,Debit Card,Success,5240.17
PAY001157,ORD000669,2024-11-01 05:34:00,Debit Card,Success,12237.63
PAY001158,ORD000480,2024-11-01 09:52:00,Cash on Delivery,Success,70532.0
PAY001159,ORD002387,2024-11-01 20:23:00,Debit Card,Success,11229.54
PAY001160,ORD002034,2024-11-02 08:58:00,Debit Card,Success,4259.94
PAY001161,ORD002410,2024-11-02 15:57:00,Debit Card,Refunded,4696.46
PAY001162,ORD002868,2024-11-01 19:12:00,Debit Card,Success,1829.26
PAY001163,ORD000961,2024-11-02 14:43:00,Debit Card,Failed,126.27
PAY001164,ORD001523,2024-11-02 10:31:00,Debit Card,Success,5693.76
PAY001165,ORD002311,2024-11-01 20:43:00,UPI,Success,3406.3
PAY001166,ORD002330,2024-11-02 03:11:00,UPI,Success,15672.13
PAY001167,ORD000155,2024-11-02 02:24:00,Credit Card,Success,21276.56
PAY001168,ORD002824,2024-11-02 07:47:00,UPI,Failed,9287.01
PAY001169,ORD002444,2024-11-02 17:14:00,UPI,Success,47265.07
PAY001170,ORD001450,2024-11-03 01:11:00,Net Banking,Success,8023.54
PAY001171,ORD000547,2024-11-02 18:43:00,Debit Card,Success,14657.35
PAY001172,ORD001664,2024-11-03 07:43:00,UPI,Success,2173.87
PAY001173,ORD001967,2024-11-03 15:13:00,UPI,Success,17230.88
PAY001174,ORD002581,2024-11-03 15:00:00,UPI,Success,11141.07
PAY001175,ORD001576,2024-11-03 15:28:00,Cash on Delivery,Refunded,9733.16
PAY001176,ORD000459,2024-11-03 08:41:00,Debit Card,Success,57783.96
PAY001177,ORD003182,2024-11-02 22:09:00,Cash on Delivery,Refunded,6092.64
PAY001178,ORD001423,2024-11-03 01:48:00,Debit Card,Success,2227.22
PAY001179,ORD001302,2024-11-03 23:29:00,Credit Card,Success,10140.31
PAY001180,ORD001114,2024-11-04 06:30:00,Debit Card,Success,9289.87
PAY001181,ORD001776,2024-11-03 22:45:00,Debit Card,Success,80912.13
PAY001182,ORD002445,2024-11-04 07:41:00,Credit Card,Success,660.4
PAY001183,ORD001909,2024-11-03 18:29:00,UPI,Success,197.24
PAY001184,ORD000998,2024-11-03 23:05:00,UPI,Success,11066.33
PAY001185,ORD001763,2024-11-04 18:19:00,Debit Card,Failed,3158.86
PAY001186,ORD002908,2024-11-03 17:41:00,UPI,Success,58373.16
PAY001187,ORD002022,2024-11-04 01:51:00,Debit Card,Success,10736.69
PAY001188,ORD002334,2024-11-04 11:16:00,Debit Card,Success,3039.17
PAY001189,ORD001612,2024-11-04 10:23:00,Debit Card,Success,14018.98
PAY001190,ORD002182,2024-11-04 04:05:00,UPI,Failed,34965.32
PAY001191,ORD002132,2024-11-04 16:05:00,Debit Card,Failed,53287.75
PAY001192,ORD001615,2024-11-04 10:29:00,Credit Card,Success,4045.18
PAY001193,ORD000868,2024-11-04 03:58:00,UPI,Success,3791.85
PAY001194,ORD002085,2024-11-05 10:03:00,UPI,Success,6588.29
PAY001195,ORD003034,2024-11-04 11:28:00,UPI,Success,4367.9
PAY001196,ORD003069,2024-11-05 05:58:00,UPI,Success,6956.94
PAY001197,ORD000247,2024-11-04 16:13:00,Cash on Delivery,Success,47360.77
PAY001198,ORD002211,2024-11-04 19:19:00,UPI,Success,1863.67
PAY001199,ORD002511,2024-11-05 07:48:00,UPI,Success,5834.93
PAY001200,ORD001656,2024-11-05 00:30:00,Net Banking,Success,256.48
PAY001201,ORD000878,2024-11-04 23:47:00,Credit Card,Success,1464.74
PAY001202,ORD000039,2024-11-05 03:35:00,Net Banking,Success,2815.18
PAY001203,ORD000360,2024-11-05 21:33:00,UPI,Refunded,23840.8
PAY001204,ORD001215,2024-11-06 02:31:00,Credit Card,Success,3962.62
PAY001205,ORD000341,2024-11-05 13:59:00,UPI,Success,12928.45
PAY001206,ORD000027,2024-11-05 21:46:00,Cash on Delivery,Refunded,25013.32
PAY001207,ORD001201,2024-11-05 20:14:00,UPI,Success,1951.6
PAY001208,ORD000413,2024-11-05 19:40:00,Debit Card,Success,2715.16
PAY001209,ORD002537,2024-11-05 18:54:00,UPI,Success,20758.51
PAY001210,ORD002164,2024-11-06 09:39:00,UPI,Success,33281.63
PAY001211,ORD001839,2024-11-05 19:13:00,UPI,Success,5055.92
PAY001212,ORD001748,2024-11-06 09:02:00,UPI,Failed,3191.63
PAY001213,ORD001089,2024-11-06 18:17:00,UPI,Success,22788.36
PAY001214,ORD002551,2024-11-06 21:38:00,UPI,Success,15175.57
PAY001215,ORD000208,2024-11-07 12:49:00,UPI,Success,27047.96
PAY001216,ORD000839,2024-11-07 11:09:00,Debit Card,Success,2226.67
PAY001217,ORD000359,2024-11-07 09:32:00,UPI,Success,2947.54
PAY001218,ORD001991,2024-11-06 21:52:00,Credit Card,Success,31289.87
PAY001219,ORD001571,2024-11-07 12:58:00,UPI,Success,3877.81
PAY001220,ORD001548,2024-11-07 21:15:00,Net Banking,Refunded,14557.79
PAY001221,ORD003146,2024-11-08 09:46:00,Credit Card,Success,14124.9
PAY001222,ORD003003,2024-11-08 12:07:00,UPI,Success,636.75
PAY001223,ORD002361,2024-11-08 09:12:00,Debit Card,Success,2881.28
PAY001224,ORD000497,2024-11-08 05:45:00,Credit Card,Success,3864.56
PAY001225,ORD002566,2024-11-08 05:30:00,Debit Card,Success,6576.34
PAY001226,ORD001948,2024-11-08 18:51:00,Credit Card,Refunded,1674.33
PAY001227,ORD000623,2024-11-08 11:57:00,UPI,Success,14502.63
PAY001228,ORD001411,2024-11-08 16:59:00,UPI,Success,1259.63
PAY001229,ORD001847,2024-11-08 19:32:00,Net Banking,Success,12688.12
PAY001230,ORD002079,2024-11-08 22:42:00,Credit Card,Success,8712.78
PAY001231,ORD001043,2024-11-08 08:39:00,Credit Card,Success,27853.04
PAY001232,ORD003170,2024-11-08 05:47:00,Cash on Delivery,Success,4028.17
PAY001233,ORD001744,2024-11-08 15:28:00,Credit Card,Success,43160.71
PAY001234,ORD002212,2024-11-09 00:17:00,UPI,Failed,2092.83
PAY001235,ORD000708,2024-11-08 11:17:00,Credit Card,Pending,671.57
PAY001236,ORD000727,2024-11-08 21:25:00,Debit Card,Refunded,43545.26
PAY001237,ORD002089,2024-11-08 10:17:00,Debit Card,Success,2037.46
PAY001238,ORD000861,2024-11-09 03:07:00,Credit Card,Success,6103.76
PAY001239,ORD002967,2024-11-08 21:38:00,Credit Card,Success,845.94
PAY001240,ORD001387,2024-11-09 01:08:00,UPI,Refunded,3223.15
PAY001241,ORD002010,2024-11-09 05:18:00,UPI,Success,11365.24
PAY001242,ORD000743,2024-11-09 09:34:00,Net Banking,Success,23534.76
PAY001243,ORD003066,2024-11-09 08:13:00,UPI,Success,8826.18
PAY001244,ORD000236,2024-11-09 04:47:00,Credit Card,Success,1825.28
PAY001245,ORD002447,2024-11-09 02:52:00,UPI,Success,80040.92
PAY001246,ORD000963,2024-11-09 03:08:00,UPI,Success,12465.72
PAY001247,ORD002693,2024-11-09 15:44:00,UPI,Success,15382.3
PAY001248,ORD001287,2024-11-10 01:20:00,UPI,Success,7384.62
PAY001249,ORD002827,2024-11-09 18:37:00,UPI,Success,29.96
PAY001250,ORD000202,2024-11-09 18:14:00,UPI,Success,8464.41
PAY001251,ORD001111,2024-11-09 22:35:00,Cash on Delivery,Failed,3088.21
PAY001252,ORD002117,2024-11-09 18:46:00,Net Banking,Pending,4369.92
PAY001253,ORD001119,2024-11-10 11:53:00,Net Banking,Success,21150.35
PAY001254,ORD001709,2024-11-10 18:42:00,UPI,Success,7927.68
PAY001255,ORD000465,2024-11-10 11:10:00,Credit Card,Success,2251.49
PAY001256,ORD002736,2024-11-10 03:13:00,UPI,Success,1281.59
PAY001257,ORD002548,2024-11-10 03:29:00,Debit Card,Success,106338.14
PAY001258,ORD001145,2024-11-10 00:31:00,Cash on Delivery,Failed,14361.97
PAY001259,ORD001648,2024-11-11 11:15:00,UPI,Pending,46621.98
PAY001260,ORD000273,2024-11-11 10:58:00,Credit Card,Success,5483.87
PAY001261,ORD001244,2024-11-10 22:51:00,Cash on Delivery,Failed,1912.57
PAY001262,ORD002828,2024-11-10 17:25:00,UPI,Success,20546.73
PAY001263,ORD001173,2024-11-10 22:54:00,UPI,Success,209.0
PAY001264,ORD001618,2024-11-11 07:55:00,UPI,Success,93.0
PAY001265,ORD000205,2024-11-10 17:29:00,Credit Card,Success,5585.28
PAY001266,ORD000178,2024-11-10 20:27:00,Debit Card,Pending,4774.11
PAY001267,ORD000189,2024-11-10 23:36:00,UPI,Refunded,4801.24
PAY001268,ORD000624,2024-11-11 15:09:00,Credit Card,Success,5470.7
PAY001269,ORD000904,2024-11-11 04:21:00,Credit Card,Success,5502.57
PAY001270,ORD002191,2024-11-11 03:34:00,Cash on Delivery,Refunded,4052.76
PAY001271,ORD002249,2024-11-11 12:20:00,Cash on Delivery,Success,1837.01
PAY001272,ORD001026,2024-11-12 06:10:00,Cash on Delivery,Failed,3883.63
PAY001273,ORD001534,2024-11-11 23:01:00,UPI,Success,10619.34
PAY001274,ORD000828,2024-11-12 01:29:00,Debit Card,Success,570.62
PAY001275,ORD002747,2024-11-12 08:30:00,Cash on Delivery,Success,14173.17
PAY001276,ORD000751,2024-11-12 07:13:00,Cash on Delivery,Success,8630.8
PAY001277,ORD003015,2024-11-12 07:21:00,Credit Card,Success,5987.68
PAY001278,ORD001127,2024-11-12 12:09:00,Credit Card,Refunded,1003.33
PAY001279,ORD002734,2024-11-13 01:14:00,Credit Card,Pending,4189.81
PAY001280,ORD000557,2024-11-13 02:33:00,Debit Card,Success,3955.05
PAY001281,ORD002653,2024-11-12 11:50:00,UPI,Success,1741.26
PAY001282,ORD000687,2024-11-12 22:26:00,UPI,Success,3769.98
PAY001283,ORD002977,2024-11-13 00:36:00,Credit Card,Success,10529.55
PAY001284,ORD000661,2024-11-13 04:52:00,UPI,Success,16326.57
PAY001285,ORD000061,2024-11-13 10:09:00,UPI,Success,12519.64
PAY001286,ORD002844,2024-11-13 01:59:00,Credit Card,Success,7542.36
PAY001287,ORD000110,2024-11-13 20:03:00,UPI,Refunded,44799.17
PAY001288,ORD002225,2024-11-13 10:50:00,Debit Card,Refunded,17565.62
PAY001289,ORD000088,2024-11-13 23:11:00,Cash on Delivery,Success,12356.02
PAY001290,ORD000767,2024-11-14 05:22:00,Cash on Delivery,Refunded,466.95
PAY001291,ORD001630,2024-11-13 09:22:00,UPI,Success,5953.62
PAY001292,ORD000808,2024-11-13 17:27:00,Debit Card,Refunded,2274.89
PAY001293,ORD003032,2024-11-13 22:53:00,Credit Card,Success,1551.65
PAY001294,ORD000678,2024-11-13 22:58:00,UPI,Success,22825.1
PAY001295,ORD000294,2024-11-14 02:16:00,UPI,Success,14349.64
PAY001296,ORD002865,2024-11-13 17:49:00,Net Banking,Success,31487.04
PAY001297,ORD001488,2024-11-14 00:48:00,Credit Card,Success,2836.74
PAY001298,ORD003065,2024-11-14 08:15:00,Credit Card,Success,2996.24
PAY001299,ORD000439,2024-11-14 07:40:00,UPI,Success,3388.33
PAY001300,ORD000760,2024-11-14 06:20:00,Debit Card,Success,2696.3
PAY001301,ORD001970,2024-11-13 21:05:00,Debit Card,Success,1356.91
PAY001302,ORD001132,2024-11-14 08:22:00,UPI,Success,31064.36
PAY001303,ORD000491,2024-11-15 00:52:00,UPI,Success,4611.84
PAY001304,ORD002823,2024-11-14 13:40:00,UPI,Success,12010.23
PAY001305,ORD001196,2024-11-15 04:46:00,Cash on Delivery,Failed,21884.11
PAY001306,ORD001953,2024-11-14 17:58:00,Net Banking,Success,76317.64
PAY001307,ORD003023,2024-11-14 12:31:00,Credit Card,Success,4374.95
PAY001308,ORD000699,2024-11-15 18:02:00,Net Banking,Success,22201.42
PAY001309,ORD002739,2024-11-15 04:30:00,Net Banking,Success,5464.76
PAY001310,ORD001729,2024-11-15 02:50:00,Credit Card,Success,2845.53
PAY001311,ORD001358,2024-11-15 10:50:00,Debit Card,Success,4037.22
PAY001312,ORD002486,2024-11-15 09:21:00,Cash on Delivery,Success,12511.45
PAY001313,ORD002169,2024-11-15 19:48:00,Debit Card,Success,1011.85
PAY001314,ORD001180,2024-11-15 20:26:00,Debit Card,Pending,13454.4
PAY001315,ORD001906,2024-11-15 01:24:00,Credit Card,Success,36908.6
PAY001316,ORD000834,2024-11-15 19:42:00,Credit Card,Success,35479.73
PAY001317,ORD002857,2024-11-15 18:11:00,UPI,Success,23380.31
PAY001318,ORD001436,2024-11-16 08:30:00,UPI,Success,113.49
PAY001319,ORD001251,2024-11-15 21:29:00,UPI,Refunded,7638.62
PAY001320,ORD001464,2024-11-15 21:47:00,UPI,Success,13102.46
PAY001321,ORD001869,2024-11-15 18:52:00,UPI,Refunded,21044.95
PAY001322,ORD000147,2024-11-15 17:56:00,UPI,Success,114.74
PAY001323,ORD001489,2024-11-15 21:42:00,Credit Card,Success,1982.11
PAY001324,ORD001666,2024-11-15 20:04:00,Credit Card,Success,19261.66
PAY001325,ORD003027,2024-11-16 00:48:00,UPI,Success,9827.38
PAY001326,ORD000794,2024-11-15 19:29:00,UPI,Refunded,2614.96
PAY001327,ORD000870,2024-11-15 19:03:00,UPI,Success,15657.54
PAY001328,ORD001588,2024-11-16 19:14:00,UPI,Success,4667.89
PAY001329,ORD002076,2024-11-16 00:24:00,Cash on Delivery,Refunded,3007.91
PAY001330,ORD000107,2024-11-16 16:37:00,Credit Card,Refunded,5223.65
PAY001331,ORD002255,2024-11-16 07:13:00,Debit Card,Refunded,23515.27
PAY001332,ORD002764,2024-11-16 15:58:00,Cash on Delivery,Success,3547.77
PAY001333,ORD002875,2024-11-17 05:14:00,Credit Card,Success,9948.93
PAY001334,ORD002435,2024-11-17 05:50:00,Net Banking,Success,1072.34
PAY001335,ORD002392,2024-11-17 02:50:00,Debit Card,Refunded,279.36
PAY001336,ORD001812,2024-11-17 09:12:00,UPI,Refunded,34840.11
PAY001337,ORD002595,2024-11-16 16:40:00,UPI,Success,39772.34
PAY001338,ORD002431,2024-11-16 17:52:00,Credit Card,Success,1842.16
PAY001339,ORD002388,2024-11-16 18:58:00,Debit Card,Failed,375.4
PAY001340,ORD002791,2024-11-17 00:05:00,UPI,Success,3447.77
PAY001341,ORD000423,2024-11-16 22:19:00,UPI,Success,565.58
PAY001342,ORD000566,2024-11-16 17:24:00,Debit Card,Success,38723.55
PAY001343,ORD000184,2024-11-17 14:33:00,UPI,Success,12385.77
PAY001344,ORD000746,2024-11-16 20:44:00,Credit Card,Success,4594.54
PAY001345,ORD001790,2024-11-16 18:02:00,Cash on Delivery,Success,34523.86
PAY001346,ORD002485,2024-11-17 05:44:00,Cash on Delivery,Success,11409.68
PAY001347,ORD000947,2024-11-17 10:59:00,Cash on Delivery,Refunded,39446.76
PAY001348,ORD000554,2024-11-16 22:53:00,Net Banking,Refunded,10493.03
PAY001349,ORD001228,2024-11-17 16:52:00,UPI,Success,104.32
PAY001350,ORD000823,2024-11-16 21:25:00,Credit Card,Success,14825.45
PAY001351,ORD002786,2024-11-17 11:06:00,UPI,Success,15272.36
PAY001352,ORD002404,2024-11-16 22:17:00,Credit Card,Success,26236.74
PAY001353,ORD000181,2024-11-17 11:19:00,UPI,Failed,1638.2
PAY001354,ORD002272,2024-11-18 00:35:00,Credit Card,Success,117.6
PAY001355,ORD001945,2024-11-17 22:24:00,Cash on Delivery,Failed,6012.49
PAY001356,ORD000513,2024-11-18 05:46:00,UPI,Success,14782.12
PAY001357,ORD001446,2024-11-18 07:10:00,Credit Card,Success,27003.64
PAY001358,ORD000715,2024-11-17 14:11:00,UPI,Success,5422.02
PAY001359,ORD002041,2024-11-18 15:54:00,Cash on Delivery,Success,2474.06
PAY001360,ORD001149,2024-11-18 08:32:00,Credit Card,Success,32889.99
PAY001361,ORD000671,2024-11-17 19:34:00,Cash on Delivery,Success,33973.61
PAY001362,ORD000885,2024-11-17 19:27:00,UPI,Success,30319.61
PAY001363,ORD001429,2024-11-18 00:52:00,UPI,Success,16853.36
PAY001364,ORD002508,2024-11-18 22:30:00,Credit Card,Success,2183.19
PAY001365,ORD003016,2024-11-19 00:33:00,Cash on Delivery,Refunded,1624.67
PAY001366,ORD000922,2024-11-18 09:36:00,Net Banking,Success,90850.36
PAY001367,ORD002327,2024-11-17 23:39:00,UPI,Success,15695.36
PAY001368,ORD000485,2024-11-18 18:32:00,UPI,Success,19869.49
PAY001369,ORD002892,2024-11-19 03:02:00,UPI,Failed,12918.05
PAY001370,ORD000335,2024-11-19 04:05:00,UPI,Success,85.01
PAY001371,ORD000786,2024-11-18 15:06:00,UPI,Success,3165.95
PAY001372,ORD001782,2024-11-19 11:23:00,Cash on Delivery,Failed,4132.41
PAY001373,ORD001552,2024-11-18 19:13:00,Net Banking,Success,204.57
PAY001374,ORD001465,2024-11-18 13:21:00,Net Banking,Success,3189.91
PAY001375,ORD000775,2024-11-18 16:54:00,Credit Card,Success,3630.05
PAY001376,ORD000888,2024-11-18 23:28:00,UPI,Success,3724.62
PAY001377,ORD002459,2024-11-19 17:50:00,Debit Card,Success,2524.21
PAY001378,ORD002606,2024-11-20 03:09:00,UPI,Success,5105.78
PAY001379,ORD001370,2024-11-19 10:46:00,Credit Card,Success,26446.33
PAY001380,ORD002099,2024-11-20 07:13:00,UPI,Success,22809.96
PAY001381,ORD002713,2024-11-20 11:14:00,Credit Card,Success,4807.05
PAY001382,ORD002185,2024-11-20 03:15:00,UPI,Success,43216.78
PAY001383,ORD000024,2024-11-20 10:19:00,Credit Card,Success,96857.79
PAY001384,ORD002723,2024-11-19 21:32:00,UPI,Success,669.43
PAY001385,ORD000299,2024-11-20 00:14:00,UPI,Success,931.57
PAY001386,ORD000087,2024-11-20 16:34:00,Cash on Delivery,Failed,821.71
PAY001387,ORD002724,2024-11-21 02:28:00,UPI,Success,7640.26
PAY001388,ORD001011,2024-11-21 00:55:00,UPI,Success,1090.05
PAY001389,ORD001897,2024-11-20 13:21:00,UPI,Success,15686.09
PAY001390,ORD000534,2024-11-21 09:48:00,Credit Card,Success,3917.68
PAY001391,ORD002969,2024-11-21 10:39:00,Debit Card,Success,7043.07
PAY001392,ORD000014,2024-11-20 16:23:00,Net Banking,Success,9607.03
PAY001393,ORD001304,2024-11-21 11:37:00,Debit Card,Success,4237.79
PAY001394,ORD000832,2024-11-21 01:07:00,Cash on Delivery,Success,87.52
PAY001395,ORD003195,2024-11-21 08:12:00,Net Banking,Failed,4142.36
PAY001396,ORD000139,2024-11-21 06:19:00,UPI,Success,21650.92
PAY001397,ORD001106,2024-11-20 20:21:00,UPI,Success,5986.66
PAY001398,ORD000233,2024-11-21 20:15:00,UPI,Success,45828.61
PAY001399,ORD002354,2024-11-21 21:32:00,Debit Card,Success,15836.03
PAY001400,ORD000804,2024-11-21 08:00:00,Cash on Delivery,Success,5018.09
PAY001401,ORD001388,2024-11-22 00:13:00,UPI,Success,2364.71
PAY001402,ORD000799,2024-11-22 09:19:00,Cash on Delivery,Success,7028.02
PAY001403,ORD000581,2024-11-21 21:58:00,Cash on Delivery,Success,1850.94
PAY001404,ORD001982,2024-11-22 10:12:00,UPI,Failed,23816.63
PAY001405,ORD000493,2024-11-21 21:13:00,Cash on Delivery,Refunded,3395.76
PAY001406,ORD001881,2024-11-22 05:43:00,UPI,Success,4905.54
PAY001407,ORD000452,2024-11-21 23:46:00,UPI,Success,1506.01
PAY001408,ORD002943,2024-11-22 11:34:00,UPI,Success,29692.97
PAY001409,ORD000898,2024-11-22 21:13:00,UPI,Success,18140.37
PAY001410,ORD003042,2024-11-21 23:45:00,Cash on Delivery,Success,7083.31
PAY001411,ORD002028,2024-11-22 21:57:00,Cash on Delivery,Refunded,3010.78
PAY001412,ORD000689,2024-11-23 01:16:00,Net Banking,Success,2825.37
PAY001413,ORD002831,2024-11-22 17:24:00,UPI,Success,3657.79
PAY001414,ORD002104,2024-11-23 19:28:00,Debit Card,Refunded,46581.81
PAY001415,ORD002634,2024-11-23 00:04:00,UPI,Success,8165.37
PAY001416,ORD001276,2024-11-23 15:42:00,Net Banking,Success,4148.21
PAY001417,ORD000997,2024-11-23 21:09:00,Debit Card,Success,13504.4
PAY001418,ORD000209,2024-11-23 10:34:00,Debit Card,Pending,10482.5
PAY001419,ORD000082,2024-11-23 11:39:00,Cash on Delivery,Refunded,36292.53
PAY001420,ORD002553,2024-11-24 07:34:00,UPI,Success,5712.63
PAY001421,ORD002697,2024-11-24 09:59:00,Debit Card,Success,28769.82
PAY001422,ORD001070,2024-11-24 05:11:00,Cash on Delivery,Success,4233.1
PAY001423,ORD002883,2024-11-23 22:26:00,Credit Card,Success,89.01
PAY001424,ORD002300,2024-11-24 08:45:00,Net Banking,Success,24069.74
PAY001425,ORD001301,2024-11-23 18:31:00,Debit Card,Success,12858.01
PAY001426,ORD002467,2024-11-24 05:34:00,Credit Card,Success,68201.65
PAY001427,ORD001036,2024-11-24 12:46:00,Debit Card,Refunded,29617.09
PAY001428,ORD001713,2024-11-24 04:10:00,Credit Card,Refunded,4127.93
PAY001429,ORD000166,2024-11-24 23:36:00,Debit Card,Success,4444.61
PAY001430,ORD001183,2024-11-24 16:41:00,UPI,Success,7631.81
PAY001431,ORD002397,2024-11-24 11:00:00,UPI,Success,2209.08
PAY001432,ORD002691,2024-11-25 04:05:00,UPI,Success,18939.93
PAY001433,ORD000272,2024-11-24 11:51:00,Debit Card,Success,12070.38
PAY001434,ORD001827,2024-11-24 19:24:00,Credit Card,Success,18769.46
PAY001435,ORD001653,2024-11-24 12:57:00,Credit Card,Failed,15686.25
PAY001436,ORD002060,2024-11-25 14:52:00,UPI,Success,2439.31
PAY001437,ORD000640,2024-11-25 07:41:00,Credit Card,Success,6999.11
PAY001438,ORD002142,2024-11-25 13:44:00,Cash on Delivery,Success,3859.63
PAY001439,ORD001655,2024-11-25 01:12:00,Cash on Delivery,Success,6940.58
PAY001440,ORD002100,2024-11-24 18:35:00,Debit Card,Failed,14634.18
PAY001441,ORD000410,2024-11-24 23:57:00,Debit Card,Success,18848.71
PAY001442,ORD000709,2024-11-25 03:25:00,Cash on Delivery,Success,23570.19
PAY001443,ORD000880,2024-11-25 01:27:00,Credit Card,Success,14999.23
PAY001444,ORD002629,2024-11-25 08:38:00,UPI,Success,25452.11
PAY001445,ORD001700,2024-11-25 04:52:00,UPI,Success,10259.6
PAY001446,ORD001014,2024-11-25 12:07:00,Credit Card,Success,508.48
PAY001447,ORD002005,2024-11-26 05:12:00,UPI,Success,4545.3
PAY001448,ORD001108,2024-11-26 14:29:00,Cash on Delivery,Success,1340.37
PAY001449,ORD001128,2024-11-26 13:18:00,UPI,Success,2079.21
PAY001450,ORD002114,2024-11-26 05:38:00,UPI,Success,1932.82
PAY001451,ORD002700,2024-11-26 00:07:00,Cash on Delivery,Success,2123.05
PAY001452,ORD000993,2024-11-25 23:40:00,Cash on Delivery,Success,22827.56
PAY001453,ORD002219,2024-11-26 06:42:00,Debit Card,Success,2503.09
PAY001454,ORD002257,2024-11-27 04:35:00,UPI,Success,32695.98
PAY001455,ORD002507,2024-11-26 13:36:00,UPI,Refunded,14781.13
PAY001456,ORD002650,2024-11-26 12:11:00,UPI,Success,1506.75
PAY001457,ORD002683,2024-11-27 12:20:00,Cash on Delivery,Success,15149.64
PAY001458,ORD002335,2024-11-26 18:19:00,UPI,Success,3236.18
PAY001459,ORD002746,2024-11-27 01:37:00,UPI,Success,10431.08
PAY001460,ORD001462,2024-11-27 18:42:00,Cash on Delivery,Refunded,4015.61
PAY001461,ORD000109,2024-11-27 08:08:00,Net Banking,Success,34220.73
PAY001462,ORD002788,2024-11-27 19:56:00,UPI,Success,9769.19
PAY001463,ORD002299,2024-11-26 21:49:00,Credit Card,Success,11319.51
PAY001464,ORD001914,2024-11-27 21:53:00,UPI,Success,219.31
PAY001465,ORD002671,2024-11-27 04:55:00,Cash on Delivery,Failed,2582.34
PAY001466,ORD001448,2024-11-27 16:45:00,Cash on Delivery,Success,114711.8
PAY001467,ORD003173,2024-11-27 00:16:00,UPI,Success,3583.47
PAY001468,ORD001547,2024-11-27 03:33:00,Debit Card,Success,976.0
PAY001469,ORD001872,2024-11-27 15:45:00,UPI,Refunded,13569.36
PAY001470,ORD002495,2024-11-28 10:47:00,Net Banking,Success,1661.1
PAY001471,ORD003081,2024-11-27 21:18:00,Credit Card,Success,18747.83
PAY001472,ORD000199,2024-11-28 02:15:00,UPI,Success,8038.83
PAY001473,ORD003075,2024-11-28 16:01:00,Credit Card,Pending,13581.87
PAY001474,ORD001647,2024-11-27 22:24:00,UPI,Success,26161.89
PAY001475,ORD002937,2024-11-28 10:59:00,Cash on Delivery,Failed,67234.28
PAY001476,ORD002672,2024-11-28 21:41:00,UPI,Success,5970.98
PAY001477,ORD001684,2024-11-29 09:08:00,Debit Card,Success,3671.65
PAY001478,ORD001144,2024-11-28 23:41:00,Credit Card,Success,88.92
PAY001479,ORD001439,2024-11-28 22:37:00,UPI,Success,8886.16
PAY001480,ORD003068,2024-11-28 15:25:00,Credit Card,Success,2776.95
PAY001481,ORD002668,2024-11-29 10:04:00,Credit Card,Success,14492.82
PAY001482,ORD002155,2024-11-29 14:15:00,Credit Card,Success,16020.73
PAY001483,ORD001379,2024-11-29 06:32:00,Cash on Delivery,Success,44598.03
PAY001484,ORD001080,2024-11-29 03:55:00,Credit Card,Success,81.96
PAY001485,ORD002976,2024-11-29 20:05:00,UPI,Success,509.63
PAY001486,ORD000280,2024-11-29 11:20:00,Cash on Delivery,Success,30238.45
PAY001487,ORD000662,2024-11-28 22:32:00,Debit Card,Success,3730.56
PAY001488,ORD002162,2024-11-29 11:56:00,Cash on Delivery,Success,3873.41
PAY001489,ORD002090,2024-11-28 23:02:00,Net Banking,Success,23374.91
PAY001490,ORD002394,2024-11-29 22:32:00,Net Banking,Success,1772.61
PAY001491,ORD000813,2024-11-29 18:40:00,Debit Card,Success,2168.71
PAY001492,ORD001216,2024-11-29 19:41:00,UPI,Success,10177.82
PAY001493,ORD000909,2024-11-29 14:34:00,UPI,Refunded,425.54
PAY001494,ORD001935,2024-11-30 10:51:00,UPI,Success,32127.53
PAY001495,ORD001303,2024-11-30 16:47:00,Credit Card,Failed,11034.63
PAY001496,ORD002069,2024-11-29 23:14:00,Credit Card,Success,27036.34
PAY001497,ORD000125,2024-11-29 17:40:00,Cash on Delivery,Refunded,9068.61
PAY001498,ORD001315,2024-11-30 04:37:00,Cash on Delivery,Success,2539.72
PAY001499,ORD001860,2024-11-29 20:25:00,UPI,Failed,32172.77
PAY001500,ORD000333,2024-11-30 07:40:00,UPI,Success,11290.81
PAY001501,ORD001895,2024-11-30 12:37:00,Debit Card,Refunded,37470.55
PAY001502,ORD002350,2024-12-01 06:03:00,Debit Card,Failed,24844.5
PAY001503,ORD002632,2024-11-30 14:25:00,UPI,Success,3961.95
PAY001504,ORD003143,2024-11-30 22:23:00,UPI,Refunded,4937.35
PAY001505,ORD001628,2024-11-30 18:45:00,Debit Card,Success,5039.94
PAY001506,ORD001456,2024-12-01 15:18:00,UPI,Success,8354.9
PAY001507,ORD002927,2024-11-30 22:24:00,UPI,Success,4115.5
PAY001508,ORD000865,2024-12-01 07:42:00,Cash on Delivery,Success,1603.59
PAY001509,ORD002635,2024-11-30 16:56:00,Cash on Delivery,Success,4402.52
PAY001510,ORD002398,2024-12-01 11:44:00,Cash on Delivery,Success,23158.64
PAY001511,ORD003199,2024-12-01 12:05:00,Net Banking,Refunded,3146.65
PAY001512,ORD003119,2024-12-01 04:46:00,UPI,Success,14573.47
PAY001513,ORD001267,2024-12-01 20:30:00,UPI,Refunded,3334.53
PAY001514,ORD002052,2024-12-01 11:43:00,UPI,Success,22579.37
PAY001515,ORD000201,2024-12-01 17:32:00,Cash on Delivery,Failed,48898.93
PAY001516,ORD002256,2024-12-01 13:55:00,Debit Card,Refunded,2326.99
PAY001517,ORD002709,2024-12-02 09:21:00,UPI,Success,17193.07
PAY001518,ORD002192,2024-12-02 10:50:00,Debit Card,Refunded,26149.65
PAY001519,ORD002639,2024-12-02 16:22:00,UPI,Success,29635.48
PAY001520,ORD001281,2024-12-03 06:39:00,UPI,Pending,7943.53
PAY001521,ORD003156,2024-12-03 01:27:00,UPI,Failed,8021.54
PAY001522,ORD000565,2024-12-03 11:15:00,Cash on Delivery,Success,12707.78
PAY001523,ORD000372,2024-12-03 14:13:00,UPI,Success,6092.25
PAY001524,ORD000968,2024-12-03 19:20:00,Cash on Delivery,Success,6227.76
PAY001525,ORD002754,2024-12-04 14:00:00,Net Banking,Success,140.32
PAY001526,ORD000418,2024-12-04 04:24:00,UPI,Success,14795.78
PAY001527,ORD002994,2024-12-04 01:31:00,Debit Card,Refunded,10476.37
PAY001528,ORD002852,2024-12-05 10:57:00,Cash on Delivery,Success,5443.01
PAY001529,ORD002482,2024-12-04 16:05:00,Debit Card,Success,52212.89
PAY001530,ORD000777,2024-12-04 13:45:00,Credit Card,Success,1257.09
PAY001531,ORD001157,2024-12-05 13:54:00,Credit Card,Pending,1877.35
PAY001532,ORD000792,2024-12-05 23:34:00,Debit Card,Success,353.24
PAY001533,ORD002102,2024-12-05 14:46:00,Credit Card,Failed,8368.47
PAY001534,ORD000192,2024-12-06 01:49:00,Debit Card,Success,579.75
PAY001535,ORD001100,2024-12-06 00:08:00,Net Banking,Success,46846.66
PAY001536,ORD001965,2024-12-05 20:41:00,Cash on Delivery,Success,64406.52
PAY001537,ORD001957,2024-12-06 13:56:00,Debit Card,Success,8159.2
PAY001538,ORD001260,2024-12-05 22:23:00,Credit Card,Success,4069.89
PAY001539,ORD000693,2024-12-07 08:13:00,UPI,Success,298.7
PAY001540,ORD002952,2024-12-07 03:17:00,UPI,Refunded,3999.28
PAY001541,ORD002073,2024-12-07 11:45:00,Net Banking,Success,6595.42
PAY001542,ORD002308,2024-12-07 09:35:00,UPI,Success,11266.64
PAY001543,ORD000860,2024-12-06 18:18:00,UPI,Failed,29145.69
PAY001544,ORD002859,2024-12-07 16:35:00,UPI,Success,4876.35
PAY001545,ORD000458,2024-12-07 19:02:00,Credit Card,Success,7404.25
PAY001546,ORD001308,2024-12-07 22:25:00,UPI,Success,106.65
PAY001547,ORD002210,2024-12-08 13:42:00,UPI,Failed,7678.14
PAY001548,ORD001884,2024-12-09 10:54:00,Cash on Delivery,Success,198.69
PAY001549,ORD000462,2024-12-08 13:07:00,Credit Card,Success,6814.66
PAY001550,ORD002506,2024-12-08 15:40:00,UPI,Success,11827.25
PAY001551,ORD003022,2024-12-09 14:18:00,UPI,Success,810.59
PAY001552,ORD002502,2024-12-08 23:38:00,Credit Card,Success,8929.23
PAY001553,ORD002049,2024-12-09 11:10:00,Debit Card,Success,12706.35
PAY001554,ORD001451,2024-12-09 04:13:00,Net Banking,Success,102420.61
PAY001555,ORD002886,2024-12-09 16:42:00,UPI,Success,112068.29
PAY001556,ORD002014,2024-12-09 20:08:00,UPI,Success,9978.65
PAY001557,ORD001903,2024-12-10 07:03:00,UPI,Success,6071.14
PAY001558,ORD000216,2024-12-09 18:45:00,Credit Card,Success,36628.15
PAY001559,ORD002915,2024-12-09 12:20:00,Cash on Delivery,Refunded,4182.8
PAY001560,ORD001741,2024-12-10 17:26:00,UPI,Success,10048.61
PAY001561,ORD000910,2024-12-10 08:44:00,UPI,Success,365.33
PAY001562,ORD001490,2024-12-09 20:30:00,UPI,Success,1580.13
PAY001563,ORD001724,2024-12-10 04:56:00,UPI,Success,25950.83
PAY001564,ORD001808,2024-12-10 08:42:00,Debit Card,Success,1561.11
PAY001565,ORD002744,2024-12-11 02:16:00,UPI,Success,9743.82
PAY001566,ORD001060,2024-12-11 00:35:00,UPI,Success,21019.63
PAY001567,ORD002187,2024-12-11 09:01:00,UPI,Success,13461.69
PAY001568,ORD000369,2024-12-11 03:05:00,Debit Card,Success,6448.37
PAY001569,ORD001083,2024-12-11 04:19:00,UPI,Refunded,33267.95
PAY001570,ORD002555,2024-12-11 23:38:00,UPI,Success,32709.03
PAY001571,ORD002012,2024-12-11 17:33:00,UPI,Success,21813.56
PAY001572,ORD000332,2024-12-12 10:05:00,Cash on Delivery,Refunded,10090.41
PAY001573,ORD003179,2024-12-12 08:11:00,Debit Card,Success,4098.82
PAY001574,ORD002636,2024-12-11 19:51:00,UPI,Success,9528.24
PAY001575,ORD003148,2024-12-12 03:37:00,Debit Card,Refunded,8561.58
PAY001576,ORD001579,2024-12-12 00:45:00,Net Banking,Success,16149.75
PAY001577,ORD000374,2024-12-12 17:00:00,Credit Card,Success,5086.0
PAY001578,ORD000342,2024-12-13 03:50:00,UPI,Success,28741.33
PAY001579,ORD002370,2024-12-12 20:18:00,UPI,Success,1278.76
PAY001580,ORD001536,2024-12-13 14:27:00,Net Banking,Failed,14917.42
PAY001581,ORD001048,2024-12-13 12:40:00,UPI,Success,10705.81
PAY001582,ORD002294,2024-12-12 22:54:00,Credit Card,Success,4263.66
PAY001583,ORD001455,2024-12-14 08:05:00,Debit Card,Success,3775.87
PAY001584,ORD001264,2024-12-13 19:00:00,UPI,Success,5517.09
PAY001585,ORD001937,2024-12-13 14:22:00,UPI,Success,6602.83
PAY001586,ORD002423,2024-12-14 09:12:00,Cash on Delivery,Refunded,16831.76
PAY001587,ORD000145,2024-12-14 04:04:00,UPI,Success,8784.58
PAY001588,ORD002430,2024-12-14 01:06:00,Debit Card,Success,7357.27
PAY001589,ORD001743,2024-12-14 09:33:00,Cash on Delivery,Refunded,2121.68
PAY001590,ORD001226,2024-12-14 12:46:00,Net Banking,Pending,41258.71
PAY001591,ORD000541,2024-12-14 15:00:00,Credit Card,Pending,1863.07
PAY001592,ORD000431,2024-12-14 18:37:00,Credit Card,Success,10806.16
PAY001593,ORD001770,2024-12-14 16:28:00,Debit Card,Success,5572.44
PAY001594,ORD001535,2024-12-14 19:29:00,Credit Card,Success,673.32
PAY001595,ORD000924,2024-12-14 13:22:00,Cash on Delivery,Refunded,9299.47
PAY001596,ORD001350,2024-12-14 17:37:00,Cash on Delivery,Failed,31541.79
PAY001597,ORD002130,2024-12-14 19:09:00,UPI,Success,28363.91
PAY001598,ORD001559,2024-12-15 11:51:00,Cash on Delivery,Success,2647.66
PAY001599,ORD002400,2024-12-15 16:33:00,Debit Card,Success,3402.62
PAY001600,ORD001818,2024-12-15 00:34:00,UPI,Refunded,44553.18
PAY001601,ORD002001,2024-12-15 21:08:00,UPI,Success,10623.4
PAY001602,ORD000343,2024-12-15 01:22:00,UPI,Success,5507.42
PAY001603,ORD002217,2024-12-16 02:59:00,Credit Card,Pending,9065.89
PAY001604,ORD002627,2024-12-15 18:40:00,Net Banking,Success,2924.67
PAY001605,ORD003029,2024-12-16 01:00:00,UPI,Success,4907.17
PAY001606,ORD002403,2024-12-15 18:18:00,Net Banking,Success,15984.68
PAY001607,ORD002221,2024-12-16 16:22:00,UPI,Pending,10906.58
PAY001608,ORD000049,2024-12-15 21:34:00,Debit Card,Refunded,7557.29
PAY001609,ORD003028,2024-12-16 20:02:00,UPI,Success,12560.26
PAY001610,ORD002959,2024-12-17 05:35:00,Cash on Delivery,Failed,25499.44
PAY001611,ORD002666,2024-12-16 23:45:00,UPI,Success,33533.63
PAY001612,ORD001198,2024-12-16 20:20:00,UPI,Success,578.23
PAY001613,ORD001504,2024-12-17 08:17:00,UPI,Success,5450.8
PAY001614,ORD000649,2024-12-16 22:51:00,UPI,Success,36131.56
PAY001615,ORD001699,2024-12-17 04:46:00,Credit Card,Refunded,4725.79
PAY001616,ORD002792,2024-12-17 18:29:00,Credit Card,Success,173.77
PAY001617,ORD000003,2024-12-17 00:46:00,UPI,Success,8277.35
PAY001618,ORD002526,2024-12-18 07:39:00,Debit Card,Refunded,18721.05
PAY001619,ORD000283,2024-12-17 14:19:00,Net Banking,Success,49069.6
PAY001620,ORD000848,2024-12-17 21:35:00,UPI,Success,1624.54
PAY001621,ORD003192,2024-12-18 01:03:00,Cash on Delivery,Success,116740.97
PAY001622,ORD000637,2024-12-17 23:20:00,UPI,Success,7438.95
PAY001623,ORD002246,2024-12-18 01:47:00,UPI,Success,28379.42
PAY001624,ORD003055,2024-12-17 23:19:00,Net Banking,Success,43771.08
PAY001625,ORD002075,2024-12-19 04:38:00,UPI,Success,4185.09
PAY001626,ORD001141,2024-12-19 10:35:00,Cash on Delivery,Success,35351.8
PAY001627,ORD001925,2024-12-19 10:22:00,Cash on Delivery,Success,69793.24
PAY001628,ORD000417,2024-12-18 23:40:00,Net Banking,Success,7439.25
PAY001629,ORD000487,2024-12-19 13:51:00,UPI,Refunded,3766.25
PAY001630,ORD001406,2024-12-19 19:01:00,UPI,Success,778.02
PAY001631,ORD001514,2024-12-18 17:47:00,UPI,Success,36495.55
PAY001632,ORD001806,2024-12-19 13:39:00,Cash on Delivery,Refunded,2358.06
PAY001633,ORD000144,2024-12-19 21:07:00,UPI,Success,54497.05
PAY001634,ORD000943,2024-12-19 01:56:00,Credit Card,Failed,2678.49
PAY001635,ORD002814,2024-12-19 20:00:00,UPI,Success,846.34
PAY001636,ORD000881,2024-12-20 02:35:00,Cash on Delivery,Success,14539.16
PAY001637,ORD001208,2024-12-20 09:18:00,Debit Card,Success,897.36
PAY001638,ORD002813,2024-12-20 06:40:00,Debit Card,Failed,26813.82
PAY001639,ORD002986,2024-12-20 03:35:00,UPI,Success,4345.19
PAY001640,ORD002987,2024-12-20 08:41:00,Debit Card,Success,8247.18
PAY001641,ORD003132,2024-12-19 21:13:00,Credit Card,Success,813.15
PAY001642,ORD002081,2024-12-20 11:40:00,Credit Card,Success,83173.82
PAY001643,ORD002024,2024-12-20 03:02:00,UPI,Pending,1536.86
PAY001644,ORD000058,2024-12-20 16:44:00,Cash on Delivery,Success,4145.68
PAY001645,ORD000831,2024-12-20 01:02:00,Credit Card,Success,727.1
PAY001646,ORD000330,2024-12-20 08:28:00,Cash on Delivery,Success,7946.24
PAY001647,ORD001137,2024-12-19 23:01:00,Debit Card,Success,6818.17
PAY001648,ORD002126,2024-12-20 20:27:00,UPI,Pending,18108.57
PAY001649,ORD000234,2024-12-20 15:43:00,Cash on Delivery,Success,3529.03
PAY001650,ORD000667,2024-12-20 13:38:00,Debit Card,Success,10426.84
PAY001651,ORD002889,2024-12-21 09:04:00,Debit Card,Success,1581.75
PAY001652,ORD002858,2024-12-21 17:24:00,UPI,Success,832.9
PAY001653,ORD000008,2024-12-20 20:31:00,Debit Card,Success,8674.13
PAY001654,ORD002240,2024-12-21 20:50:00,UPI,Failed,13360.77
PAY001655,ORD001531,2024-12-21 13:26:00,Debit Card,Success,29994.77
PAY001656,ORD002576,2024-12-20 23:54:00,UPI,Success,23782.96
PAY001657,ORD000381,2024-12-21 11:00:00,Credit Card,Success,6199.36
PAY001658,ORD002258,2024-12-21 11:02:00,UPI,Success,15639.97
PAY001659,ORD001756,2024-12-22 04:56:00,UPI,Success,9695.2
PAY001660,ORD002670,2024-12-21 13:45:00,Credit Card,Refunded,11341.06
PAY001661,ORD001669,2024-12-22 04:16:00,UPI,Refunded,20934.31
PAY001662,ORD001663,2024-12-21 18:05:00,UPI,Success,1322.48
PAY001663,ORD002443,2024-12-21 16:09:00,Debit Card,Success,165.86
PAY001664,ORD000190,2024-12-22 05:32:00,UPI,Success,8449.09
PAY001665,ORD002622,2024-12-22 11:40:00,Debit Card,Refunded,911.85
PAY001666,ORD001176,2024-12-21 22:11:00,Cash on Delivery,Success,36216.06
PAY001667,ORD001569,2024-12-22 11:49:00,UPI,Success,5534.32
PAY001668,ORD000726,2024-12-22 18:44:00,UPI,Success,8837.04
PAY001669,ORD000864,2024-12-22 09:02:00,Cash on Delivery,Refunded,9126.83
PAY001670,ORD001592,2024-12-22 10:36:00,Cash on Delivery,Success,5148.01
PAY001671,ORD000936,2024-12-22 10:44:00,Cash on Delivery,Failed,15105.09
PAY001672,ORD002876,2024-12-22 17:24:00,Cash on Delivery,Failed,3606.79
PAY001673,ORD001210,2024-12-22 18:49:00,Debit Card,Success,2714.15
PAY001674,ORD001705,2024-12-22 17:01:00,Credit Card,Success,19114.84
PAY001675,ORD002612,2024-12-23 07:46:00,Net Banking,Success,2234.76
PAY001676,ORD000849,2024-12-23 16:12:00,Net Banking,Refunded,1343.3
PAY001677,ORD002154,2024-12-24 08:17:00,Debit Card,Success,870.3
PAY001678,ORD000787,2024-12-23 13:41:00,Credit Card,Success,5665.71
PAY001679,ORD000038,2024-12-24 08:37:00,UPI,Success,49734.8
PAY001680,ORD000499,2024-12-24 05:53:00,Net Banking,Refunded,16711.47
PAY001681,ORD002707,2024-12-24 00:03:00,Cash on Delivery,Success,2727.57
PAY001682,ORD002291,2024-12-23 22:06:00,UPI,Success,3147.82
PAY001683,ORD002216,2024-12-23 23:59:00,Debit Card,Success,819.96
PAY001684,ORD001087,2024-12-25 02:00:00,Debit Card,Refunded,3627.61
PAY001685,ORD000154,2024-12-24 18:08:00,Debit Card,Pending,17940.3
PAY001686,ORD002953,2024-12-24 13:28:00,UPI,Success,8708.21
PAY001687,ORD002462,2024-12-24 19:11:00,Debit Card,Pending,2052.41
PAY001688,ORD002302,2024-12-24 22:27:00,Credit Card,Success,375.39
PAY001689,ORD002657,2024-12-25 05:23:00,Credit Card,Refunded,864.92
PAY001690,ORD001678,2024-12-25 22:25:00,UPI,Success,41306.4
PAY001691,ORD002316,2024-12-25 09:38:00,UPI,Success,3997.6
PAY001692,ORD002832,2024-12-25 15:41:00,Credit Card,Refunded,16059.93
PAY001693,ORD002990,2024-12-25 13:49:00,Credit Card,Success,6227.14
PAY001694,ORD002086,2024-12-25 20:12:00,Debit Card,Success,52358.58
PAY001695,ORD002367,2024-12-26 00:22:00,Cash on Delivery,Failed,21163.18
PAY001696,ORD002064,2024-12-25 17:20:00,UPI,Success,2830.76
PAY001697,ORD002649,2024-12-26 00:32:00,Credit Card,Success,4164.35
PAY001698,ORD000221,2024-12-26 04:03:00,UPI,Success,118.39
PAY001699,ORD001061,2024-12-26 18:43:00,Debit Card,Success,58469.63
PAY001700,ORD002018,2024-12-26 11:38:00,Debit Card,Refunded,2303.39
PAY001701,ORD002563,2024-12-27 08:53:00,UPI,Success,78.64
PAY001702,ORD001049,2024-12-26 12:44:00,Credit Card,Success,23662.32
PAY001703,ORD003019,2024-12-27 21:52:00,Debit Card,Success,1697.8
PAY001704,ORD002605,2024-12-28 03:57:00,Credit Card,Success,4846.78
PAY001705,ORD000017,2024-12-27 15:35:00,Cash on Delivery,Success,608.65
PAY001706,ORD002273,2024-12-28 14:57:00,Debit Card,Success,4107.79
PAY001707,ORD001658,2024-12-28 15:39:00,UPI,Success,1635.6
PAY001708,ORD001799,2024-12-28 17:22:00,UPI,Success,42225.0
PAY001709,ORD002841,2024-12-29 04:42:00,Debit Card,Success,950.05
PAY001710,ORD001893,2024-12-30 06:19:00,Debit Card,Success,888.15
PAY001711,ORD002818,2024-12-30 05:32:00,Net Banking,Success,3376.14
PAY001712,ORD002956,2024-12-30 17:39:00,UPI,Refunded,13792.99
PAY001713,ORD002013,2024-12-30 04:58:00,Debit Card,Success,5130.54
PAY001714,ORD001274,2024-12-31 07:39:00,Cash on Delivery,Success,4508.72
PAY001715,ORD003158,2024-12-31 12:25:00,UPI,Success,6685.73
PAY001716,ORD002343,2024-12-31 01:17:00,UPI,Success,6596.1
PAY001717,ORD001038,2024-12-31 02:50:00,Cash on Delivery,Refunded,40491.85
PAY001718,ORD000430,2024-12-31 20:46:00,Cash on Delivery,Success,5521.39
PAY001719,ORD001692,2025-01-01 09:30:00,Net Banking,Success,41690.55
PAY001720,ORD000543,2025-01-01 14:53:00,UPI,Success,38234.95
PAY001721,ORD000492,2024-12-31 22:40:00,UPI,Success,19205.76
PAY001722,ORD002530,2025-01-01 09:50:00,Cash on Delivery,Success,43595.11
PAY001723,ORD000447,2025-01-01 19:35:00,Cash on Delivery,Success,4452.32
PAY001724,ORD002143,2025-01-02 02:52:00,Credit Card,Success,1030.44
PAY001725,ORD002106,2025-01-01 22:25:00,Cash on Delivery,Success,3610.26
PAY001726,ORD003063,2025-01-02 04:45:00,UPI,Success,7107.44
PAY001727,ORD001041,2025-01-02 02:36:00,Net Banking,Success,164.98
PAY001728,ORD000628,2025-01-02 05:15:00,Cash on Delivery,Refunded,860.24
PAY001729,ORD002413,2025-01-02 19:34:00,Cash on Delivery,Refunded,949.19
PAY001730,ORD002783,2025-01-02 10:18:00,UPI,Success,5801.34
PAY001731,ORD002271,2025-01-02 19:08:00,Cash on Delivery,Success,2415.27
PAY001732,ORD000293,2025-01-02 22:13:00,Debit Card,Success,608.42
PAY001733,ORD001172,2025-01-02 21:16:00,UPI,Success,16647.32
PAY001734,ORD000983,2025-01-03 14:55:00,UPI,Refunded,8395.2
PAY001735,ORD001032,2025-01-03 18:35:00,UPI,Success,2425.33
PAY001736,ORD003141,2025-01-03 07:12:00,Credit Card,Success,39647.94
PAY001737,ORD001376,2025-01-03 17:05:00,Debit Card,Success,10162.77
PAY001738,ORD002007,2025-01-04 11:10:00,Debit Card,Success,905.75
PAY001739,ORD001110,2025-01-03 09:25:00,Cash on Delivery,Failed,7319.27
PAY001740,ORD000339,2025-01-03 20:26:00,UPI,Success,9330.07
PAY001741,ORD001497,2025-01-04 01:27:00,Debit Card,Success,617.98
PAY001742,ORD001191,2025-01-03 17:58:00,Credit Card,Success,2011.17
PAY001743,ORD003060,2025-01-03 18:28:00,Credit Card,Success,1733.09
PAY001744,ORD001195,2025-01-04 12:29:00,UPI,Success,277.82
PAY001745,ORD000912,2025-01-03 21:38:00,UPI,Refunded,20347.16
PAY001746,ORD002205,2025-01-04 19:50:00,Net Banking,Success,4183.79
PAY001747,ORD001723,2025-01-04 21:21:00,UPI,Success,54927.58
PAY001748,ORD000716,2025-01-04 22:04:00,UPI,Success,14936.19
PAY001749,ORD003009,2025-01-05 21:11:00,Credit Card,Pending,3012.75
PAY001750,ORD000182,2025-01-05 21:11:00,Debit Card,Success,2606.94
PAY001751,ORD001572,2025-01-05 05:16:00,Cash on Delivery,Success,18008.45
PAY001752,ORD001581,2025-01-05 19:20:00,UPI,Success,34192.4
PAY001753,ORD000013,2025-01-05 21:40:00,UPI,Success,1753.75
PAY001754,ORD000620,2025-01-05 19:32:00,Debit Card,Refunded,3234.08
PAY001755,ORD000685,2025-01-05 11:34:00,Debit Card,Success,9487.0
PAY001756,ORD001680,2025-01-05 22:42:00,UPI,Pending,14484.1
PAY001757,ORD001199,2025-01-06 03:53:00,UPI,Success,1637.85
PAY001758,ORD002101,2025-01-05 11:27:00,Net Banking,Pending,6219.71
PAY001759,ORD001840,2025-01-06 01:50:00,UPI,Success,12596.4
PAY001760,ORD003120,2025-01-06 10:44:00,Credit Card,Failed,33900.72
PAY001761,ORD002265,2025-01-05 16:08:00,Credit Card,Refunded,2437.11
PAY001762,ORD002759,2025-01-05 19:09:00,Cash on Delivery,Success,18833.48
PAY001763,ORD001503,2025-01-05 23:27:00,Cash on Delivery,Refunded,1586.79
PAY001764,ORD002158,2025-01-07 03:06:00,Cash on Delivery,Success,3339.35
PAY001765,ORD001277,2025-01-07 11:07:00,Credit Card,Failed,1009.45
PAY001766,ORD001240,2025-01-06 19:41:00,Credit Card,Success,8064.86
PAY001767,ORD000877,2025-01-07 07:11:00,Cash on Delivery,Success,14460.49
PAY001768,ORD000941,2025-01-07 10:17:00,UPI,Failed,22548.63
PAY001769,ORD000932,2025-01-07 02:07:00,UPI,Failed,8213.21
PAY001770,ORD000130,2025-01-06 20:21:00,Debit Card,Failed,88364.48
PAY001771,ORD002243,2025-01-07 22:07:00,UPI,Success,2838.68
PAY001772,ORD001976,2025-01-08 11:22:00,Debit Card,Success,331.46
PAY001773,ORD001516,2025-01-07 09:36:00,UPI,Success,8096.5
PAY001774,ORD002644,2025-01-07 19:57:00,Debit Card,Success,6934.14
PAY001775,ORD000069,2025-01-08 05:29:00,UPI,Success,3526.12
PAY001776,ORD003096,2025-01-08 16:32:00,Debit Card,Pending,21113.92
PAY001777,ORD000434,2025-01-08 15:39:00,Credit Card,Success,6428.72
PAY001778,ORD000754,2025-01-08 13:14:00,Net Banking,Success,2912.86
PAY001779,ORD000218,2025-01-08 09:23:00,Net Banking,Success,4579.11
PAY001780,ORD000593,2025-01-08 02:50:00,UPI,Pending,324.05
PAY001781,ORD001888,2025-01-08 21:58:00,Debit Card,Success,31738.21
PAY001782,ORD002417,2025-01-08 19:13:00,Debit Card,Success,42968.4
PAY001783,ORD000383,2025-01-09 11:38:00,UPI,Success,4585.27
PAY001784,ORD000476,2025-01-09 03:55:00,UPI,Success,64146.64
PAY001785,ORD000533,2025-01-09 13:03:00,Debit Card,Refunded,2043.53
PAY001786,ORD001725,2025-01-10 04:54:00,Cash on Delivery,Refunded,137.05
PAY001787,ORD002947,2025-01-10 14:36:00,Cash on Delivery,Failed,622.14
PAY001788,ORD001719,2025-01-10 08:43:00,Debit Card,Success,48156.92
PAY001789,ORD000682,2025-01-09 16:41:00,UPI,Success,23483.02
PAY001790,ORD001059,2025-01-10 02:19:00,Credit Card,Refunded,10494.42
PAY001791,ORD001546,2025-01-10 05:42:00,UPI,Refunded,381.71
PAY001792,ORD002112,2025-01-09 18:46:00,UPI,Success,41142.72
PAY001793,ORD000162,2025-01-10 18:57:00,Cash on Delivery,Success,3473.85
PAY001794,ORD000352,2025-01-10 06:14:00,UPI,Success,3479.2
PAY001795,ORD001835,2025-01-10 21:17:00,Cash on Delivery,Success,7809.26
PAY001796,ORD000921,2025-01-10 23:49:00,Net Banking,Success,85.83
PAY001797,ORD003107,2025-01-11 14:09:00,Credit Card,Refunded,5537.86
PAY001798,ORD001811,2025-01-10 23:41:00,Debit Card,Success,23953.77
PAY001799,ORD001764,2025-01-11 07:10:00,Credit Card,Success,384.94
PAY001800,ORD002638,2025-01-11 17:38:00,UPI,Success,2950.08
PAY001801,ORD000803,2025-01-10 23:27:00,UPI,Success,689.72
PAY001802,ORD002203,2025-01-12 00:54:00,Cash on Delivery,Success,6708.22
PAY001803,ORD000570,2025-01-11 13:57:00,UPI,Failed,1204.62
PAY001804,ORD000656,2025-01-11 20:38:00,Credit Card,Refunded,37660.6
PAY001805,ORD001151,2025-01-12 02:38:00,Credit Card,Success,13592.11
PAY001806,ORD000250,2025-01-11 17:26:00,Cash on Delivery,Success,19766.19
PAY001807,ORD002938,2025-01-11 20:29:00,Net Banking,Success,21161.14
PAY001808,ORD002575,2025-01-12 02:46:00,Cash on Delivery,Success,24335.96
PAY001809,ORD002846,2025-01-11 22:37:00,Cash on Delivery,Success,2012.97
PAY001810,ORD001870,2025-01-12 06:45:00,Credit Card,Success,280.78
PAY001811,ORD002026,2025-01-12 10:45:00,Debit Card,Success,1245.62
PAY001812,ORD001771,2025-01-12 21:29:00,Debit Card,Success,348.15
PAY001813,ORD002080,2025-01-13 04:38:00,Debit Card,Refunded,617.22
PAY001814,ORD000210,2025-01-12 23:00:00,Cash on Delivery,Success,3511.31
PAY001815,ORD003150,2025-01-12 21:17:00,Net Banking,Pending,79824.29
PAY001816,ORD002172,2025-01-13 10:52:00,UPI,Success,4577.52
PAY001817,ORD001035,2025-01-12 20:13:00,UPI,Refunded,22177.85
PAY001818,ORD002793,2025-01-13 03:56:00,UPI,Success,1970.88
PAY001819,ORD001781,2025-01-12 22:08:00,Debit Card,Failed,770.18
PAY001820,ORD000781,2025-01-14 08:08:00,UPI,Success,18451.78
PAY001821,ORD000048,2025-01-13 17:50:00,UPI,Success,15001.73
PAY001822,ORD001862,2025-01-14 05:57:00,Debit Card,Failed,35928.48
PAY001823,ORD000269,2025-01-13 16:31:00,UPI,Success,2471.17
PAY001824,ORD001843,2025-01-14 12:18:00,Cash on Delivery,Failed,44861.89
PAY001825,ORD000328,2025-01-14 14:57:00,Credit Card,Success,10731.68
PAY001826,ORD003041,2025-01-14 17:20:00,UPI,Success,4500.21
PAY001827,ORD000597,2025-01-13 20:47:00,Debit Card,Success,2370.97
PAY001828,ORD002688,2025-01-15 03:01:00,Debit Card,Success,8020.0
PAY001829,ORD001452,2025-01-15 10:48:00,UPI,Success,7618.97
PAY001830,ORD002093,2025-01-14 16:13:00,UPI,Success,1824.84
PAY001831,ORD002933,2025-01-15 07:13:00,UPI,Pending,565.24
PAY001832,ORD000686,2025-01-15 05:17:00,Cash on Delivery,Refunded,33401.9
PAY001833,ORD000621,2025-01-15 11:37:00,Credit Card,Success,25022.26
PAY001834,ORD001259,2025-01-16 09:09:00,UPI,Success,2685.92
PAY001835,ORD002476,2025-01-15 23:14:00,Debit Card,Success,668.59
PAY001836,ORD001213,2025-01-17 01:24:00,Credit Card,Success,7281.86
PAY001837,ORD002674,2025-01-17 04:51:00,Debit Card,Success,521.69
PAY001838,ORD002226,2025-01-16 18:54:00,Cash on Delivery,Failed,18270.35
PAY001839,ORD001787,2025-01-17 10:32:00,Debit Card,Success,1782.18
PAY001840,ORD000995,2025-01-17 06:29:00,Net Banking,Success,7050.61
PAY001841,ORD000354,2025-01-16 18:46:00,UPI,Success,59190.72
PAY001842,ORD001380,2025-01-16 16:25:00,UPI,Success,2430.4
PAY001843,ORD000778,2025-01-17 15:17:00,UPI,Success,11420.77
PAY001844,ORD002917,2025-01-16 23:39:00,Cash on Delivery,Success,25783.3
PAY001845,ORD001873,2025-01-17 20:12:00,Debit Card,Refunded,7096.17
PAY001846,ORD000295,2025-01-18 01:24:00,UPI,Success,6024.87
PAY001847,ORD002810,2025-01-18 06:44:00,UPI,Failed,2368.5
PAY001848,ORD002046,2025-01-18 01:30:00,UPI,Success,27850.4
PAY001849,ORD001539,2025-01-17 13:41:00,Credit Card,Success,33960.26
PAY001850,ORD000500,2025-01-17 12:35:00,Net Banking,Success,1319.18
PAY001851,ORD001846,2025-01-18 12:53:00,UPI,Refunded,7123.54
PAY001852,ORD002940,2025-01-17 23:29:00,Debit Card,Pending,72748.18
PAY001853,ORD001330,2025-01-18 07:47:00,Debit Card,Pending,4519.46
PAY001854,ORD002181,2025-01-18 05:32:00,Net Banking,Success,3399.53
PAY001855,ORD000544,2025-01-18 06:45:00,Net Banking,Failed,726.95
PAY001856,ORD000066,2025-01-18 13:21:00,UPI,Failed,4525.78
PAY001857,ORD000800,2025-01-18 06:48:00,UPI,Success,10704.72
PAY001858,ORD000718,2025-01-18 11:34:00,Net Banking,Refunded,4062.95
PAY001859,ORD000776,2025-01-18 16:14:00,UPI,Success,1777.89
PAY001860,ORD002981,2025-01-19 09:20:00,Net Banking,Success,4347.06
PAY001861,ORD000730,2025-01-18 17:17:00,Debit Card,Success,1397.91
PAY001862,ORD002656,2025-01-19 18:24:00,UPI,Success,2856.25
PAY001863,ORD000830,2025-01-19 18:19:00,Credit Card,Success,2210.87
PAY001864,ORD002025,2025-01-18 22:56:00,Credit Card,Success,2996.78
PAY001865,ORD000525,2025-01-18 21:40:00,Debit Card,Success,1568.04
PAY001866,ORD002888,2025-01-19 07:53:00,Credit Card,Success,2539.45
PAY001867,ORD000228,2025-01-20 05:34:00,UPI,Success,28203.95
PAY001868,ORD000456,2025-01-19 19:51:00,UPI,Refunded,2406.18
PAY001869,ORD000797,2025-01-19 18:34:00,Net Banking,Success,1405.3
PAY001870,ORD000256,2025-01-19 20:20:00,Cash on Delivery,Success,9320.2
PAY001871,ORD001924,2025-01-20 08:52:00,Credit Card,Success,5234.63
PAY001872,ORD001229,2025-01-20 17:34:00,UPI,Success,10447.05
PAY001873,ORD002426,2025-01-20 00:38:00,Cash on Delivery,Success,6248.83
PAY001874,ORD001661,2025-01-20 12:09:00,UPI,Success,3478.8
PAY001875,ORD000635,2025-01-20 21:23:00,Cash on Delivery,Success,90.74
PAY001876,ORD000763,2025-01-20 13:16:00,UPI,Success,27832.69
PAY001877,ORD001067,2025-01-19 22:20:00,UPI,Failed,18686.34
PAY001878,ORD000442,2025-01-20 04:57:00,UPI,Success,6756.84
PAY001879,ORD003140,2025-01-20 14:14:00,Credit Card,Success,2424.56
PAY001880,ORD001073,2025-01-20 10:32:00,UPI,Failed,3620.38
PAY001881,ORD002931,2025-01-20 01:38:00,Cash on Delivery,Success,4258.68
PAY001882,ORD002568,2025-01-20 14:44:00,UPI,Refunded,12283.09
PAY001883,ORD001261,2025-01-20 13:59:00,UPI,Refunded,8635.95
PAY001884,ORD002280,2025-01-21 10:50:00,UPI,Success,10363.14
PAY001885,ORD001986,2025-01-21 00:25:00,UPI,Refunded,2656.93
PAY001886,ORD000700,2025-01-20 15:39:00,UPI,Refunded,4747.64
PAY001887,ORD002654,2025-01-21 10:27:00,Net Banking,Success,627.29
PAY001888,ORD000350,2025-01-21 05:19:00,Net Banking,Success,1097.34
PAY001889,ORD002165,2025-01-21 20:21:00,Credit Card,Success,3934.49
PAY001890,ORD001214,2025-01-21 21:16:00,Cash on Delivery,Success,122327.67
PAY001891,ORD001797,2025-01-22 08:56:00,Debit Card,Success,7024.87
PAY001892,ORD002372,2025-01-22 09:23:00,Credit Card,Success,6872.88
PAY001893,ORD003160,2025-01-22 12:20:00,UPI,Success,645.55
PAY001894,ORD001326,2025-01-22 04:02:00,UPI,Success,13822.07
PAY001895,ORD001133,2025-01-22 01:32:00,UPI,Success,19465.47
PAY001896,ORD002667,2025-01-22 07:50:00,Credit Card,Success,4408.96
PAY001897,ORD000108,2025-01-22 07:39:00,UPI,Refunded,29881.73
PAY001898,ORD003134,2025-01-21 20:53:00,Cash on Delivery,Success,167.66
PAY001899,ORD002732,2025-01-22 13:17:00,Cash on Delivery,Success,37504.69
PAY001900,ORD000646,2025-01-22 22:32:00,Net Banking,Failed,9079.19
PAY001901,ORD002878,2025-01-22 20:34:00,UPI,Refunded,1884.22
PAY001902,ORD000134,2025-01-23 07:12:00,UPI,Refunded,175372.02
PAY001903,ORD002898,2025-01-23 17:03:00,Debit Card,Success,2128.4
PAY001904,ORD000644,2025-01-22 16:56:00,UPI,Refunded,40910.45
PAY001905,ORD002521,2025-01-23 10:33:00,Cash on Delivery,Pending,3970.18
PAY001906,ORD001774,2025-01-23 17:14:00,Cash on Delivery,Success,28735.78
PAY001907,ORD002787,2025-01-23 05:19:00,Debit Card,Success,666.89
PAY001908,ORD002803,2025-01-23 02:00:00,UPI,Failed,536.02
PAY001909,ORD001468,2025-01-23 02:37:00,UPI,Refunded,91087.88
PAY001910,ORD002681,2025-01-23 22:21:00,UPI,Failed,362.51
PAY001911,ORD002950,2025-01-23 23:30:00,Credit Card,Refunded,1018.66
PAY001912,ORD001328,2025-01-24 17:49:00,UPI,Success,1454.07
PAY001913,ORD000529,2025-01-24 09:27:00,UPI,Success,20048.31
PAY001914,ORD000711,2025-01-24 00:05:00,Credit Card,Success,18855.92
PAY001915,ORD002582,2025-01-24 13:19:00,Net Banking,Success,26197.04
PAY001916,ORD000030,2025-01-25 12:24:00,UPI,Success,2370.24
PAY001917,ORD002809,2025-01-24 20:43:00,UPI,Success,30881.84
PAY001918,ORD002664,2025-01-25 01:23:00,Debit Card,Failed,1704.92
PAY001919,ORD000118,2025-01-25 04:25:00,UPI,Success,1379.74
PAY001920,ORD001640,2025-01-26 02:29:00,Debit Card,Refunded,28801.85
PAY001921,ORD000004,2025-01-25 19:03:00,UPI,Success,2083.4
PAY001922,ORD000297,2025-01-26 11:22:00,Debit Card,Success,15639.83
PAY001923,ORD000279,2025-01-25 22:50:00,Debit Card,Refunded,6914.6
PAY001924,ORD002939,2025-01-25 18:49:00,Cash on Delivery,Success,3060.91
PAY001925,ORD000609,2025-01-26 13:37:00,Credit Card,Success,3623.22
PAY001926,ORD000579,2025-01-26 21:04:00,UPI,Success,3603.3
PAY001927,ORD001356,2025-01-27 12:45:00,UPI,Success,103.47
PAY001928,ORD000890,2025-01-26 19:56:00,UPI,Success,60610.05
PAY001929,ORD002920,2025-01-26 17:07:00,Net Banking,Success,689.83
PAY001930,ORD000432,2025-01-26 16:45:00,Credit Card,Refunded,4456.98
PAY001931,ORD002716,2025-01-26 18:10:00,Credit Card,Refunded,4477.88
PAY001932,ORD001400,2025-01-26 20:58:00,Cash on Delivery,Failed,337.34
PAY001933,ORD002661,2025-01-26 21:22:00,Net Banking,Success,2212.92
PAY001934,ORD000415,2025-01-27 08:48:00,Debit Card,Success,13020.28
PAY001935,ORD000445,2025-01-27 01:16:00,UPI,Success,4003.66
PAY001936,ORD001857,2025-01-27 06:00:00,Debit Card,Refunded,1927.25
PAY001937,ORD002441,2025-01-27 21:52:00,UPI,Success,464.05
PAY001938,ORD001313,2025-01-27 19:01:00,Cash on Delivery,Success,1546.46
PAY001939,ORD001332,2025-01-28 12:20:00,Cash on Delivery,Success,9566.12
PAY001940,ORD003157,2025-01-28 02:32:00,UPI,Success,17091.9
PAY001941,ORD000962,2025-01-28 14:44:00,UPI,Failed,1467.31
PAY001942,ORD000798,2025-01-28 07:19:00,UPI,Success,3525.62
PAY001943,ORD000375,2025-01-28 04:11:00,Credit Card,Refunded,1000.84
PAY001944,ORD002457,2025-01-27 20:00:00,Credit Card,Success,27492.34
PAY001945,ORD000101,2025-01-28 20:02:00,Credit Card,Pending,1829.3
PAY001946,ORD001798,2025-01-28 12:47:00,Cash on Delivery,Success,23931.34
PAY001947,ORD002830,2025-01-29 09:01:00,Net Banking,Success,14472.7
PAY001948,ORD000599,2025-01-29 07:10:00,UPI,Success,2059.64
PAY001949,ORD000707,2025-01-29 09:41:00,UPI,Success,236.77
PAY001950,ORD001020,2025-01-29 02:56:00,UPI,Success,13174.47
PAY001951,ORD001078,2025-01-29 06:45:00,Cash on Delivery,Success,1908.85
PAY001952,ORD002020,2025-01-29 16:17:00,UPI,Success,4415.44
PAY001953,ORD000095,2025-01-28 17:01:00,Credit Card,Pending,3982.2
PAY001954,ORD001042,2025-01-28 20:31:00,Net Banking,Success,5864.83
PAY001955,ORD003053,2025-01-28 23:37:00,UPI,Success,6520.61
PAY001956,ORD000286,2025-01-29 06:36:00,Net Banking,Success,90110.19
PAY001957,ORD000677,2025-01-30 02:08:00,Net Banking,Success,4070.04
PAY001958,ORD002451,2025-01-30 04:09:00,UPI,Success,44952.96
PAY001959,ORD003011,2025-01-30 15:00:00,Credit Card,Refunded,4152.21
PAY001960,ORD002348,2025-01-30 12:50:00,Net Banking,Success,2262.28
PAY001961,ORD002624,2025-01-31 06:12:00,UPI,Success,15523.27
PAY001962,ORD001428,2025-01-31 05:11:00,Cash on Delivery,Failed,20656.17
PAY001963,ORD002808,2025-01-31 07:55:00,UPI,Success,2688.49
PAY001964,ORD000092,2025-01-31 02:35:00,Credit Card,Success,4213.74
PAY001965,ORD002774,2025-01-30 16:18:00,Debit Card,Success,20366.48
PAY001966,ORD003031,2025-01-31 17:27:00,Net Banking,Success,129.97
PAY001967,ORD002524,2025-01-31 00:54:00,Credit Card,Success,4504.35
PAY001968,ORD002802,2025-02-01 01:48:00,UPI,Success,9030.94
PAY001969,ORD002910,2025-01-31 09:42:00,UPI,Success,42818.77
PAY001970,ORD001626,2025-01-31 11:45:00,Credit Card,Success,6614.97
PAY001971,ORD002123,2025-02-01 07:49:00,Cash on Delivery,Pending,24899.63
PAY001972,ORD002780,2025-02-01 13:42:00,Debit Card,Success,5931.4
PAY001973,ORD001168,2025-02-01 17:30:00,Debit Card,Refunded,3269.57
PAY001974,ORD000177,2025-02-01 16:43:00,Cash on Delivery,Refunded,9019.17
PAY001975,ORD000300,2025-02-01 05:54:00,Net Banking,Success,1917.52
PAY001976,ORD000586,2025-02-01 16:04:00,Credit Card,Success,1324.2
PAY001977,ORD000126,2025-02-01 16:04:00,Debit Card,Success,774.3
PAY001978,ORD002208,2025-01-31 23:18:00,Net Banking,Success,24613.67
PAY001979,ORD003200,2025-02-01 20:07:00,Credit Card,Success,3346.04
PAY001980,ORD002536,2025-02-02 02:07:00,Credit Card,Refunded,1871.16
PAY001981,ORD002935,2025-02-02 15:50:00,Cash on Delivery,Pending,31017.57
PAY001982,ORD002835,2025-02-02 13:17:00,Net Banking,Success,503.89
PAY001983,ORD000388,2025-02-02 07:15:00,UPI,Success,1488.93
PAY001984,ORD002510,2025-02-02 13:18:00,Credit Card,Success,5787.67
PAY001985,ORD000784,2025-02-03 00:59:00,UPI,Success,51632.4
PAY001986,ORD001084,2025-02-03 10:12:00,UPI,Success,1431.48
PAY001987,ORD002602,2025-02-03 08:50:00,Credit Card,Success,17801.63
PAY001988,ORD000478,2025-02-03 18:46:00,UPI,Success,4668.34
PAY001989,ORD001288,2025-02-02 21:26:00,Cash on Delivery,Success,5907.38
PAY001990,ORD000401,2025-02-03 12:21:00,Debit Card,Refunded,3072.03
PAY001991,ORD001509,2025-02-03 22:21:00,Net Banking,Success,54503.57
PAY001992,ORD002242,2025-02-04 07:41:00,Debit Card,Success,1371.79
PAY001993,ORD002998,2025-02-03 23:06:00,UPI,Success,15268.97
PAY001994,ORD003188,2025-02-05 07:53:00,UPI,Refunded,13895.98
PAY001995,ORD002597,2025-02-04 15:13:00,Net Banking,Success,16271.71
PAY001996,ORD002320,2025-02-05 11:31:00,Debit Card,Success,89529.56
PAY001997,ORD000651,2025-02-05 13:10:00,UPI,Failed,26144.38
PAY001998,ORD002399,2025-02-05 18:32:00,UPI,Success,10886.34
PAY001999,ORD000455,2025-02-05 18:11:00,Credit Card,Success,7573.15
PAY002000,ORD001952,2025-02-06 01:38:00,Credit Card,Success,91207.51
PAY002001,ORD000180,2025-02-06 00:07:00,Net Banking,Success,22588.06
PAY002002,ORD000380,2025-02-05 19:33:00,UPI,Refunded,86.03
PAY002003,ORD003111,2025-02-06 18:36:00,UPI,Pending,8985.5
PAY002004,ORD001101,2025-02-06 06:44:00,Debit Card,Success,6335.22
PAY002005,ORD001949,2025-02-06 21:45:00,Credit Card,Success,29818.77
PAY002006,ORD000131,2025-02-06 16:06:00,UPI,Refunded,14730.46
PAY002007,ORD002633,2025-02-07 13:26:00,Debit Card,Success,5628.1
PAY002008,ORD001631,2025-02-08 06:11:00,Credit Card,Success,685.24
PAY002009,ORD000638,2025-02-08 03:40:00,Net Banking,Success,1745.17
PAY002010,ORD001342,2025-02-08 15:09:00,UPI,Success,23081.52
PAY002011,ORD002651,2025-02-08 02:45:00,Net Banking,Success,3240.96
PAY002012,ORD000071,2025-02-09 08:25:00,UPI,Success,20231.25
PAY002013,ORD001926,2025-02-09 20:58:00,UPI,Success,52566.95
PAY002014,ORD001988,2025-02-09 02:09:00,Debit Card,Success,2535.92
PAY002015,ORD000900,2025-02-09 15:57:00,UPI,Refunded,36912.41
PAY002016,ORD002125,2025-02-09 21:44:00,UPI,Success,6934.21
PAY002017,ORD001047,2025-02-10 00:02:00,UPI,Success,13436.85
PAY002018,ORD000511,2025-02-10 08:27:00,Cash on Delivery,Refunded,3479.23
PAY002019,ORD002023,2025-02-10 13:36:00,UPI,Success,37264.62
PAY002020,ORD002448,2025-02-10 19:14:00,Credit Card,Success,10717.14
PAY002021,ORD000331,2025-02-11 04:13:00,UPI,Success,23046.8
PAY002022,ORD001095,2025-02-11 04:45:00,UPI,Refunded,1598.62
PAY002023,ORD002360,2025-02-11 09:07:00,UPI,Success,9809.84
PAY002024,ORD000584,2025-02-12 03:41:00,Net Banking,Success,15316.72
PAY002025,ORD001334,2025-02-11 12:23:00,UPI,Success,20812.22
PAY002026,ORD002055,2025-02-12 01:24:00,UPI,Refunded,103075.66
PAY002027,ORD000793,2025-02-11 10:44:00,Net Banking,Success,151854.38
PAY002028,ORD000958,2025-02-12 01:09:00,Credit Card,Success,101.83
PAY002029,ORD001397,2025-02-13 04:01:00,Credit Card,Success,10958.57
PAY002030,ORD000366,2025-02-12 23:31:00,Cash on Delivery,Refunded,1648.63
PAY002031,ORD000955,2025-02-13 05:42:00,Cash on Delivery,Success,1334.11
PAY002032,ORD001445,2025-02-13 18:13:00,Cash on Delivery,Failed,48128.24
PAY002033,ORD001616,2025-02-13 04:33:00,Net Banking,Success,6782.28
PAY002034,ORD002067,2025-02-14 10:20:00,Debit Card,Success,1935.09
PAY002035,ORD002531,2025-02-13 17:20:00,UPI,Success,3749.01
PAY002036,ORD002587,2025-02-14 10:27:00,Debit Card,Success,6046.41
PAY002037,ORD002911,2025-02-13 22:13:00,Debit Card,Success,7183.84
PAY002038,ORD001413,2025-02-14 03:48:00,Debit Card,Success,2439.09
PAY002039,ORD000193,2025-02-14 19:46:00,UPI,Success,1853.54
PAY002040,ORD001694,2025-02-14 08:53:00,UPI,Success,1447.9
PAY002041,ORD002957,2025-02-14 11:41:00,Credit Card,Success,1580.61
PAY002042,ORD000592,2025-02-14 21:09:00,Credit Card,Success,22702.35
PAY002043,ORD000138,2025-02-15 04:41:00,UPI,Success,13293.54
PAY002044,ORD002503,2025-02-15 13:15:00,Credit Card,Success,6305.09
PAY002045,ORD000634,2025-02-15 14:42:00,Credit Card,Success,16999.57
PAY002046,ORD001262,2025-02-16 01:50:00,UPI,Refunded,111.85
PAY002047,ORD001459,2025-02-15 16:57:00,Credit Card,Success,4959.88
PAY002048,ORD001394,2025-02-16 00:18:00,UPI,Success,5942.96
PAY002049,ORD000185,2025-02-16 14:16:00,UPI,Success,27946.86
PAY002050,ORD001834,2025-02-16 18:40:00,Cash on Delivery,Success,16480.85
PAY002051,ORD001920,2025-02-17 18:56:00,UPI,Success,45356.32
PAY002052,ORD001005,2025-02-17 19:46:00,UPI,Success,1253.42
PAY002053,ORD002727,2025-02-17 21:38:00,UPI,Success,3365.12
PAY002054,ORD000490,2025-02-18 09:26:00,Debit Card,Success,1418.48
PAY002055,ORD000240,2025-02-17 21:41:00,Cash on Delivery,Success,9433.09
PAY002056,ORD003033,2025-02-19 00:45:00,Debit Card,Failed,4776.63
PAY002057,ORD002480,2025-02-19 19:04:00,UPI,Success,62398.88
PAY002058,ORD000119,2025-02-18 18:17:00,UPI,Refunded,2185.28
PAY002059,ORD001422,2025-02-19 08:33:00,UPI,Success,25215.56
PAY002060,ORD002556,2025-02-19 14:51:00,Debit Card,Success,5099.04
PAY002061,ORD001275,2025-02-20 16:32:00,Credit Card,Success,8957.08
PAY002062,ORD002200,2025-02-19 23:07:00,Credit Card,Refunded,15760.97
PAY002063,ORD001814,2025-02-20 13:30:00,Cash on Delivery,Success,113686.59
PAY002064,ORD001291,2025-02-19 23:39:00,Credit Card,Success,18108.24
PAY002065,ORD000654,2025-02-21 02:57:00,Debit Card,Refunded,130.02
PAY002066,ORD002684,2025-02-20 22:35:00,Cash on Delivery,Success,1216.17
PAY002067,ORD000551,2025-02-22 01:21:00,Credit Card,Success,2438.33
PAY002068,ORD001600,2025-02-21 15:26:00,UPI,Success,3138.0
PAY002069,ORD001971,2025-02-21 23:14:00,Debit Card,Refunded,18679.97
PAY002070,ORD002312,2025-02-22 00:00:00,Cash on Delivery,Refunded,12255.94
PAY002071,ORD001121,2025-02-22 18:28:00,UPI,Success,9090.94
PAY002072,ORD001372,2025-02-22 18:25:00,Cash on Delivery,Refunded,1971.29
PAY002073,ORD001272,2025-02-23 06:22:00,Credit Card,Success,3908.81
PAY002074,ORD002945,2025-02-23 13:42:00,Credit Card,Success,12948.26
PAY002075,ORD000351,2025-02-23 17:54:00,Cash on Delivery,Refunded,30387.08
PAY002076,ORD000706,2025-02-22 21:10:00,UPI,Failed,26774.5
PAY002077,ORD002616,2025-02-23 19:58:00,Cash on Delivery,Success,24018.99
PAY002078,ORD002925,2025-02-23 07:05:00,UPI,Success,7211.26
PAY002079,ORD002009,2025-02-23 08:11:00,UPI,Success,2641.26
PAY002080,ORD002642,2025-02-24 09:34:00,UPI,Success,15872.39
PAY002081,ORD001273,2025-02-23 18:12:00,Debit Card,Success,23143.79
PAY002082,ORD001673,2025-02-23 19:20:00,UPI,Refunded,59002.15
PAY002083,ORD001354,2025-02-23 19:49:00,UPI,Success,1672.32
PAY002084,ORD001498,2025-02-24 16:22:00,UPI,Success,42164.54
PAY002085,ORD002934,2025-02-24 05:53:00,UPI,Refunded,4786.85
PAY002086,ORD000735,2025-02-24 02:06:00,UPI,Success,80093.85
PAY002087,ORD001298,2025-02-24 11:50:00,UPI,Refunded,7503.95
PAY002088,ORD002738,2025-02-25 01:11:00,UPI,Success,7014.4
PAY002089,ORD003194,2025-02-24 22:11:00,Debit Card,Success,1710.12
PAY002090,ORD001470,2025-02-25 10:30:00,UPI,Refunded,11336.66
PAY002091,ORD000673,2025-02-25 06:23:00,Debit Card,Success,1129.23
PAY002092,ORD002029,2025-02-25 03:24:00,Cash on Delivery,Refunded,1905.57
PAY002093,ORD002415,2025-02-25 17:44:00,UPI,Success,30330.23
PAY002094,ORD000096,2025-02-26 04:17:00,Credit Card,Success,827.93
PAY002095,ORD001282,2025-02-25 18:47:00,Net Banking,Success,8649.0
PAY002096,ORD000140,2025-02-26 10:27:00,UPI,Failed,8460.5
PAY002097,ORD000207,2025-02-26 03:29:00,Cash on Delivery,Success,22264.01
PAY002098,ORD001094,2025-02-26 01:03:00,UPI,Success,16495.51
PAY002099,ORD000675,2025-02-25 16:22:00,Debit Card,Refunded,4051.69
PAY002100,ORD003109,2025-02-25 21:37:00,UPI,Success,1890.5
PAY002101,ORD002893,2025-02-26 19:22:00,UPI,Success,2394.39
PAY002102,ORD001622,2025-02-26 19:47:00,UPI,Success,6080.59
PAY002103,ORD002204,2025-02-27 08:49:00,UPI,Success,19168.83
PAY002104,ORD002175,2025-02-27 13:31:00,UPI,Success,5971.18
PAY002105,ORD002213,2025-02-27 13:53:00,UPI,Success,199.66
PAY002106,ORD002718,2025-02-28 14:56:00,UPI,Success,26892.78
PAY002107,ORD001399,2025-02-28 10:42:00,UPI,Success,2466.24
PAY002108,ORD002374,2025-02-28 11:55:00,UPI,Success,8513.24
PAY002109,ORD000227,2025-03-01 03:28:00,Credit Card,Success,25970.69
PAY002110,ORD002703,2025-03-01 04:05:00,UPI,Success,3173.24
PAY002111,ORD002686,2025-03-01 03:31:00,Debit Card,Failed,757.62
PAY002112,ORD002030,2025-02-28 22:06:00,UPI,Success,3465.38
PAY002113,ORD002414,2025-03-01 11:49:00,Credit Card,Refunded,271.16
PAY002114,ORD002151,2025-03-01 08:55:00,UPI,Success,8059.25
PAY002115,ORD002470,2025-03-01 20:15:00,Debit Card,Success,2525.95
PAY002116,ORD002532,2025-03-02 01:04:00,UPI,Success,1379.68
PAY002117,ORD001312,2025-03-02 04:22:00,UPI,Success,14856.66
PAY002118,ORD002761,2025-03-02 09:23:00,UPI,Success,5809.56
PAY002119,ORD001836,2025-03-02 18:06:00,Net Banking,Success,53699.57
PAY002120,ORD002743,2025-03-02 06:30:00,Net Banking,Success,7720.88
PAY002121,ORD000091,2025-03-03 07:31:00,UPI,Success,13180.54
PAY002122,ORD003014,2025-03-03 05:49:00,UPI,Success,1019.72
PAY002123,ORD000438,2025-03-02 18:44:00,Net Banking,Success,21105.88
PAY002124,ORD002601,2025-03-02 20:45:00,Credit Card,Pending,29576.13
PAY002125,ORD000668,2025-03-03 04:39:00,Credit Card,Refunded,2696.28
PAY002126,ORD000436,2025-03-04 09:03:00,Cash on Delivery,Failed,46600.02
PAY002127,ORD000563,2025-03-04 04:07:00,Debit Card,Failed,44998.51
PAY002128,ORD002964,2025-03-03 09:15:00,Credit Card,Success,23985.97
PAY002129,ORD001052,2025-03-03 17:21:00,Debit Card,Success,1467.72
PAY002130,ORD000237,2025-03-04 10:06:00,UPI,Success,356.23
PAY002131,ORD000509,2025-03-03 22:32:00,UPI,Success,20580.46
PAY002132,ORD002806,2025-03-04 19:06:00,Credit Card,Success,7748.82
PAY002133,ORD000672,2025-03-04 14:43:00,Cash on Delivery,Refunded,870.26
PAY002134,ORD002851,2025-03-04 13:51:00,UPI,Pending,17446.73
PAY002135,ORD001564,2025-03-04 03:25:00,Credit Card,Success,109480.54
PAY002136,ORD001973,2025-03-05 13:27:00,UPI,Success,19022.9
PAY002137,ORD003021,2025-03-05 10:56:00,UPI,Refunded,3401.51
PAY002138,ORD001844,2025-03-05 18:03:00,Debit Card,Success,3314.84
PAY002139,ORD001849,2025-03-05 17:25:00,Credit Card,Failed,2821.82
PAY002140,ORD001257,2025-03-06 09:53:00,Credit Card,Success,20237.61
PAY002141,ORD002658,2025-03-06 06:10:00,UPI,Success,4853.23
PAY002142,ORD002352,2025-03-06 03:18:00,UPI,Success,61790.61
PAY002143,ORD000853,2025-03-05 15:18:00,Debit Card,Success,1839.96
PAY002144,ORD000608,2025-03-05 23:21:00,Debit Card,Refunded,32138.52
PAY002145,ORD000518,2025-03-06 16:51:00,Cash on Delivery,Success,12127.5
PAY002146,ORD000353,2025-03-06 17:28:00,Cash on Delivery,Pending,2269.19
PAY002147,ORD002527,2025-03-06 15:36:00,Credit Card,Refunded,86022.95
PAY002148,ORD000814,2025-03-07 07:44:00,Debit Card,Refunded,2675.16
PAY002149,ORD002571,2025-03-07 03:42:00,UPI,Pending,17585.18
PAY002150,ORD000884,2025-03-07 10:20:00,UPI,Success,10086.21
PAY002151,ORD000150,2025-03-06 22:00:00,UPI,Refunded,17220.76
PAY002152,ORD002194,2025-03-07 03:04:00,UPI,Refunded,4343.86
PAY002153,ORD002816,2025-03-07 08:56:00,Cash on Delivery,Success,3527.98
PAY002154,ORD003087,2025-03-07 10:15:00,Cash on Delivery,Success,25699.65
PAY002155,ORD002260,2025-03-07 07:48:00,UPI,Success,13034.39
PAY002156,ORD000611,2025-03-08 03:00:00,Debit Card,Success,64080.04
PAY002157,ORD001135,2025-03-07 20:03:00,UPI,Success,20951.3
PAY002158,ORD001813,2025-03-08 20:03:00,UPI,Refunded,1987.98
PAY002159,ORD002347,2025-03-08 01:52:00,Credit Card,Success,5854.79
PAY002160,ORD000251,2025-03-09 10:17:00,Cash on Delivery,Success,2433.03
PAY002161,ORD002924,2025-03-09 05:17:00,UPI,Refunded,5496.21
PAY002162,ORD000288,2025-03-08 22:06:00,UPI,Success,45722.17
PAY002163,ORD002296,2025-03-09 03:09:00,Cash on Delivery,Refunded,8844.76
PAY002164,ORD001467,2025-03-09 16:31:00,Credit Card,Success,27998.18
PAY002165,ORD000337,2025-03-09 14:55:00,Debit Card,Success,2624.55
PAY002166,ORD002854,2025-03-10 05:39:00,UPI,Success,48557.66
PAY002167,ORD002453,2025-03-10 09:57:00,Cash on Delivery,Refunded,2572.74
PAY002168,ORD002229,2025-03-09 22:13:00,UPI,Pending,16860.7
PAY002169,ORD000774,2025-03-10 09:26:00,Debit Card,Refunded,35901.5
PAY002170,ORD002183,2025-03-10 04:55:00,UPI,Success,8700.18
PAY002171,ORD002279,2025-03-10 17:10:00,Cash on Delivery,Success,28879.81
PAY002172,ORD000810,2025-03-09 18:17:00,UPI,Failed,604.06
PAY002173,ORD000559,2025-03-10 16:22:00,Credit Card,Success,30876.6
PAY002174,ORD000222,2025-03-11 12:15:00,Debit Card,Success,3279.64
PAY002175,ORD002115,2025-03-11 04:45:00,Credit Card,Success,9473.66
PAY002176,ORD000745,2025-03-10 17:07:00,Credit Card,Failed,18686.69
PAY002177,ORD001316,2025-03-11 14:49:00,Debit Card,Success,20925.22
PAY002178,ORD000505,2025-03-10 23:50:00,UPI,Success,77190.54
PAY002179,ORD002756,2025-03-11 17:55:00,Debit Card,Refunded,19444.16
PAY002180,ORD002269,2025-03-11 15:19:00,Cash on Delivery,Success,19164.63
PAY002181,ORD000632,2025-03-12 07:02:00,Cash on Delivery,Success,14793.72
PAY002182,ORD000078,2025-03-11 15:33:00,UPI,Refunded,5516.05
PAY002183,ORD000829,2025-03-12 01:42:00,UPI,Success,898.59
PAY002184,ORD000701,2025-03-12 15:38:00,Cash on Delivery,Success,753.29
PAY002185,ORD000555,2025-03-11 21:36:00,Net Banking,Success,2929.35
PAY002186,ORD000068,2025-03-12 10:35:00,Debit Card,Success,2724.69
PAY002187,ORD000323,2025-03-13 05:48:00,UPI,Refunded,15139.42
PAY002188,ORD001472,2025-03-13 02:29:00,Net Banking,Success,8713.66
PAY002189,ORD000556,2025-03-12 22:45:00,Debit Card,Success,5528.13
PAY002190,ORD000577,2025-03-13 01:04:00,Credit Card,Pending,11427.09
PAY002191,ORD002166,2025-03-13 17:44:00,UPI,Success,13731.49
PAY002192,ORD001003,2025-03-13 01:29:00,UPI,Success,5529.68
PAY002193,ORD000906,2025-03-14 08:47:00,Cash on Delivery,Refunded,18445.3
PAY002194,ORD000821,2025-03-14 15:44:00,Net Banking,Success,8949.34
PAY002195,ORD000769,2025-03-13 19:11:00,Debit Card,Pending,61927.68
PAY002196,ORD000481,2025-03-13 20:03:00,UPI,Success,5072.0
PAY002197,ORD001338,2025-03-13 22:51:00,UPI,Success,18274.47
PAY002198,ORD001842,2025-03-14 09:52:00,UPI,Success,1529.53
PAY002199,ORD000164,2025-03-14 10:33:00,Credit Card,Success,4269.38
PAY002200,ORD001098,2025-03-14 21:45:00,Net Banking,Success,3986.96
PAY002201,ORD001968,2025-03-14 21:36:00,UPI,Success,92.68
PAY002202,ORD000281,2025-03-15 15:44:00,Cash on Delivery,Refunded,99325.87
PAY002203,ORD000393,2025-03-14 23:45:00,UPI,Refunded,7399.16
PAY002204,ORD002567,2025-03-15 05:10:00,Debit Card,Failed,25884.87
PAY002205,ORD002481,2025-03-15 07:10:00,UPI,Success,36974.97
PAY002206,ORD000872,2025-03-16 05:52:00,UPI,Refunded,4765.33
PAY002207,ORD002222,2025-03-15 23:33:00,Net Banking,Success,4234.83
PAY002208,ORD003051,2025-03-16 17:13:00,Cash on Delivery,Failed,2003.2
PAY002209,ORD000548,2025-03-17 11:47:00,UPI,Success,2985.17
PAY002210,ORD000605,2025-03-16 17:21:00,UPI,Success,16025.06
PAY002211,ORD000847,2025-03-18 03:16:00,Net Banking,Success,26074.69
PAY002212,ORD000580,2025-03-18 04:35:00,UPI,Success,71066.32
PAY002213,ORD001377,2025-03-17 18:42:00,Debit Card,Success,1430.71
PAY002214,ORD001309,2025-03-17 23:52:00,UPI,Success,7405.84
PAY002215,ORD001701,2025-03-18 20:33:00,UPI,Success,9310.29
PAY002216,ORD002514,2025-03-19 18:51:00,Debit Card,Pending,12039.47
PAY002217,ORD001505,2025-03-19 15:01:00,Credit Card,Failed,6447.8
PAY002218,ORD000468,2025-03-19 05:28:00,Cash on Delivery,Success,2923.15
PAY002219,ORD000971,2025-03-19 21:12:00,UPI,Success,716.08
PAY002220,ORD001821,2025-03-20 07:55:00,Net Banking,Success,28877.13
PAY002221,ORD000075,2025-03-19 15:36:00,Cash on Delivery,Success,5039.59
PAY002222,ORD001731,2025-03-20 04:55:00,Credit Card,Success,2316.38
PAY002223,ORD002179,2025-03-20 10:38:00,Debit Card,Success,115958.45
PAY002224,ORD001222,2025-03-20 08:59:00,Cash on Delivery,Success,3924.68
PAY002225,ORD003129,2025-03-21 00:09:00,UPI,Success,7691.57
PAY002226,ORD003082,2025-03-20 19:26:00,Credit Card,Success,3681.5
PAY002227,ORD003149,2025-03-21 06:36:00,Credit Card,Success,10613.5
PAY002228,ORD001249,2025-03-21 07:41:00,UPI,Success,1621.68
PAY002229,ORD001384,2025-03-20 23:56:00,UPI,Success,34457.84
PAY002230,ORD002776,2025-03-21 05:37:00,UPI,Success,1914.36
PAY002231,ORD002033,2025-03-22 09:44:00,UPI,Pending,1138.16
PAY002232,ORD002719,2025-03-21 15:01:00,Debit Card,Success,41718.63
PAY002233,ORD002466,2025-03-22 05:31:00,UPI,Success,29300.8
PAY002234,ORD002353,2025-03-22 01:27:00,Debit Card,Success,14503.76
PAY002235,ORD000569,2025-03-22 11:32:00,UPI,Success,4454.63
PAY002236,ORD003071,2025-03-23 03:19:00,Net Banking,Success,9004.31
PAY002237,ORD000846,2025-03-23 07:44:00,Cash on Delivery,Success,17680.14
PAY002238,ORD000972,2025-03-22 21:48:00,Credit Card,Refunded,9939.51
PAY002239,ORD000426,2025-03-23 09:46:00,UPI,Success,4061.24
PAY002240,ORD003183,2025-03-23 01:54:00,UPI,Success,510.77
PAY002241,ORD000583,2025-03-24 00:24:00,Net Banking,Failed,1393.04
PAY002242,ORD001601,2025-03-23 20:15:00,UPI,Refunded,12858.36
PAY002243,ORD000454,2025-03-24 14:16:00,Net Banking,Success,48582.32
PAY002244,ORD001382,2025-03-23 12:22:00,UPI,Success,6352.81
PAY002245,ORD000827,2025-03-24 00:15:00,UPI,Pending,3269.75
PAY002246,ORD001138,2025-03-23 18:25:00,UPI,Refunded,177.94
PAY002247,ORD000942,2025-03-23 18:23:00,Net Banking,Success,23622.35
PAY002248,ORD002395,2025-03-24 08:32:00,Debit Card,Success,7526.22
PAY002249,ORD001193,2025-03-24 21:17:00,Net Banking,Success,2215.0
PAY002250,ORD001278,2025-03-24 11:30:00,UPI,Success,12116.56
PAY002251,ORD002153,2025-03-24 21:05:00,Credit Card,Success,46680.88
PAY002252,ORD002613,2025-03-25 13:33:00,Credit Card,Success,764.81
PAY002253,ORD001838,2025-03-25 03:28:00,UPI,Success,2188.98
PAY002254,ORD001252,2025-03-25 01:04:00,Debit Card,Success,1511.83
PAY002255,ORD002478,2025-03-24 23:01:00,UPI,Refunded,5710.7
PAY002256,ORD000042,2025-03-25 00:50:00,UPI,Success,2641.87
PAY002257,ORD000782,2025-03-26 12:47:00,Cash on Delivery,Failed,2608.21
PAY002258,ORD000966,2025-03-25 16:46:00,Cash on Delivery,Success,5570.43
PAY002259,ORD003072,2025-03-26 10:56:00,UPI,Success,10275.47
PAY002260,ORD003137,2025-03-26 07:06:00,UPI,Success,16550.78
PAY002261,ORD001146,2025-03-26 12:05:00,Debit Card,Success,13539.71
PAY002262,ORD000550,2025-03-27 02:10:00,UPI,Refunded,2062.13
PAY002263,ORD000284,2025-03-27 03:11:00,UPI,Pending,24051.49
PAY002264,ORD002948,2025-03-27 13:54:00,Cash on Delivery,Success,22961.84
PAY002265,ORD002628,2025-03-27 07:55:00,UPI,Success,53288.38
PAY002266,ORD002402,2025-03-27 09:10:00,Cash on Delivery,Success,48764.65
PAY002267,ORD000603,2025-03-28 02:04:00,Cash on Delivery,Success,9720.39
PAY002268,ORD001954,2025-03-27 19:12:00,UPI,Success,56666.8
PAY002269,ORD000291,2025-03-28 22:52:00,Cash on Delivery,Failed,74045.9
PAY002270,ORD000636,2025-03-29 05:56:00,Cash on Delivery,Success,12561.7
PAY002271,ORD003000,2025-03-29 11:08:00,UPI,Success,323.47
PAY002272,ORD000106,2025-03-29 18:49:00,Credit Card,Success,12115.99
PAY002273,ORD002247,2025-03-29 18:24:00,Debit Card,Success,17546.23
PAY002274,ORD003044,2025-03-30 19:02:00,Credit Card,Refunded,1397.21
PAY002275,ORD001250,2025-03-29 23:03:00,UPI,Success,5005.39
PAY002276,ORD002586,2025-03-29 20:21:00,UPI,Success,44602.6
PAY002277,ORD001136,2025-03-30 02:22:00,Credit Card,Success,7497.97
PAY002278,ORD000047,2025-03-30 14:58:00,Net Banking,Refunded,4340.16
PAY002279,ORD001343,2025-03-31 09:33:00,Credit Card,Refunded,5339.97
PAY002280,ORD002541,2025-03-31 10:16:00,Cash on Delivery,Refunded,8121.8
PAY002281,ORD003073,2025-03-30 23:40:00,Debit Card,Success,12917.81
PAY002282,ORD001604,2025-03-31 03:20:00,Net Banking,Failed,8949.03
PAY002283,ORD002254,2025-03-31 02:50:00,Credit Card,Refunded,3118.76
PAY002284,ORD000287,2025-04-01 01:58:00,Credit Card,Refunded,3920.05
PAY002285,ORD002424,2025-04-01 21:11:00,UPI,Failed,54753.98
PAY002286,ORD002496,2025-04-01 10:14:00,Debit Card,Success,20745.95
PAY002287,ORD000099,2025-04-01 13:36:00,Cash on Delivery,Success,177.69
PAY002288,ORD000914,2025-04-01 10:08:00,UPI,Success,22506.21
PAY002289,ORD001614,2025-04-01 18:32:00,Credit Card,Success,4172.87
PAY002290,ORD001269,2025-04-01 17:15:00,UPI,Success,5627.18
PAY002291,ORD001785,2025-04-02 10:28:00,Debit Card,Failed,7098.25
PAY002292,ORD000407,2025-04-02 17:07:00,UPI,Failed,93877.48
PAY002293,ORD001013,2025-04-02 10:49:00,Net Banking,Success,2596.56
PAY002294,ORD002156,2025-04-02 04:06:00,UPI,Success,4972.88
PAY002295,ORD000214,2025-04-03 05:13:00,UPI,Success,33748.74
PAY002296,ORD000032,2025-04-03 03:19:00,Cash on Delivery,Success,169.17
PAY002297,ORD001420,2025-04-02 12:32:00,Cash on Delivery,Success,8459.55
PAY002298,ORD002363,2025-04-03 12:26:00,Cash on Delivery,Success,7908.04
PAY002299,ORD003106,2025-04-02 23:36:00,Debit Card,Success,4659.75
PAY002300,ORD002867,2025-04-03 02:58:00,Net Banking,Pending,2153.21
PAY002301,ORD001851,2025-04-03 08:27:00,UPI,Success,8858.87
PAY002302,ORD001551,2025-04-03 17:27:00,Debit Card,Success,28232.73
PAY002303,ORD000531,2025-04-04 09:12:00,Debit Card,Success,1412.84
PAY002304,ORD002970,2025-04-04 10:18:00,Debit Card,Success,11023.49
PAY002305,ORD001162,2025-04-03 20:57:00,Debit Card,Success,24197.12
PAY002306,ORD002799,2025-04-04 01:39:00,Net Banking,Success,16331.49
PAY002307,ORD001289,2025-04-03 13:04:00,UPI,Success,2041.72
PAY002308,ORD002588,2025-04-04 07:10:00,Net Banking,Success,8500.66
PAY002309,ORD001677,2025-04-04 07:06:00,Credit Card,Success,6769.72
PAY002310,ORD003017,2025-04-04 21:27:00,UPI,Success,1789.79
PAY002311,ORD000618,2025-04-04 23:16:00,UPI,Pending,18255.63
PAY002312,ORD002436,2025-04-05 03:21:00,Debit Card,Refunded,12383.04
PAY002313,ORD002762,2025-04-06 02:58:00,Debit Card,Success,48832.98
PAY002314,ORD000041,2025-04-05 19:53:00,UPI,Failed,5454.89
PAY002315,ORD000120,2025-04-06 04:04:00,UPI,Refunded,19185.14
PAY002316,ORD002359,2025-04-06 03:37:00,Cash on Delivery,Refunded,7201.36
PAY002317,ORD003005,2025-04-07 07:46:00,Debit Card,Success,12813.84
PAY002318,ORD002663,2025-04-07 05:22:00,UPI,Success,3671.08
PAY002319,ORD001310,2025-04-06 14:05:00,Net Banking,Success,8993.23
PAY002320,ORD003168,2025-04-06 11:39:00,UPI,Success,1372.27
PAY002321,ORD001010,2025-04-06 21:36:00,UPI,Refunded,36540.25
PAY002322,ORD000472,2025-04-07 11:28:00,UPI,Success,12970.89
PAY002323,ORD001231,2025-04-07 08:05:00,UPI,Success,48556.99
PAY002324,ORD001745,2025-04-07 21:51:00,Debit Card,Success,491.23
PAY002325,ORD002268,2025-04-07 00:02:00,UPI,Success,3679.77
PAY002326,ORD002307,2025-04-08 12:36:00,UPI,Success,6559.1
PAY002327,ORD002856,2025-04-08 10:38:00,UPI,Refunded,3692.68
PAY002328,ORD001142,2025-04-08 09:53:00,Net Banking,Success,6497.28
PAY002329,ORD001471,2025-04-07 17:31:00,Debit Card,Success,24446.34
PAY002330,ORD003116,2025-04-08 17:50:00,UPI,Success,126464.77
PAY002331,ORD001668,2025-04-08 15:46:00,Cash on Delivery,Refunded,2458.97
PAY002332,ORD000230,2025-04-08 21:07:00,Net Banking,Success,32963.66
PAY002333,ORD001037,2025-04-09 04:30:00,Debit Card,Success,675.24
PAY002334,ORD001454,2025-04-08 17:45:00,UPI,Success,22412.63
PAY002335,ORD002362,2025-04-09 07:12:00,UPI,Success,14101.84
PAY002336,ORD001441,2025-04-09 12:17:00,Debit Card,Refunded,15785.73
PAY002337,ORD002261,2025-04-10 05:32:00,Debit Card,Success,67370.1
PAY002338,ORD003088,2025-04-10 06:52:00,Debit Card,Success,22750.75
PAY002339,ORD002474,2025-04-10 14:29:00,UPI,Failed,19856.72
PAY002340,ORD002972,2025-04-10 01:32:00,UPI,Refunded,7502.31
PAY002341,ORD001164,2025-04-09 20:36:00,Cash on Delivery,Pending,5085.03
PAY002342,ORD002706,2025-04-10 11:13:00,Credit Card,Failed,3433.52
PAY002343,ORD002380,2025-04-10 12:56:00,Debit Card,Refunded,2897.73
PAY002344,ORD000698,2025-04-10 09:16:00,Debit Card,Success,84033.38
PAY002345,ORD001716,2025-04-11 16:06:00,UPI,Success,12270.56
PAY002346,ORD000195,2025-04-11 09:15:00,Credit Card,Success,3937.86
PAY002347,ORD001584,2025-04-12 02:05:00,Net Banking,Success,8709.25
PAY002348,ORD002815,2025-04-12 13:07:00,UPI,Success,2494.95
PAY002349,ORD000897,2025-04-12 00:05:00,Debit Card,Refunded,868.12
PAY002350,ORD000117,2025-04-11 15:53:00,UPI,Success,11587.08
PAY002351,ORD000213,2025-04-11 20:24:00,Cash on Delivery,Pending,20839.89
PAY002352,ORD001557,2025-04-12 00:23:00,Debit Card,Success,7506.6
PAY002353,ORD001295,2025-04-13 09:08:00,Debit Card,Success,98921.03
PAY002354,ORD000336,2025-04-12 21:20:00,Debit Card,Success,5392.59
PAY002355,ORD000387,2025-04-13 11:19:00,Debit Card,Success,81492.55
PAY002356,ORD002275,2025-04-13 18:09:00,Cash on Delivery,Success,1073.27
PAY002357,ORD002901,2025-04-13 19:39:00,Debit Card,Success,79612.99
PAY002358,ORD000869,2025-04-12 23:56:00,UPI,Success,36215.89
PAY002359,ORD001255,2025-04-14 08:47:00,Cash on Delivery,Failed,209531.63
PAY002360,ORD000616,2025-04-15 10:11:00,Cash on Delivery,Refunded,8820.42
PAY002361,ORD000504,2025-04-14 22:59:00,UPI,Success,1462.59
PAY002362,ORD003045,2025-04-15 04:08:00,Net Banking,Refunded,2258.96
PAY002363,ORD000610,2025-04-14 20:51:00,UPI,Success,1271.65
PAY002364,ORD000021,2025-04-15 11:49:00,Cash on Delivery,Success,17698.17
PAY002365,ORD000750,2025-04-15 00:21:00,Credit Card,Success,12293.46
PAY002366,ORD002241,2025-04-15 07:29:00,UPI,Refunded,75888.44
PAY002367,ORD002066,2025-04-16 15:07:00,Net Banking,Success,3141.59
PAY002368,ORD000653,2025-04-16 05:10:00,UPI,Success,2459.58
PAY002369,ORD001442,2025-04-16 11:54:00,Debit Card,Success,28054.26
PAY002370,ORD002464,2025-04-17 12:38:00,Net Banking,Refunded,12551.72
PAY002371,ORD002853,2025-04-16 23:48:00,Net Banking,Success,1581.78
PAY002372,ORD003093,2025-04-17 10:58:00,UPI,Success,6441.09
PAY002373,ORD000171,2025-04-17 13:45:00,Credit Card,Success,490.33
PAY002374,ORD002882,2025-04-17 12:16:00,Cash on Delivery,Refunded,21682.42
PAY002375,ORD001476,2025-04-18 00:24:00,UPI,Refunded,30693.18
PAY002376,ORD003025,2025-04-18 00:06:00,Debit Card,Success,13853.98
PAY002377,ORD000072,2025-04-18 10:12:00,UPI,Success,4164.07
PAY002378,ORD000051,2025-04-19 05:22:00,Debit Card,Success,96.86
PAY002379,ORD003197,2025-04-20 10:19:00,Net Banking,Success,66968.91
PAY002380,ORD001290,2025-04-20 01:56:00,Debit Card,Success,3180.32
PAY002381,ORD001223,2025-04-20 04:09:00,Cash on Delivery,Failed,5566.6
PAY002382,ORD002349,2025-04-20 01:32:00,Debit Card,Success,179.4
PAY002383,ORD001882,2025-04-20 01:35:00,Net Banking,Success,1802.91
PAY002384,ORD000104,2025-04-20 10:02:00,UPI,Failed,23852.18
PAY002385,ORD003050,2025-04-20 20:27:00,Debit Card,Success,23475.78
PAY002386,ORD000558,2025-04-21 10:26:00,Debit Card,Success,19832.23
PAY002387,ORD000122,2025-04-21 06:44:00,UPI,Success,1291.83
PAY002388,ORD000987,2025-04-21 09:39:00,UPI,Pending,606.69
PAY002389,ORD000132,2025-04-21 00:01:00,UPI,Success,12340.69
PAY002390,ORD000404,2025-04-21 19:18:00,UPI,Success,1887.23
PAY002391,ORD000086,2025-04-21 17:24:00,Cash on Delivery,Success,582.36
PAY002392,ORD001118,2025-04-21 15:04:00,Cash on Delivery,Pending,381.57
PAY002393,ORD002054,2025-04-21 20:42:00,Cash on Delivery,Refunded,78497.34
PAY002394,ORD001234,2025-04-21 14:24:00,Debit Card,Refunded,19272.29
PAY002395,ORD001625,2025-04-21 21:11:00,UPI,Failed,4119.83
PAY002396,ORD000944,2025-04-21 15:32:00,UPI,Refunded,58842.28
PAY002397,ORD002991,2025-04-21 21:08:00,Credit Card,Refunded,18895.03
PAY002398,ORD000895,2025-04-22 20:08:00,Cash on Delivery,Success,20785.07
PAY002399,ORD000023,2025-04-22 10:43:00,UPI,Success,1911.79
PAY002400,ORD000857,2025-04-22 19:20:00,Cash on Delivery,Success,5372.79
PAY002401,ORD000981,2025-04-23 02:47:00,Cash on Delivery,Refunded,2500.63
PAY002402,ORD000779,2025-04-22 16:47:00,Credit Card,Refunded,70668.75
PAY002403,ORD000223,2025-04-22 23:59:00,Net Banking,Success,4604.24
PAY002404,ORD001554,2025-04-22 22:23:00,Cash on Delivery,Refunded,511.98
PAY002405,ORD001335,2025-04-23 17:33:00,Debit Card,Success,8807.24
PAY002406,ORD001000,2025-04-22 21:34:00,Debit Card,Success,25536.46
PAY002407,ORD002525,2025-04-23 10:49:00,Cash on Delivery,Failed,1072.52
PAY002408,ORD000833,2025-04-24 16:12:00,Cash on Delivery,Success,10422.04
PAY002409,ORD001670,2025-04-25 09:01:00,Debit Card,Success,12404.3
PAY002410,ORD002266,2025-04-26 09:33:00,UPI,Success,3301.85
PAY002411,ORD001828,2025-04-26 13:57:00,UPI,Success,17669.87
PAY002412,ORD002322,2025-04-26 06:54:00,Debit Card,Pending,718.94
PAY002413,ORD002626,2025-04-25 21:03:00,UPI,Success,54534.76
PAY002414,ORD003102,2025-04-26 16:31:00,Credit Card,Pending,80016.87
PAY002415,ORD001344,2025-04-27 15:43:00,UPI,Success,1888.16
PAY002416,ORD001998,2025-04-27 09:43:00,UPI,Success,3686.48
PAY002417,ORD001977,2025-04-27 12:32:00,Credit Card,Success,6272.34
PAY002418,ORD001008,2025-04-27 09:39:00,Credit Card,Success,20437.1
PAY002419,ORD001004,2025-04-27 12:41:00,Net Banking,Failed,600.91
PAY002420,ORD002355,2025-04-27 14:07:00,Credit Card,Success,79223.95
PAY002421,ORD000225,2025-04-28 04:04:00,Credit Card,Success,43623.59
PAY002422,ORD002329,2025-04-28 05:06:00,Credit Card,Success,93.96
PAY002423,ORD000080,2025-04-28 11:22:00,UPI,Success,17279.74
PAY002424,ORD001697,2025-04-28 11:46:00,UPI,Failed,1613.63
PAY002425,ORD000391,2025-04-28 19:31:00,Net Banking,Success,982.36
PAY002426,ORD002317,2025-04-27 21:59:00,Net Banking,Pending,850.59
PAY002427,ORD001006,2025-04-28 18:28:00,Debit Card,Refunded,15276.26
PAY002428,ORD002072,2025-04-28 17:38:00,UPI,Success,7429.22
PAY002429,ORD000889,2025-04-29 05:18:00,Cash on Delivery,Refunded,57762.8
PAY002430,ORD002306,2025-04-29 00:46:00,Credit Card,Success,1047.74
PAY002431,ORD000837,2025-04-29 02:50:00,Cash on Delivery,Success,8712.75
PAY002432,ORD000540,2025-04-28 23:43:00,UPI,Success,42068.89
PAY002433,ORD002989,2025-04-29 10:52:00,Net Banking,Success,7462.7
PAY002434,ORD002059,2025-04-29 15:26:00,Debit Card,Success,75984.67
PAY002435,ORD000419,2025-04-30 11:46:00,Debit Card,Success,3361.97
PAY002436,ORD001515,2025-04-29 23:06:00,Credit Card,Refunded,9123.24
PAY002437,ORD002640,2025-04-30 03:34:00,UPI,Success,11305.08
PAY002438,ORD003155,2025-04-30 20:03:00,Net Banking,Success,5067.96
PAY002439,ORD001777,2025-05-01 03:06:00,Debit Card,Success,3276.59
PAY002440,ORD002995,2025-04-30 22:57:00,Debit Card,Success,35237.82
PAY002441,ORD000029,2025-05-01 03:00:00,UPI,Success,4216.67
PAY002442,ORD000911,2025-05-01 13:46:00,Net Banking,Success,41669.7
PAY002443,ORD003113,2025-05-01 04:21:00,UPI,Success,4443.48
PAY002444,ORD002946,2025-05-01 14:49:00,UPI,Refunded,6049.27
PAY002445,ORD000691,2025-05-01 02:55:00,UPI,Refunded,10255.58
PAY002446,ORD002477,2025-05-01 21:44:00,Net Banking,Refunded,43946.44
PAY002447,ORD000421,2025-05-02 10:01:00,Debit Card,Refunded,15918.81
PAY002448,ORD000515,2025-05-02 05:56:00,UPI,Success,14509.94
PAY002449,ORD001817,2025-05-02 08:53:00,UPI,Refunded,54588.14
PAY002450,ORD001829,2025-05-02 02:57:00,UPI,Success,7718.91
PAY002451,ORD002599,2025-05-03 00:07:00,Credit Card,Success,54722.32
PAY002452,ORD000226,2025-05-03 07:37:00,Debit Card,Success,2593.61
PAY002453,ORD000822,2025-05-03 07:48:00,Debit Card,Success,58753.95
PAY002454,ORD001530,2025-05-03 15:53:00,Credit Card,Success,56011.83
PAY002455,ORD001081,2025-05-03 07:02:00,Cash on Delivery,Success,6213.66
PAY002456,ORD002159,2025-05-03 15:24:00,UPI,Refunded,6232.33
PAY002457,ORD001322,2025-05-04 12:50:00,Debit Card,Failed,13035.14
PAY002458,ORD000037,2025-05-03 21:23:00,Credit Card,Success,12146.27
PAY002459,ORD000373,2025-05-04 04:01:00,Credit Card,Pending,4199.21
PAY002460,ORD001352,2025-05-04 13:08:00,UPI,Success,105.94
PAY002461,ORD000545,2025-05-04 03:34:00,Cash on Delivery,Success,5465.98
PAY002462,ORD001550,2025-05-03 20:24:00,UPI,Success,14477.71
PAY002463,ORD000347,2025-05-05 04:25:00,Credit Card,Success,64910.06
PAY002464,ORD001710,2025-05-04 23:46:00,Cash on Delivery,Failed,1608.53
PAY002465,ORD002574,2025-05-05 10:07:00,Credit Card,Failed,1575.8
PAY002466,ORD000267,2025-05-04 16:36:00,UPI,Refunded,53855.67
PAY002467,ORD000245,2025-05-04 18:52:00,UPI,Pending,3877.42
PAY002468,ORD002332,2025-05-05 16:32:00,Credit Card,Success,5246.68
PAY002469,ORD001775,2025-05-05 09:50:00,Cash on Delivery,Refunded,16704.43
PAY002470,ORD001045,2025-05-04 22:50:00,Cash on Delivery,Success,26668.23
PAY002471,ORD003121,2025-05-04 22:00:00,Credit Card,Success,2747.66
PAY002472,ORD001644,2025-05-05 00:51:00,UPI,Refunded,29958.29
PAY002473,ORD000952,2025-05-05 16:40:00,Cash on Delivery,Failed,56447.62
PAY002474,ORD000720,2025-05-05 13:48:00,Credit Card,Success,6639.07
PAY002475,ORD002992,2025-05-06 04:21:00,UPI,Success,80656.82
PAY002476,ORD001962,2025-05-06 05:45:00,Net Banking,Success,9001.37
PAY002477,ORD002755,2025-05-05 14:57:00,UPI,Success,2432.12
PAY002478,ORD000574,2025-05-07 04:55:00,UPI,Failed,45265.54
PAY002479,ORD001506,2025-05-07 06:20:00,Credit Card,Refunded,5088.4
PAY002480,ORD000845,2025-05-07 11:22:00,Cash on Delivery,Success,22175.26
PAY002481,ORD001116,2025-05-07 13:27:00,UPI,Refunded,612.45
PAY002482,ORD000266,2025-05-07 04:37:00,UPI,Success,24624.93
PAY002483,ORD003115,2025-05-08 03:17:00,Credit Card,Refunded,5956.52
PAY002484,ORD000219,2025-05-07 09:37:00,UPI,Success,976.08
PAY002485,ORD001958,2025-05-08 07:50:00,Credit Card,Success,2755.33
PAY002486,ORD000659,2025-05-07 20:55:00,Net Banking,Success,39721.06
PAY002487,ORD001093,2025-05-07 17:57:00,UPI,Failed,105349.43
PAY002488,ORD001990,2025-05-07 17:37:00,UPI,Success,85054.44
PAY002489,ORD001930,2025-05-08 00:19:00,Cash on Delivery,Success,160934.84
PAY002490,ORD001735,2025-05-08 12:08:00,Credit Card,Success,10028.11
PAY002491,ORD002863,2025-05-08 19:40:00,Cash on Delivery,Refunded,13473.32
PAY002492,ORD001066,2025-05-09 02:55:00,UPI,Success,7959.44
PAY002493,ORD000582,2025-05-09 08:40:00,Credit Card,Failed,5734.37
PAY002494,ORD002752,2025-05-09 11:47:00,UPI,Success,961.75
PAY002495,ORD001271,2025-05-09 01:05:00,Debit Card,Refunded,1325.04
PAY002496,ORD001929,2025-05-09 02:37:00,UPI,Refunded,14318.26
PAY002497,ORD002061,2025-05-09 13:14:00,UPI,Success,14183.38
PAY002498,ORD000376,2025-05-10 09:16:00,Cash on Delivery,Refunded,23160.68
PAY002499,ORD001487,2025-05-09 21:08:00,Debit Card,Success,14269.18
PAY002500,ORD001021,2025-05-10 02:35:00,Credit Card,Success,21806.38
PAY002501,ORD002314,2025-05-10 03:34:00,UPI,Pending,11144.09
PAY002502,ORD002074,2025-05-10 19:54:00,Credit Card,Refunded,1836.39
PAY002503,ORD003078,2025-05-10 17:41:00,UPI,Success,9269.29
PAY002504,ORD000011,2025-05-10 21:51:00,Net Banking,Success,10858.49
PAY002505,ORD001855,2025-05-11 12:13:00,UPI,Success,792.37
PAY002506,ORD002741,2025-05-10 20:04:00,UPI,Success,24669.69
PAY002507,ORD001978,2025-05-11 02:17:00,UPI,Success,1084.05
PAY002508,ORD002077,2025-05-11 10:44:00,UPI,Success,2605.62
PAY002509,ORD000392,2025-05-12 09:25:00,Cash on Delivery,Success,18526.06
PAY002510,ORD001718,2025-05-12 23:01:00,Net Banking,Success,44746.04
PAY002511,ORD000397,2025-05-13 09:53:00,UPI,Refunded,20226.73
PAY002512,ORD000954,2025-05-13 12:14:00,Credit Card,Success,3512.23
PAY002513,ORD002057,2025-05-12 21:49:00,Net Banking,Success,2891.09
PAY002514,ORD002985,2025-05-13 11:46:00,Net Banking,Success,11029.4
PAY002515,ORD000875,2025-05-13 10:14:00,UPI,Success,5781.39
PAY002516,ORD003080,2025-05-13 23:34:00,Debit Card,Success,13721.48
PAY002517,ORD001270,2025-05-14 05:38:00,UPI,Success,43737.12
PAY002518,ORD002913,2025-05-14 03:23:00,Credit Card,Pending,48006.81
PAY002519,ORD003161,2025-05-14 13:53:00,Debit Card,Success,5311.61
PAY002520,ORD003020,2025-05-13 21:13:00,Debit Card,Success,18376.01
PAY002521,ORD001029,2025-05-14 02:37:00,UPI,Success,2094.37
PAY002522,ORD001654,2025-05-15 11:42:00,Net Banking,Success,41880.86
PAY002523,ORD002019,2025-05-15 05:12:00,Debit Card,Failed,1023.93
PAY002524,ORD002310,2025-05-15 02:08:00,Credit Card,Success,2347.5
PAY002525,ORD000290,2025-05-16 05:10:00,UPI,Refunded,8442.6
PAY002526,ORD000002,2025-05-16 04:47:00,Net Banking,Success,8471.8
PAY002527,ORD001917,2025-05-16 20:15:00,UPI,Success,14992.88
PAY002528,ORD002909,2025-05-16 10:38:00,UPI,Success,2813.23
PAY002529,ORD001204,2025-05-17 09:38:00,Net Banking,Refunded,2655.91
PAY002530,ORD002726,2025-05-17 13:12:00,UPI,Success,12931.6
PAY002531,ORD000220,2025-05-17 16:52:00,Credit Card,Success,35248.39
PAY002532,ORD000033,2025-05-17 11:12:00,UPI,Success,24693.82
PAY002533,ORD000826,2025-05-16 21:15:00,Credit Card,Success,508.33
PAY002534,ORD001386,2025-05-17 01:46:00,UPI,Success,7737.94
PAY002535,ORD000263,2025-05-18 08:36:00,Credit Card,Success,23383.84
PAY002536,ORD002549,2025-05-18 08:06:00,UPI,Success,110717.15
PAY002537,ORD000757,2025-05-18 01:09:00,Debit Card,Success,1864.0
PAY002538,ORD002689,2025-05-19 06:08:00,UPI,Success,147.8
PAY002539,ORD002637,2025-05-19 03:57:00,UPI,Success,5806.73
PAY002540,ORD002008,2025-05-19 11:02:00,Cash on Delivery,Failed,3674.38
PAY002541,ORD000714,2025-05-19 08:29:00,Net Banking,Success,35098.97
PAY002542,ORD000886,2025-05-19 12:36:00,Cash on Delivery,Success,21787.88
PAY002543,ORD002468,2025-05-19 00:45:00,Net Banking,Success,19638.53
PAY002544,ORD002729,2025-05-19 12:41:00,Debit Card,Success,48726.07
PAY002545,ORD003127,2025-05-21 04:46:00,Debit Card,Refunded,1469.63
PAY002546,ORD000137,2025-05-21 12:16:00,Credit Card,Success,33120.19
PAY002547,ORD001792,2025-05-22 08:07:00,Debit Card,Success,831.18
PAY002548,ORD001841,2025-05-22 08:58:00,Debit Card,Success,10291.56
PAY002549,ORD002137,2025-05-21 20:42:00,Cash on Delivery,Success,95868.35
PAY002550,ORD001493,2025-05-22 14:49:00,UPI,Failed,57267.96
PAY002551,ORD002843,2025-05-23 01:38:00,Debit Card,Failed,7571.11
PAY002552,ORD003056,2025-05-22 21:31:00,UPI,Success,4302.71
PAY002553,ORD003004,2025-05-23 19:21:00,UPI,Refunded,6397.45
PAY002554,ORD000604,2025-05-23 20:06:00,Credit Card,Success,17297.62
PAY002555,ORD001760,2025-05-24 17:21:00,UPI,Success,27713.27
PAY002556,ORD002000,2025-05-24 12:01:00,Debit Card,Refunded,4482.12
PAY002557,ORD002469,2025-05-24 19:44:00,Credit Card,Success,6621.25
PAY002558,ORD000191,2025-05-24 02:36:00,UPI,Success,11437.75
PAY002559,ORD001205,2025-05-24 15:05:00,Debit Card,Refunded,72401.89
PAY002560,ORD002490,2025-05-25 10:53:00,UPI,Success,15829.14
PAY002561,ORD001540,2025-05-24 20:50:00,Debit Card,Success,25283.78
PAY002562,ORD001900,2025-05-26 03:40:00,UPI,Success,71.8
PAY002563,ORD002429,2025-05-25 13:46:00,Net Banking,Success,684.32
PAY002564,ORD000783,2025-05-25 11:10:00,Credit Card,Success,19148.11
PAY002565,ORD002584,2025-05-25 20:26:00,Debit Card,Success,14767.23
PAY002566,ORD001426,2025-05-26 00:23:00,Debit Card,Success,5430.38
PAY002567,ORD000753,2025-05-26 11:36:00,Cash on Delivery,Success,18744.6
PAY002568,ORD001385,2025-05-26 20:51:00,UPI,Success,1346.92
PAY002569,ORD001143,2025-05-26 22:42:00,UPI,Success,1028.01
PAY002570,ORD001627,2025-05-27 05:59:00,UPI,Success,8370.52
PAY002571,ORD002779,2025-05-27 13:56:00,UPI,Success,6793.55
PAY002572,ORD001896,2025-05-28 09:16:00,Credit Card,Success,8891.45
PAY002573,ORD000712,2025-05-28 00:35:00,UPI,Refunded,4318.05
PAY002574,ORD000060,2025-05-27 22:05:00,Debit Card,Success,768.76
PAY002575,ORD001453,2025-05-29 04:33:00,Net Banking,Success,18854.54
PAY002576,ORD002500,2025-05-29 11:03:00,Net Banking,Success,108.43
PAY002577,ORD002422,2025-05-28 22:29:00,UPI,Success,5965.49
PAY002578,ORD000390,2025-05-28 15:43:00,UPI,Success,915.42
PAY002579,ORD000441,2025-05-29 05:38:00,Cash on Delivery,Refunded,1277.88
PAY002580,ORD001575,2025-05-29 19:03:00,UPI,Refunded,16904.36
PAY002581,ORD001123,2025-05-29 17:38:00,UPI,Pending,6061.54
PAY002582,ORD002366,2025-05-30 02:19:00,Debit Card,Success,64795.54
PAY002583,ORD002427,2025-05-30 10:27:00,Debit Card,Success,2686.58
PAY002584,ORD001597,2025-05-30 16:24:00,Cash on Delivery,Success,21474.14
PAY002585,ORD001611,2025-05-30 10:24:00,Net Banking,Success,19949.27
PAY002586,ORD002735,2025-05-30 05:17:00,UPI,Success,2672.69
PAY002587,ORD000292,2025-05-30 13:56:00,Credit Card,Success,47046.14
PAY002588,ORD001568,2025-05-30 21:02:00,UPI,Success,16161.3
PAY002589,ORD001494,2025-05-30 14:37:00,Cash on Delivery,Success,34889.01
PAY002590,ORD001887,2025-05-30 08:56:00,Credit Card,Success,5649.74
PAY002591,ORD001050,2025-05-30 14:19:00,UPI,Success,5591.83
PAY002592,ORD000764,2025-05-31 11:28:00,UPI,Success,103755.45
PAY002593,ORD003108,2025-05-31 08:35:00,Debit Card,Success,2298.53
PAY002594,ORD000278,2025-05-31 15:08:00,UPI,Success,1841.23
PAY002595,ORD002733,2025-05-31 17:45:00,UPI,Success,718.76
PAY002596,ORD000217,2025-05-31 19:14:00,Credit Card,Success,8031.39
PAY002597,ORD002488,2025-05-31 10:56:00,UPI,Failed,20215.34
PAY002598,ORD001938,2025-05-31 22:18:00,Credit Card,Success,12983.9
PAY002599,ORD000028,2025-05-31 19:12:00,Cash on Delivery,Success,10499.94
PAY002600,ORD000044,2025-06-01 20:09:00,Cash on Delivery,Refunded,17016.97
PAY002601,ORD003133,2025-06-01 09:54:00,Debit Card,Success,19309.65
PAY002602,ORD000259,2025-06-01 08:30:00,Net Banking,Success,725.27
PAY002603,ORD001994,2025-06-01 15:35:00,UPI,Success,11439.06
PAY002604,ORD002116,2025-06-01 13:12:00,UPI,Success,41773.84
PAY002605,ORD001845,2025-06-01 12:53:00,Credit Card,Failed,13145.4
PAY002606,ORD001657,2025-06-02 07:05:00,UPI,Success,2204.42
PAY002607,ORD000464,2025-06-02 08:51:00,UPI,Success,9368.2
PAY002608,ORD002224,2025-06-02 15:25:00,Debit Card,Success,3757.73
PAY002609,ORD002801,2025-06-02 04:57:00,UPI,Refunded,8139.76
PAY002610,ORD001810,2025-06-02 05:40:00,Debit Card,Success,1651.15
PAY002611,ORD001752,2025-06-02 20:35:00,UPI,Success,219.28
PAY002612,ORD003114,2025-06-02 12:36:00,Credit Card,Refunded,33495.69
PAY002613,ORD000702,2025-06-02 14:11:00,Debit Card,Refunded,5763.84
PAY002614,ORD000652,2025-06-03 00:15:00,Net Banking,Success,7242.44
PAY002615,ORD003083,2025-06-03 02:00:00,Debit Card,Failed,6376.24
PAY002616,ORD002708,2025-06-03 08:29:00,Net Banking,Success,35331.42
PAY002617,ORD000009,2025-06-03 09:27:00,UPI,Success,2490.33
PAY002618,ORD002900,2025-06-03 03:08:00,Debit Card,Success,21957.08
PAY002619,ORD000996,2025-06-03 04:58:00,Credit Card,Success,1627.67
PAY002620,ORD002259,2025-06-03 12:10:00,Credit Card,Success,1972.96
PAY002621,ORD002176,2025-06-02 20:05:00,Cash on Delivery,Success,24881.47
PAY002622,ORD002795,2025-06-03 02:43:00,Cash on Delivery,Failed,54124.74
PAY002623,ORD001341,2025-06-04 07:06:00,Cash on Delivery,Failed,2134.11
PAY002624,ORD002647,2025-06-03 23:22:00,Net Banking,Failed,6546.2
PAY002625,ORD002963,2025-06-03 18:32:00,UPI,Success,13392.08
PAY002626,ORD000630,2025-06-03 10:36:00,Cash on Delivery,Refunded,2128.87
PAY002627,ORD000674,2025-06-04 08:14:00,Credit Card,Success,5663.83
PAY002628,ORD000854,2025-06-03 17:00:00,Credit Card,Success,6777.6
PAY002629,ORD001443,2025-06-04 03:15:00,Debit Card,Success,6978.09
PAY002630,ORD002082,2025-06-03 20:45:00,Credit Card,Success,83.85
PAY002631,ORD002109,2025-06-04 05:30:00,Cash on Delivery,Success,8046.46
PAY002632,ORD001025,2025-06-05 08:03:00,UPI,Success,3193.18
PAY002633,ORD002554,2025-06-04 22:40:00,Debit Card,Success,17653.93
PAY002634,ORD000244,2025-06-04 17:03:00,UPI,Success,2439.41
PAY002635,ORD000151,2025-06-05 16:22:00,Net Banking,Pending,6715.79
PAY002636,ORD001425,2025-06-05 06:01:00,UPI,Success,6810.91
PAY002637,ORD000026,2025-06-06 06:30:00,Credit Card,Success,2575.21
PAY002638,ORD001513,2025-06-06 01:36:00,UPI,Success,8661.76
PAY002639,ORD000056,2025-06-05 21:44:00,Debit Card,Refunded,424.0
PAY002640,ORD001809,2025-06-06 09:05:00,Credit Card,Success,30808.34
PAY002641,ORD000536,2025-06-05 20:47:00,Credit Card,Success,68511.28
PAY002642,ORD001848,2025-06-06 17:34:00,UPI,Refunded,33252.75
PAY002643,ORD001999,2025-06-06 19:44:00,Cash on Delivery,Success,2434.79
PAY002644,ORD002600,2025-06-06 02:29:00,UPI,Success,1739.89
PAY002645,ORD000450,2025-06-06 20:53:00,Net Banking,Refunded,9088.31
PAY002646,ORD003035,2025-06-06 18:55:00,Credit Card,Success,913.45
PAY002647,ORD000938,2025-06-07 14:10:00,UPI,Success,64841.52
PAY002648,ORD002237,2025-06-07 14:15:00,Debit Card,Success,1480.12
PAY002649,ORD000710,2025-06-07 10:00:00,UPI,Pending,39557.59
PAY002650,ORD003094,2025-06-07 04:50:00,Debit Card,Success,65495.84
PAY002651,ORD002979,2025-06-07 17:07:00,Debit Card,Success,8577.97
PAY002652,ORD000648,2025-06-07 18:52:00,UPI,Success,6321.7
PAY002653,ORD000887,2025-06-07 08:35:00,UPI,Success,15358.98
PAY002654,ORD000334,2025-06-08 01:20:00,UPI,Pending,33824.92
PAY002655,ORD001398,2025-06-08 02:40:00,UPI,Refunded,16975.93
PAY002656,ORD001415,2025-06-07 18:43:00,UPI,Refunded,3703.94
PAY002657,ORD000437,2025-06-08 06:24:00,UPI,Success,517.47
PAY002658,ORD001502,2025-06-08 09:20:00,Net Banking,Success,2097.95
PAY002659,ORD000129,2025-06-08 16:08:00,UPI,Refunded,30748.14
PAY002660,ORD002440,2025-06-07 19:17:00,UPI,Refunded,5357.55
PAY002661,ORD001483,2025-06-08 11:24:00,Debit Card,Success,9064.45
PAY002662,ORD002630,2025-06-09 14:16:00,Debit Card,Success,6570.58
PAY002663,ORD000494,2025-06-09 11:23:00,UPI,Success,39059.72
PAY002664,ORD001736,2025-06-08 22:26:00,UPI,Pending,9873.06
PAY002665,ORD002545,2025-06-09 06:25:00,UPI,Success,9116.54
PAY002666,ORD000457,2025-06-09 12:07:00,Cash on Delivery,Success,3968.66
PAY002667,ORD001674,2025-06-09 11:42:00,UPI,Success,14512.45
PAY002668,ORD000967,2025-06-09 08:56:00,Debit Card,Success,1766.49
PAY002669,ORD002932,2025-06-09 22:53:00,UPI,Success,16595.41
PAY002670,ORD002781,2025-06-10 03:45:00,Credit Card,Failed,17234.25
PAY002671,ORD000377,2025-06-10 07:45:00,UPI,Refunded,8891.78
PAY002672,ORD001856,2025-06-09 16:01:00,Net Banking,Failed,1531.4
PAY002673,ORD000484,2025-06-10 02:15:00,UPI,Success,2867.74
PAY002674,ORD001690,2025-06-09 15:01:00,Cash on Delivery,Success,11367.98
PAY002675,ORD001643,2025-06-10 17:20:00,Credit Card,Pending,8408.87
PAY002676,ORD000040,2025-06-10 17:45:00,Debit Card,Success,583.74
PAY002677,ORD002919,2025-06-09 17:14:00,UPI,Success,570.84
PAY002678,ORD000396,2025-06-10 19:22:00,Credit Card,Success,1326.08
PAY002679,ORD000713,2025-06-10 18:17:00,UPI,Success,11707.14
PAY002680,ORD002916,2025-06-11 00:03:00,UPI,Success,5925.48
PAY002681,ORD001283,2025-06-11 12:10:00,Net Banking,Success,97895.14
PAY002682,ORD002617,2025-06-11 02:20:00,Debit Card,Success,5827.8
PAY002683,ORD000692,2025-06-11 04:28:00,Cash on Delivery,Refunded,2714.41
PAY002684,ORD003130,2025-06-10 18:51:00,Net Banking,Refunded,1009.19
PAY002685,ORD001686,2025-06-10 15:54:00,Debit Card,Success,6106.66
PAY002686,ORD000156,2025-06-11 02:50:00,Debit Card,Success,20138.72
PAY002687,ORD000694,2025-06-10 19:51:00,Credit Card,Success,320.05
PAY002688,ORD002811,2025-06-11 11:47:00,UPI,Success,5720.9
PAY002689,ORD000866,2025-06-11 10:37:00,Cash on Delivery,Success,7662.91
PAY002690,ORD003163,2025-06-11 23:27:00,Cash on Delivery,Success,2972.46
PAY002691,ORD000429,2025-06-12 06:10:00,Cash on Delivery,Success,22460.59
PAY002692,ORD001537,2025-06-11 15:10:00,Debit Card,Success,2793.23
PAY002693,ORD000759,2025-06-12 07:54:00,Debit Card,Refunded,4443.27
PAY002694,ORD002971,2025-06-12 10:06:00,UPI,Refunded,1434.11
PAY002695,ORD002509,2025-06-13 09:19:00,Cash on Delivery,Success,14588.53
PAY002696,ORD002136,2025-06-12 13:44:00,UPI,Success,816.89
PAY002697,ORD002230,2025-06-12 22:00:00,Credit Card,Success,47223.42
PAY002698,ORD000477,2025-06-13 16:44:00,Net Banking,Refunded,4333.91
PAY002699,ORD000495,2025-06-13 09:29:00,UPI,Success,104.49
PAY002700,ORD000862,2025-06-13 11:02:00,Credit Card,Success,1216.51
PAY002701,ORD001585,2025-06-13 20:56:00,Cash on Delivery,Success,112.1
PAY002702,ORD000196,2025-06-13 22:58:00,Debit Card,Success,1167.68
PAY002703,ORD002035,2025-06-14 22:35:00,UPI,Success,28606.84
PAY002704,ORD001632,2025-06-14 01:17:00,Credit Card,Refunded,6746.95
PAY002705,ORD002411,2025-06-15 00:40:00,UPI,Success,9321.33
PAY002706,ORD000384,2025-06-14 17:30:00,Debit Card,Success,33850.27
PAY002707,ORD003049,2025-06-15 08:33:00,Credit Card,Success,13923.17
PAY002708,ORD000867,2025-06-14 17:38:00,Debit Card,Failed,605.95
PAY002709,ORD000268,2025-06-14 19:53:00,UPI,Success,6142.86
PAY002710,ORD002479,2025-06-15 05:03:00,UPI,Refunded,1208.72
PAY002711,ORD000128,2025-06-14 23:53:00,UPI,Success,6355.9
PAY002712,ORD001064,2025-06-15 15:40:00,Net Banking,Success,2115.19
PAY002713,ORD001018,2025-06-15 02:42:00,Credit Card,Success,14313.85
PAY002714,ORD000344,2025-06-15 11:31:00,UPI,Refunded,164.21
PAY002715,ORD001318,2025-06-15 05:40:00,Credit Card,Success,71456.36
PAY002716,ORD002484,2025-06-16 12:30:00,Credit Card,Success,50074.47
PAY002717,ORD002862,2025-06-16 14:51:00,UPI,Success,20965.28
PAY002718,ORD002615,2025-06-16 08:36:00,Net Banking,Success,8808.02
PAY002719,ORD001235,2025-06-15 21:24:00,Credit Card,Success,2265.56
PAY002720,ORD002333,2025-06-16 03:31:00,UPI,Success,792.56
PAY002721,ORD001642,2025-06-17 07:21:00,UPI,Success,14741.18
PAY002722,ORD001981,2025-06-17 05:47:00,Credit Card,Success,65942.09
PAY002723,ORD001236,2025-06-16 16:31:00,UPI,Success,3189.75
PAY002724,ORD001635,2025-06-17 12:58:00,UPI,Success,19355.82
PAY002725,ORD001621,2025-06-17 13:20:00,Debit Card,Success,36018.58
PAY002726,ORD001972,2025-06-16 23:39:00,UPI,Success,4521.06
PAY002727,ORD002128,2025-06-16 21:01:00,Cash on Delivery,Refunded,1049.74
PAY002728,ORD003162,2025-06-17 15:53:00,UPI,Success,19732.64
PAY002729,ORD000197,2025-06-17 22:02:00,UPI,Success,2392.67
PAY002730,ORD001323,2025-06-17 12:21:00,Net Banking,Success,2257.93
PAY002731,ORD001419,2025-06-16 23:58:00,Net Banking,Success,763.17
PAY002732,ORD002722,2025-06-17 14:22:00,Net Banking,Success,7015.96
PAY002733,ORD001755,2025-06-18 08:44:00,Net Banking,Success,11966.16
PAY002734,ORD000361,2025-06-17 18:56:00,Credit Card,Success,2114.0
PAY002735,ORD001001,2025-06-17 21:28:00,Cash on Delivery,Success,18038.2
PAY002736,ORD003061,2025-06-18 11:07:00,UPI,Failed,36635.64
PAY002737,ORD002973,2025-06-17 18:50:00,Net Banking,Refunded,8213.77
PAY002738,ORD000496,2025-06-17 21:38:00,UPI,Success,4147.19
PAY002739,ORD001757,2025-06-18 03:41:00,Debit Card,Success,11213.13
PAY002740,ORD003101,2025-06-17 20:34:00,UPI,Success,17410.65
PAY002741,ORD000255,2025-06-18 09:31:00,Cash on Delivery,Success,18229.82
PAY002742,ORD002773,2025-06-18 18:35:00,Cash on Delivery,Refunded,134.19
PAY002743,ORD002610,2025-06-19 00:25:00,Cash on Delivery,Success,25457.57
PAY002744,ORD000308,2025-06-19 06:59:00,Net Banking,Success,27883.17
PAY002745,ORD000641,2025-06-20 08:57:00,Net Banking,Success,4898.77
PAY002746,ORD002228,2025-06-20 05:30:00,UPI,Success,634.79
PAY002747,ORD002163,2025-06-19 22:15:00,Debit Card,Success,1906.66
PAY002748,ORD001435,2025-06-20 22:50:00,Cash on Delivery,Failed,3819.9
PAY002749,ORD001086,2025-06-20 23:17:00,Debit Card,Success,48078.67
PAY002750,ORD001555,2025-06-21 00:34:00,Cash on Delivery,Success,10832.89
PAY002751,ORD000311,2025-06-21 12:09:00,Credit Card,Success,4764.26
PAY002752,ORD001944,2025-06-21 05:06:00,Net Banking,Success,3007.19
PAY002753,ORD001518,2025-06-21 14:32:00,UPI,Success,468.75
PAY002754,ORD000935,2025-06-22 00:35:00,UPI,Success,12838.04
PAY002755,ORD000200,2025-06-22 08:17:00,UPI,Success,5312.85
PAY002756,ORD001794,2025-06-22 13:19:00,Cash on Delivery,Success,1993.35
PAY002757,ORD002880,2025-06-22 12:39:00,Debit Card,Success,11693.81
PAY002758,ORD001027,2025-06-22 02:44:00,Credit Card,Failed,10132.74
PAY002759,ORD003038,2025-06-22 01:04:00,Credit Card,Success,1050.82
PAY002760,ORD001154,2025-06-23 03:02:00,Cash on Delivery,Refunded,19799.34
PAY002761,ORD000913,2025-06-23 11:27:00,UPI,Success,2039.78
PAY002762,ORD001927,2025-06-23 06:12:00,UPI,Failed,28682.93
PAY002763,ORD002389,2025-06-23 10:33:00,Credit Card,Success,2198.05
PAY002764,ORD002850,2025-06-23 10:20:00,UPI,Success,32784.03
PAY002765,ORD001707,2025-06-23 03:14:00,Cash on Delivery,Refunded,1862.75
PAY002766,ORD003124,2025-06-23 18:51:00,UPI,Success,21963.28
PAY002767,ORD001852,2025-06-23 17:20:00,Cash on Delivery,Refunded,10812.99
PAY002768,ORD001248,2025-06-23 09:58:00,Credit Card,Refunded,11201.01
PAY002769,ORD000345,2025-06-23 10:11:00,UPI,Success,8404.2
PAY002770,ORD000934,2025-06-24 02:13:00,Debit Card,Success,9543.13
PAY002771,ORD000844,2025-06-23 11:20:00,Net Banking,Success,45842.37
PAY002772,ORD000820,2025-06-24 06:50:00,Credit Card,Success,1787.62
PAY002773,ORD002665,2025-06-24 15:07:00,Debit Card,Success,18407.8
PAY002774,ORD002982,2025-06-24 10:18:00,Credit Card,Success,145.5
PAY002775,ORD003175,2025-06-24 09:30:00,UPI,Success,11210.9
PAY002776,ORD000165,2025-06-24 20:20:00,UPI,Failed,19402.8
PAY002777,ORD002775,2025-06-25 00:29:00,UPI,Success,1534.53
PAY002778,ORD000059,2025-06-24 12:30:00,Cash on Delivery,Success,2258.74
PAY002779,ORD000043,2025-06-24 16:40:00,Net Banking,Success,2880.74
PAY002780,ORD002517,2025-06-24 19:43:00,UPI,Success,3184.77
PAY002781,ORD001866,2025-06-25 00:59:00,UPI,Success,1234.71
PAY002782,ORD002108,2025-06-25 02:48:00,Debit Card,Success,11590.7
PAY002783,ORD000338,2025-06-25 17:37:00,UPI,Success,5342.18
PAY002784,ORD002890,2025-06-24 17:59:00,UPI,Success,1457.81
PAY002785,ORD002289,2025-06-25 07:31:00,UPI,Success,16510.88
PAY002786,ORD000851,2025-06-25 03:53:00,Credit Card,Refunded,4930.33
PAY002787,ORD000907,2025-06-25 08:00:00,UPI,Refunded,2057.65
PAY002788,ORD003123,2025-06-25 13:02:00,Credit Card,Success,1420.69
PAY002789,ORD001212,2025-06-25 13:49:00,Credit Card,Success,11805.49
PAY002790,ORD000302,2025-06-25 15:56:00,Debit Card,Success,22814.73
PAY002791,ORD000270,2025-06-25 16:38:00,Net Banking,Success,2577.52
PAY002792,ORD001147,2025-06-26 12:55:00,Cash on Delivery,Success,30935.96
PAY002793,ORD002439,2025-06-26 16:09:00,UPI,Success,10718.1
PAY002794,ORD000326,2025-06-25 18:36:00,UPI,Success,1789.8
PAY002795,ORD002929,2025-06-26 17:03:00,UPI,Failed,6883.83
PAY002796,ORD001837,2025-06-26 07:50:00,Net Banking,Success,28332.78
PAY002797,ORD001527,2025-06-26 15:33:00,UPI,Success,17962.5
PAY002798,ORD000575,2025-06-27 02:13:00,Debit Card,Success,679.32
PAY002799,ORD000564,2025-06-27 03:57:00,Cash on Delivery,Failed,23917.95
PAY002800,ORD000062,2025-06-26 18:50:00,UPI,Success,6333.57
PAY002801,ORD001217,2025-06-27 06:49:00,UPI,Success,58708.6
PAY002802,ORD001996,2025-06-27 14:00:00,UPI,Success,172050.36
PAY002803,ORD001447,2025-06-27 16:06:00,Credit Card,Success,2661.95
PAY002804,ORD001960,2025-06-27 10:56:00,Credit Card,Refunded,3180.47
PAY002805,ORD002822,2025-06-27 15:42:00,UPI,Refunded,11280.4
PAY002806,ORD002103,2025-06-27 12:38:00,UPI,Success,586.07
PAY002807,ORD002396,2025-06-28 08:25:00,Cash on Delivery,Refunded,2367.29
PAY002808,ORD001646,2025-06-28 09:03:00,UPI,Pending,64525.11
PAY002809,ORD002207,2025-06-28 20:34:00,UPI,Success,5460.99
PAY002810,ORD001880,2025-06-29 14:12:00,UPI,Refunded,3054.45
PAY002811,ORD000683,2025-06-28 18:26:00,UPI,Success,79369.45
PAY002812,ORD001124,2025-06-28 17:31:00,Credit Card,Refunded,2540.88
PAY002813,ORD002965,2025-06-28 18:53:00,UPI,Refunded,8559.33
PAY002814,ORD001802,2025-06-29 05:53:00,UPI,Pending,63055.34
PAY002815,ORD002578,2025-06-28 19:12:00,Credit Card,Success,7043.76
PAY002816,ORD000064,2025-06-29 20:28:00,Credit Card,Success,2123.61
PAY002817,ORD002497,2025-06-29 02:35:00,Cash on Delivery,Refunded,25424.04
PAY002818,ORD003176,2025-06-29 19:45:00,Debit Card,Success,1629.92
PAY002819,ORD001028,2025-06-29 02:35:00,Credit Card,Success,31760.07
PAY002820,ORD002313,2025-06-29 02:47:00,UPI,Success,3727.97
PAY002821,ORD001556,2025-06-30 06:17:00,Cash on Delivery,Success,16093.71
PAY002822,ORD001431,2025-06-29 14:08:00,Credit Card,Success,3267.61
PAY002823,ORD000858,2025-06-30 08:52:00,UPI,Success,32948.65
PAY002824,ORD002701,2025-06-30 08:30:00,Cash on Delivery,Failed,1201.72
PAY002825,ORD003001,2025-06-30 16:24:00,UPI,Success,7866.31
PAY002826,ORD001526,2025-06-30 22:27:00,UPI,Refunded,498.24
PAY002827,ORD002564,2025-06-30 14:27:00,Credit Card,Success,6057.16
PAY002828,ORD002121,2025-06-30 19:58:00,Credit Card,Success,5846.45
PAY002829,ORD003138,2025-06-30 11:03:00,Cash on Delivery,Refunded,2687.22
PAY002830,ORD002161,2025-07-01 07:38:00,Credit Card,Success,22753.22
PAY002831,ORD001577,2025-07-01 04:12:00,Cash on Delivery,Refunded,960.52
PAY002832,ORD000923,2025-07-01 05:27:00,UPI,Success,1918.81
PAY002833,ORD001391,2025-06-30 17:40:00,Credit Card,Success,2674.8
PAY002834,ORD001886,2025-06-30 16:31:00,Cash on Delivery,Success,19333.77
PAY002835,ORD000843,2025-07-01 16:50:00,Credit Card,Success,5773.0
PAY002836,ORD003098,2025-07-01 09:36:00,Debit Card,Success,6006.35
PAY002837,ORD002393,2025-07-01 19:25:00,Debit Card,Success,1899.85
PAY002838,ORD002881,2025-07-01 00:07:00,Debit Card,Refunded,9480.54
PAY002839,ORD002455,2025-07-01 21:17:00,Debit Card,Success,1510.53
PAY002840,ORD001280,2025-07-02 05:18:00,Debit Card,Success,18713.9
PAY002841,ORD002766,2025-07-01 23:22:00,Debit Card,Success,20580.38
PAY002842,ORD000731,2025-07-02 03:59:00,UPI,Success,40842.31
PAY002843,ORD002048,2025-07-03 02:18:00,UPI,Success,29905.1
PAY002844,ORD002790,2025-07-03 10:26:00,Debit Card,Success,3105.9
PAY002845,ORD000486,2025-07-02 15:25:00,UPI,Success,1514.99
PAY002846,ORD000988,2025-07-03 11:33:00,UPI,Failed,1235.75
PAY002847,ORD000249,2025-07-03 19:39:00,UPI,Success,23213.18
PAY002848,ORD001480,2025-07-02 22:31:00,UPI,Success,12796.51
PAY002849,ORD001650,2025-07-03 04:25:00,UPI,Success,67158.37
PAY002850,ORD002356,2025-07-03 19:42:00,Net Banking,Success,10030.52
PAY002851,ORD000301,2025-07-03 17:16:00,Cash on Delivery,Success,1808.78
PAY002852,ORD001717,2025-07-04 14:19:00,UPI,Success,4914.6
PAY002853,ORD002315,2025-07-04 06:42:00,Debit Card,Success,5269.67
PAY002854,ORD001784,2025-07-04 03:16:00,Cash on Delivery,Refunded,2875.53
PAY002855,ORD002819,2025-07-03 22:07:00,Net Banking,Success,5403.34
PAY002856,ORD001109,2025-07-05 09:38:00,Cash on Delivery,Refunded,19427.83
PAY002857,ORD000424,2025-07-04 16:37:00,UPI,Success,20158.48
PAY002858,ORD000982,2025-07-05 02:13:00,UPI,Success,178268.35
PAY002859,ORD000970,2025-07-05 20:40:00,Cash on Delivery,Pending,4188.53
PAY002860,ORD002071,2025-07-05 16:56:00,UPI,Success,2001.98
PAY002861,ORD000552,2025-07-06 00:02:00,Debit Card,Success,32778.7
PAY002862,ORD000489,2025-07-05 19:47:00,Cash on Delivery,Failed,698.81
PAY002863,ORD002731,2025-07-06 15:17:00,UPI,Success,1924.49
PAY002864,ORD001427,2025-07-06 22:38:00,Cash on Delivery,Success,1883.98
PAY002865,ORD001691,2025-07-06 12:47:00,Credit Card,Refunded,3085.35
PAY002866,ORD002817,2025-07-07 00:13:00,UPI,Success,2252.78
PAY002867,ORD003013,2025-07-06 15:11:00,Net Banking,Failed,4595.53
PAY002868,ORD001767,2025-07-06 17:07:00,Credit Card,Pending,1372.21
PAY002869,ORD000596,2025-07-07 18:35:00,Credit Card,Success,1928.81
PAY002870,ORD002292,2025-07-07 07:24:00,Credit Card,Success,92371.05
PAY002871,ORD000174,2025-07-07 12:19:00,Net Banking,Success,4068.05
PAY002872,ORD001314,2025-07-07 14:45:00,Cash on Delivery,Success,216.34
PAY002873,ORD000001,2025-07-07 14:43:00,Net Banking,Success,6341.86
PAY002874,ORD001473,2025-07-08 10:31:00,UPI,Success,8082.24
PAY002875,ORD001161,2025-07-08 20:34:00,Net Banking,Refunded,43039.48
PAY002876,ORD001171,2025-07-09 09:32:00,UPI,Success,2834.91
PAY002877,ORD001623,2025-07-08 22:35:00,Debit Card,Failed,15372.82
PAY002878,ORD002452,2025-07-08 18:38:00,Debit Card,Success,2959.83
PAY002879,ORD002262,2025-07-09 08:10:00,UPI,Success,8875.31
PAY002880,ORD002926,2025-07-09 18:24:00,UPI,Success,4251.93
PAY002881,ORD002483,2025-07-09 19:53:00,Cash on Delivery,Success,38586.41
PAY002882,ORD000306,2025-07-09 22:10:00,UPI,Success,575.17
PAY002883,ORD000818,2025-07-10 07:00:00,UPI,Success,2370.08
PAY002884,ORD000795,2025-07-10 00:36:00,UPI,Success,1424.31
PAY002885,ORD000136,2025-07-10 11:56:00,Debit Card,Success,2264.56
PAY002886,ORD001820,2025-07-10 09:21:00,Credit Card,Success,15961.8
PAY002887,ORD000252,2025-07-10 22:41:00,Credit Card,Success,4213.7
PAY002888,ORD003189,2025-07-11 01:57:00,Credit Card,Failed,1860.13
PAY002889,ORD003064,2025-07-11 13:53:00,Credit Card,Success,2134.19
PAY002890,ORD001012,2025-07-10 21:03:00,Debit Card,Success,5692.51
PAY002891,ORD000203,2025-07-12 02:04:00,Credit Card,Success,504.89
PAY002892,ORD002293,2025-07-12 04:43:00,Debit Card,Success,35562.6
PAY002893,ORD002285,2025-07-12 21:51:00,UPI,Success,37006.47
PAY002894,ORD002446,2025-07-11 23:43:00,Credit Card,Success,18443.65
PAY002895,ORD000532,2025-07-12 22:18:00,UPI,Refunded,2145.54
PAY002896,ORD003047,2025-07-12 16:31:00,Cash on Delivery,Success,30776.85
PAY002897,ORD002340,2025-07-13 00:18:00,Credit Card,Success,5500.44
PAY002898,ORD002631,2025-07-13 11:54:00,Debit Card,Success,6756.97
PAY002899,ORD002111,2025-07-13 12:19:00,UPI,Refunded,395.53
PAY002900,ORD000420,2025-07-13 02:20:00,UPI,Success,22906.72
PAY002901,ORD001364,2025-07-13 12:25:00,Credit Card,Success,5906.39
PAY002902,ORD001815,2025-07-13 12:42:00,UPI,Success,3356.18
PAY002903,ORD001877,2025-07-13 14:04:00,UPI,Refunded,8626.79
PAY002904,ORD002519,2025-07-13 17:51:00,Credit Card,Failed,10515.94
PAY002905,ORD000772,2025-07-14 11:29:00,Credit Card,Refunded,944.99
PAY002906,ORD000067,2025-07-14 16:10:00,Debit Card,Success,19061.2
PAY002907,ORD002105,2025-07-14 05:50:00,Net Banking,Success,22588.13
PAY002908,ORD002386,2025-07-14 19:48:00,Debit Card,Success,931.62
PAY002909,ORD002758,2025-07-15 04:09:00,UPI,Success,3542.71
PAY002910,ORD003181,2025-07-14 23:23:00,Debit Card,Success,938.06
PAY002911,ORD001921,2025-07-15 05:30:00,UPI,Success,3944.78
PAY002912,ORD001491,2025-07-14 23:32:00,UPI,Success,1663.28
PAY002913,ORD000836,2025-07-15 09:50:00,UPI,Success,5971.78
PAY002914,ORD002473,2025-07-15 11:23:00,UPI,Success,3203.4
PAY002915,ORD003057,2025-07-14 22:38:00,UPI,Success,14259.47
PAY002916,ORD002044,2025-07-15 01:29:00,UPI,Success,17278.52
PAY002917,ORD001097,2025-07-15 16:22:00,UPI,Success,8222.2
PAY002918,ORD000425,2025-07-15 02:02:00,Credit Card,Success,3011.8
PAY002919,ORD001913,2025-07-15 19:38:00,Cash on Delivery,Failed,5970.31
PAY002920,ORD001188,2025-07-15 18:33:00,UPI,Success,1209.54
PAY002921,ORD002017,2025-07-15 13:27:00,Cash on Delivery,Failed,8508.82
PAY002922,ORD002767,2025-07-16 12:17:00,Credit Card,Success,62320.01
PAY002923,ORD001321,2025-07-16 11:39:00,Debit Card,Success,8604.59
PAY002924,ORD001619,2025-07-16 09:27:00,Cash on Delivery,Success,284.96
PAY002925,ORD000657,2025-07-16 12:46:00,Cash on Delivery,Success,5078.33
PAY002926,ORD001987,2025-07-17 06:30:00,Debit Card,Refunded,7492.43
PAY002927,ORD001353,2025-07-17 13:14:00,Credit Card,Success,3001.02
PAY002928,ORD002592,2025-07-17 18:53:00,Cash on Delivery,Success,25775.89
PAY002929,ORD001688,2025-07-17 05:40:00,Cash on Delivery,Success,15993.1
PAY002930,ORD002094,2025-07-17 18:42:00,Credit Card,Success,11604.05
PAY002931,ORD003142,2025-07-17 09:55:00,UPI,Success,4836.54
PAY002932,ORD000894,2025-07-18 04:06:00,Debit Card,Failed,25558.04
PAY002933,ORD001457,2025-07-17 20:43:00,Credit Card,Success,2045.23
PAY002934,ORD000115,2025-07-18 11:55:00,Debit Card,Refunded,16184.04
PAY002935,ORD001753,2025-07-17 15:58:00,Credit Card,Success,11012.05
PAY002936,ORD002346,2025-07-17 22:32:00,UPI,Pending,3080.15
PAY002937,ORD002110,2025-07-17 19:54:00,Credit Card,Success,167.4
PAY002938,ORD001258,2025-07-17 17:11:00,Debit Card,Success,10375.77
PAY002939,ORD003074,2025-07-17 17:39:00,Debit Card,Success,67925.14
PAY002940,ORD001911,2025-07-18 20:50:00,Net Banking,Success,42168.53
PAY002941,ORD002737,2025-07-18 04:38:00,Debit Card,Success,51399.32
PAY002942,ORD000957,2025-07-19 04:43:00,UPI,Success,13778.79
PAY002943,ORD002894,2025-07-19 15:54:00,UPI,Success,7442.69
PAY002944,ORD000600,2025-07-19 08:16:00,Debit Card,Success,599.78
PAY002945,ORD002042,2025-07-19 17:16:00,Credit Card,Success,5883.34
PAY002946,ORD000891,2025-07-19 18:13:00,UPI,Success,433.74
PAY002947,ORD000991,2025-07-19 19:33:00,UPI,Success,18160.71
PAY002948,ORD001605,2025-07-20 11:45:00,Cash on Delivery,Success,59.58
PAY002949,ORD000614,2025-07-19 22:21:00,UPI,Success,9443.01
PAY002950,ORD001908,2025-07-19 23:42:00,UPI,Refunded,126.76
PAY002951,ORD002745,2025-07-19 21:54:00,Net Banking,Success,50898.17
PAY002952,ORD002884,2025-07-20 18:48:00,Debit Card,Success,2353.96
PAY002953,ORD002593,2025-07-20 15:39:00,UPI,Success,21909.71
PAY002954,ORD000296,2025-07-21 12:56:00,UPI,Success,21364.81
PAY002955,ORD002463,2025-07-20 23:31:00,UPI,Success,12019.61
PAY002956,ORD002984,2025-07-21 14:47:00,UPI,Success,7601.54
PAY002957,ORD002337,2025-07-21 04:42:00,UPI,Success,585.45
PAY002958,ORD001055,2025-07-21 05:51:00,UPI,Success,6368.16
PAY002959,ORD001679,2025-07-21 15:30:00,UPI,Success,11477.35
PAY002960,ORD002078,2025-07-21 14:48:00,Net Banking,Failed,3725.8
PAY002961,ORD000755,2025-07-21 12:15:00,Credit Card,Success,5471.82
PAY002962,ORD002721,2025-07-21 17:16:00,UPI,Success,1043.32
PAY002963,ORD001562,2025-07-22 12:57:00,Cash on Delivery,Refunded,6602.36
PAY002964,ORD001738,2025-07-22 09:10:00,UPI,Success,31947.49
PAY002965,ORD002371,2025-07-21 23:06:00,Credit Card,Success,86493.4
PAY002966,ORD001374,2025-07-22 14:41:00,UPI,Success,7365.62
PAY002967,ORD003159,2025-07-22 00:30:00,Credit Card,Success,40638.13
PAY002968,ORD000979,2025-07-23 03:02:00,Credit Card,Success,753.62
PAY002969,ORD000523,2025-07-23 15:22:00,Cash on Delivery,Refunded,4262.55
PAY002970,ORD001175,2025-07-23 10:09:00,UPI,Failed,36722.14
PAY002971,ORD003198,2025-07-24 11:21:00,Net Banking,Success,3077.11
PAY002972,ORD000274,2025-07-24 02:37:00,Credit Card,Refunded,2911.09
PAY002973,ORD001268,2025-07-24 12:40:00,UPI,Success,61658.18
PAY002974,ORD002928,2025-07-24 01:24:00,Credit Card,Success,3715.42
PAY002975,ORD000394,2025-07-24 07:46:00,Credit Card,Refunded,2675.14
PAY002976,ORD001418,2025-07-24 02:49:00,UPI,Success,11534.7
PAY002977,ORD000589,2025-07-23 14:25:00,UPI,Refunded,25012.88
PAY002978,ORD001305,2025-07-24 13:09:00,UPI,Refunded,16163.98
PAY002979,ORD002705,2025-07-24 21:15:00,Net Banking,Refunded,3968.72
PAY002980,ORD002234,2025-07-25 11:22:00,Credit Card,Success,2114.28
PAY002981,ORD002955,2025-07-24 12:14:00,UPI,Refunded,15839.38
PAY002982,ORD002449,2025-07-24 23:22:00,Credit Card,Success,2146.3
PAY002983,ORD000815,2025-07-25 10:01:00,UPI,Success,13472.25
PAY002984,ORD001936,2025-07-24 18:11:00,Debit Card,Success,2632.21
PAY002985,ORD001916,2025-07-24 19:30:00,Cash on Delivery,Pending,3357.76
PAY002986,ORD002930,2025-07-24 18:48:00,UPI,Success,5270.22
PAY002987,ORD001091,2025-07-25 23:19:00,Net Banking,Refunded,107598.07
PAY002988,ORD002342,2025-07-25 16:42:00,UPI,Success,5484.0
PAY002989,ORD001501,2025-07-26 07:07:00,UPI,Success,686.67
PAY002990,ORD003048,2025-07-26 06:08:00,Cash on Delivery,Success,12658.48
PAY002991,ORD002058,2025-07-26 13:58:00,UPI,Success,3872.15
PAY002992,ORD003054,2025-07-26 07:33:00,Net Banking,Failed,4928.52
PAY002993,ORD001660,2025-07-25 20:43:00,UPI,Success,4384.3
PAY002994,ORD000811,2025-07-25 22:51:00,Credit Card,Success,25822.03
PAY002995,ORD002087,2025-07-26 05:02:00,Cash on Delivery,Success,6206.88
PAY002996,ORD001574,2025-07-26 19:20:00,Credit Card,Success,4032.2
PAY002997,ORD002084,2025-07-26 18:27:00,UPI,Pending,4343.75
PAY002998,ORD002534,2025-07-26 14:29:00,Cash on Delivery,Success,11124.58
PAY002999,ORD000400,2025-07-26 11:58:00,UPI,Success,3890.69
PAY003000,ORD001861,2025-07-26 21:41:00,Credit Card,Refunded,781.2
PAY003001,ORD001902,2025-07-26 19:54:00,Net Banking,Failed,7301.67
PAY003002,ORD001112,2025-07-26 16:34:00,UPI,Success,849.96
PAY003003,ORD001980,2025-07-27 11:12:00,Cash on Delivery,Refunded,12791.13
PAY003004,ORD000937,2025-07-27 09:37:00,Cash on Delivery,Failed,9704.65
PAY003005,ORD000412,2025-07-27 02:21:00,Debit Card,Refunded,6434.95
PAY003006,ORD001492,2025-07-27 13:37:00,Cash on Delivery,Success,8162.28
PAY003007,ORD001801,2025-07-27 16:57:00,UPI,Success,7914.56
PAY003008,ORD001532,2025-07-27 01:10:00,UPI,Success,11374.83
PAY003009,ORD000663,2025-07-27 07:21:00,UPI,Success,10412.19
PAY003010,ORD002326,2025-07-26 19:32:00,Debit Card,Success,5331.42
PAY003011,ORD000825,2025-07-26 22:00:00,Debit Card,Failed,7354.02
PAY003012,ORD001950,2025-07-26 23:59:00,Debit Card,Success,2679.83
PAY003013,ORD002319,2025-07-28 05:32:00,Debit Card,Success,8411.6
PAY003014,ORD001864,2025-07-27 16:24:00,Cash on Delivery,Success,4573.68
PAY003015,ORD000474,2025-07-27 23:33:00,UPI,Success,41163.87
PAY003016,ORD003012,2025-07-27 19:41:00,UPI,Success,33270.55
PAY003017,ORD002570,2025-07-27 22:42:00,UPI,Refunded,49980.73
PAY003018,ORD000999,2025-07-28 22:49:00,UPI,Refunded,28003.71
PAY003019,ORD000160,2025-07-28 22:33:00,Net Banking,Refunded,25941.99
PAY003020,ORD000282,2025-07-29 13:42:00,Debit Card,Refunded,63924.6
PAY003021,ORD002412,2025-07-28 18:46:00,Debit Card,Success,8758.68
PAY003022,ORD001113,2025-07-29 10:15:00,UPI,Refunded,33286.08
PAY003023,ORD001159,2025-07-29 15:05:00,UPI,Success,17172.43
PAY003024,ORD001390,2025-07-29 08:48:00,Net Banking,Success,16522.92
PAY003025,ORD000791,2025-07-29 18:20:00,Credit Card,Success,5240.94
PAY003026,ORD002949,2025-07-30 08:28:00,UPI,Success,3968.85
PAY003027,ORD000874,2025-07-29 17:13:00,Cash on Delivery,Success,1789.36
PAY003028,ORD002148,2025-07-29 15:28:00,Credit Card,Refunded,24222.6
PAY003029,ORD003008,2025-07-30 02:48:00,Cash on Delivery,Success,120.73
PAY003030,ORD003099,2025-07-29 18:05:00,UPI,Failed,1064.3
PAY003031,ORD001788,2025-07-29 21:08:00,Cash on Delivery,Failed,49531.51
PAY003032,ORD003091,2025-07-30 00:45:00,Cash on Delivery,Pending,1110.9
PAY003033,ORD002546,2025-07-30 17:29:00,Cash on Delivery,Refunded,2252.35
PAY003034,ORD001932,2025-07-30 02:00:00,Credit Card,Refunded,6913.85
PAY003035,ORD002051,2025-07-31 06:11:00,Net Banking,Success,2090.3
PAY003036,ORD003052,2025-07-31 08:44:00,UPI,Success,21762.47
PAY003037,ORD000077,2025-07-31 12:07:00,Net Banking,Success,5219.27
PAY003038,ORD001681,2025-07-30 20:19:00,UPI,Refunded,13155.42
PAY003039,ORD000736,2025-07-31 17:42:00,Credit Card,Success,8858.85
PAY003040,ORD001366,2025-07-31 07:34:00,UPI,Success,7365.35
PAY003041,ORD002160,2025-07-31 15:17:00,Credit Card,Success,24707.01
PAY003042,ORD002152,2025-07-31 18:39:00,UPI,Success,2918.8
PAY003043,ORD001125,2025-07-31 16:13:00,Net Banking,Success,33540.16
PAY003044,ORD000506,2025-08-01 00:48:00,UPI,Success,6776.47
PAY003045,ORD000951,2025-08-01 08:15:00,UPI,Success,58635.75
PAY003046,ORD000403,2025-07-31 22:50:00,Credit Card,Success,21272.02
PAY003047,ORD000102,2025-08-01 07:13:00,UPI,Success,2555.47
PAY003048,ORD001984,2025-07-31 23:58:00,UPI,Success,2446.32
PAY003049,ORD001714,2025-08-01 05:47:00,UPI,Success,41943.92
PAY003050,ORD001580,2025-08-01 05:08:00,Cash on Delivery,Refunded,12690.5
PAY003051,ORD002232,2025-08-01 00:09:00,Net Banking,Success,21007.79
PAY003052,ORD002847,2025-08-01 01:25:00,UPI,Success,35551.52
PAY003053,ORD001189,2025-08-01 00:51:00,UPI,Success,1865.01
PAY003054,ORD002504,2025-08-01 14:04:00,Credit Card,Success,4645.39
PAY003055,ORD000742,2025-08-02 02:03:00,UPI,Success,5208.42
PAY003056,ORD003097,2025-08-01 19:29:00,Debit Card,Success,51917.16
PAY003057,ORD000771,2025-08-02 10:28:00,Net Banking,Success,20333.58
PAY003058,ORD001542,2025-08-01 23:04:00,Credit Card,Success,16593.09
PAY003059,ORD003144,2025-08-02 23:16:00,Debit Card,Success,10812.25
PAY003060,ORD002450,2025-08-02 19:23:00,UPI,Success,160.42
PAY003061,ORD001533,2025-08-03 12:25:00,UPI,Success,2772.72
PAY003062,ORD002769,2025-08-03 14:07:00,UPI,Success,8854.88
PAY003063,ORD002515,2025-08-03 06:50:00,Cash on Delivery,Success,8873.81
PAY003064,ORD002542,2025-08-02 20:03:00,Debit Card,Success,7340.97
PAY003065,ORD001238,2025-08-03 21:01:00,Credit Card,Success,2460.16
PAY003066,ORD001458,2025-08-03 14:18:00,Debit Card,Success,501.09
PAY003067,ORD000034,2025-08-03 16:20:00,Debit Card,Success,5918.6
PAY003068,ORD000852,2025-08-04 10:10:00,UPI,Success,18413.37
PAY003069,ORD000158,2025-08-04 07:46:00,Debit Card,Refunded,5307.9
PAY003070,ORD002978,2025-08-04 09:35:00,Credit Card,Pending,3203.72
PAY003071,ORD002336,2025-08-04 11:34:00,Debit Card,Success,19622.23
PAY003072,ORD003046,2025-08-05 12:43:00,UPI,Success,130109.34
PAY003073,ORD001245,2025-08-04 20:43:00,Credit Card,Failed,31538.84
PAY003074,ORD003180,2025-08-05 15:48:00,UPI,Success,59964.04
PAY003075,ORD000933,2025-08-06 04:21:00,Debit Card,Success,84071.48
PAY003076,ORD000948,2025-08-06 10:59:00,Net Banking,Success,32731.8
PAY003077,ORD000749,2025-08-05 21:15:00,UPI,Success,19251.49
PAY003078,ORD001969,2025-08-06 07:16:00,UPI,Success,1013.65
PAY003079,ORD000488,2025-08-07 10:31:00,Net Banking,Success,5275.53
PAY003080,ORD002837,2025-08-07 15:45:00,Debit Card,Success,28420.37
PAY003081,ORD000732,2025-08-07 23:15:00,UPI,Success,9093.05
PAY003082,ORD002038,2025-08-07 18:13:00,UPI,Success,175160.2
PAY003083,ORD001499,2025-08-09 02:15:00,Cash on Delivery,Failed,2471.13
PAY003084,ORD002682,2025-08-09 10:06:00,Cash on Delivery,Success,6815.03
PAY003085,ORD001859,2025-08-09 06:57:00,Net Banking,Refunded,273.26
PAY003086,ORD002499,2025-08-08 18:41:00,Credit Card,Success,4929.21
PAY003087,ORD000399,2025-08-09 17:16:00,Debit Card,Success,11632.83
PAY003088,ORD002223,2025-08-09 15:59:00,Debit Card,Success,1450.79
PAY003089,ORD003024,2025-08-09 17:18:00,Net Banking,Success,2150.27
PAY003090,ORD001510,2025-08-10 09:27:00,Net Banking,Success,2418.9
PAY003091,ORD002062,2025-08-10 19:42:00,Cash on Delivery,Success,13619.97
PAY003092,ORD001339,2025-08-10 01:29:00,Debit Card,Success,4751.28
PAY003093,ORD002539,2025-08-11 13:32:00,Credit Card,Refunded,1167.58
PAY003094,ORD001408,2025-08-11 05:08:00,UPI,Success,27731.54
PAY003095,ORD002119,2025-08-11 11:23:00,Net Banking,Success,5052.5
PAY003096,ORD000595,2025-08-12 02:00:00,Net Banking,Refunded,3857.34
PAY003097,ORD000980,2025-08-11 18:59:00,UPI,Success,4055.13
PAY003098,ORD000503,2025-08-11 13:16:00,UPI,Refunded,2824.61
PAY003099,ORD001077,2025-08-11 15:13:00,UPI,Pending,5025.15
PAY003100,ORD001904,2025-08-12 04:40:00,UPI,Success,2114.77
PAY003101,ORD001218,2025-08-12 09:06:00,Credit Card,Success,10666.66
PAY003102,ORD001220,2025-08-12 04:16:00,Debit Card,Success,12456.78
PAY003103,ORD001469,2025-08-12 21:51:00,Cash on Delivery,Refunded,98.67
PAY003104,ORD002505,2025-08-11 21:58:00,UPI,Success,16600.68
PAY003105,ORD001186,2025-08-12 13:59:00,Credit Card,Success,52687.96
PAY003106,ORD001405,2025-08-12 06:07:00,Debit Card,Success,1230.01
PAY003107,ORD001769,2025-08-12 22:03:00,Debit Card,Success,10173.62
PAY003108,ORD000318,2025-08-12 19:23:00,Debit Card,Success,4288.08
PAY003109,ORD000206,2025-08-13 02:36:00,UPI,Success,24154.39
PAY003110,ORD000057,2025-08-12 15:25:00,Credit Card,Success,15783.74
PAY003111,ORD001365,2025-08-13 03:59:00,Credit Card,Success,10839.15
PAY003112,ORD001211,2025-08-12 19:49:00,UPI,Success,15255.37
PAY003113,ORD002138,2025-08-12 20:26:00,UPI,Success,102.05
PAY003114,ORD000416,2025-08-13 03:49:00,Credit Card,Success,20359.34
PAY003115,ORD000665,2025-08-13 16:01:00,Debit Card,Success,15883.62
PAY003116,ORD001044,2025-08-14 05:00:00,Cash on Delivery,Success,27014.94
PAY003117,ORD001737,2025-08-13 19:53:00,Debit Card,Success,28113.26
PAY003118,ORD000358,2025-08-13 21:50:00,Credit Card,Success,871.27
PAY003119,ORD000471,2025-08-14 13:30:00,Net Banking,Success,4932.52
PAY003120,ORD000054,2025-08-15 01:06:00,UPI,Success,24841.65
PAY003121,ORD000697,2025-08-15 03:59:00,UPI,Refunded,22919.11
PAY003122,ORD002288,2025-08-15 05:56:00,UPI,Success,88.2
PAY003123,ORD001596,2025-08-15 08:52:00,Debit Card,Success,7249.41
PAY003124,ORD000018,2025-08-15 09:01:00,UPI,Success,24882.04
PAY003125,ORD000317,2025-08-15 15:05:00,UPI,Failed,8064.83
PAY003126,ORD002097,2025-08-16 15:00:00,UPI,Success,848.28
PAY003127,ORD001152,2025-08-16 04:46:00,UPI,Success,95277.1
PAY003128,ORD000530,2025-08-17 03:24:00,UPI,Success,29553.31
PAY003129,ORD000307,2025-08-17 06:12:00,Debit Card,Success,3475.81
PAY003130,ORD001296,2025-08-17 15:26:00,Credit Card,Success,7827.82
PAY003131,ORD000521,2025-08-17 06:47:00,UPI,Success,21734.31
PAY003132,ORD000310,2025-08-17 21:25:00,UPI,Refunded,13981.31
PAY003133,ORD000824,2025-08-17 19:12:00,Credit Card,Success,43037.53
PAY003134,ORD002608,2025-08-17 22:10:00,Cash on Delivery,Refunded,2839.91
PAY003135,ORD001122,2025-08-17 21:04:00,UPI,Refunded,5581.6
PAY003136,ORD001561,2025-08-18 12:19:00,UPI,Refunded,21259.59
PAY003137,ORD002518,2025-08-18 19:05:00,UPI,Refunded,33428.38
PAY003138,ORD002975,2025-08-18 07:09:00,Debit Card,Success,3658.89
PAY003139,ORD003118,2025-08-18 13:30:00,UPI,Success,14045.02
PAY003140,ORD002660,2025-08-18 04:56:00,Cash on Delivery,Refunded,25867.55
PAY003141,ORD001197,2025-08-19 01:33:00,UPI,Success,2377.23
PAY003142,ORD000562,2025-08-19 00:52:00,Credit Card,Success,1585.58
PAY003143,ORD000761,2025-08-18 16:54:00,Debit Card,Refunded,9805.33
PAY003144,ORD002131,2025-08-19 17:42:00,Net Banking,Success,44723.12
PAY003145,ORD000112,2025-08-19 17:18:00,Debit Card,Success,159442.54
PAY003146,ORD002954,2025-08-19 03:17:00,UPI,Success,8714.84
PAY003147,ORD001140,2025-08-20 03:42:00,Credit Card,Success,163.16
PAY003148,ORD000046,2025-08-20 14:37:00,Debit Card,Success,15106.67
PAY003149,ORD001383,2025-08-19 21:55:00,Debit Card,Success,19933.89
PAY003150,ORD003185,2025-08-20 11:45:00,Net Banking,Success,6447.98
PAY003151,ORD002493,2025-08-20 11:14:00,Debit Card,Success,15898.38
PAY003152,ORD002997,2025-08-20 04:35:00,Cash on Delivery,Failed,40287.5
PAY003153,ORD001676,2025-08-20 09:47:00,Cash on Delivery,Refunded,3452.23
PAY003154,ORD000277,2025-08-21 08:37:00,Credit Card,Success,4182.13
PAY003155,ORD001636,2025-08-21 13:43:00,UPI,Success,17171.65
PAY003156,ORD002922,2025-08-21 10:28:00,Cash on Delivery,Failed,5761.04
PAY003157,ORD002904,2025-08-21 04:48:00,Debit Card,Success,10886.88
PAY003158,ORD001758,2025-08-21 07:51:00,Net Banking,Refunded,6879.11
PAY003159,ORD000953,2025-08-21 13:52:00,Debit Card,Success,1065.09
PAY003160,ORD002460,2025-08-22 09:36:00,UPI,Success,5479.55
PAY003161,ORD001300,2025-08-21 21:14:00,UPI,Success,3409.63
PAY003162,ORD002002,2025-08-23 07:36:00,Credit Card,Refunded,138767.24
PAY003163,ORD001617,2025-08-23 18:20:00,Credit Card,Success,2978.62
PAY003164,ORD002338,2025-08-23 17:47:00,Cash on Delivery,Success,16651.15
PAY003165,ORD002912,2025-08-24 15:22:00,UPI,Success,14490.34
PAY003166,ORD002679,2025-08-24 02:29:00,Cash on Delivery,Success,8089.71
PAY003167,ORD000627,2025-08-24 12:25:00,UPI,Success,7123.93
PAY003168,ORD001256,2025-08-24 15:43:00,Cash on Delivery,Refunded,173.19
PAY003169,ORD001711,2025-08-25 04:53:00,Credit Card,Refunded,950.36
PAY003170,ORD002522,2025-08-25 08:59:00,Cash on Delivery,Success,12225.59
PAY003171,ORD001160,2025-08-25 01:42:00,Credit Card,Refunded,1316.37
PAY003172,ORD001475,2025-08-25 23:04:00,Debit Card,Success,10181.25
PAY003173,ORD000741,2025-08-26 05:25:00,Credit Card,Failed,1477.43
PAY003174,ORD000340,2025-08-25 19:37:00,Debit Card,Pending,9742.08
PAY003175,ORD002251,2025-08-25 23:44:00,UPI,Success,14682.97
PAY003176,ORD001698,2025-08-27 01:31:00,UPI,Success,6265.92
PAY003177,ORD001200,2025-08-27 07:33:00,Credit Card,Success,2925.7
PAY003178,ORD000408,2025-08-26 19:26:00,UPI,Success,203.1
PAY003179,ORD000271,2025-08-27 08:00:00,Debit Card,Success,2135.16
PAY003180,ORD002861,2025-08-27 17:47:00,UPI,Success,20407.5
PAY003181,ORD001381,2025-08-27 20:23:00,Credit Card,Success,9808.09
PAY003182,ORD002428,2025-08-28 15:25:00,Cash on Delivery,Success,26378.31
PAY003183,ORD002870,2025-08-28 05:35:00,UPI,Success,10759.58
PAY003184,ORD001867,2025-08-28 20:47:00,UPI,Success,2716.45
PAY003185,ORD000902,2025-08-28 18:02:00,Net Banking,Pending,12363.97
PAY003186,ORD002711,2025-08-28 20:19:00,UPI,Failed,91.09
PAY003187,ORD002235,2025-08-30 06:07:00,Debit Card,Success,1450.37
PAY003188,ORD002696,2025-08-30 16:50:00,Cash on Delivery,Success,35772.61
PAY003189,ORD001194,2025-08-30 17:06:00,Credit Card,Success,12569.63
PAY003190,ORD000629,2025-08-30 13:32:00,UPI,Success,3123.6
PAY003191,ORD000254,2025-08-30 21:45:00,Net Banking,Success,23571.14
PAY003192,ORD001424,2025-08-30 20:04:00,UPI,Success,11853.29
PAY003193,ORD000768,2025-08-30 19:36:00,Credit Card,Refunded,4201.79
PAY003194,ORD001292,2025-08-31 13:08:00,Debit Card,Success,1282.98
PAY003195,ORD000305,2025-08-30 18:41:00,Net Banking,Success,11245.26
PAY003196,ORD000260,2025-08-31 14:14:00,Debit Card,Success,52864.77
PAY003197,ORD001726,2025-08-31 02:42:00,UPI,Success,5088.2
PAY003198,ORD002278,2025-08-30 23:42:00,Cash on Delivery,Refunded,4040.76
PAY003199,ORD003122,2025-08-31 19:10:00,UPI,Success,21423.12
PAY003200,ORD001403,2025-09-01 08:36:00,Credit Card,Success,59936.68
